Record Sequence Number,EQID_Code,EQID,Epicenter Latitude (deg; positive N),Epicenter Longitude (deg; positive E),Hypocenter Depth (km),Magnitude,Station ID,Station Code,SSN,Station Latitude (deg positive N),Station Longitude (deg positive E),FBA,Tn,P*,Cat,Repi_OpenQuake,Rrup_OpenQuake,Rhypo_OpenQuake,Tcorner,Rvolc [km],FBA_RvolcBased,Total,dBe,dWe,dBe Tau Fixed,dWe Tau Fixed,Magbin,R_Bin,Rvolc_Bin,Rvolc[%],dWe_Convert,Cat_Tag,T_0.01_RotD50,T_0.02_RotD50,T_0.03_RotD50,T_0.05_RotD50,T_0.075_RotD50,T_0.1_RotD50,T_0.15_RotD50,T_0.2_RotD50,T_0.25_RotD50,T_0.3_RotD50,T_0.4_RotD50,T_0.5_RotD50,T_0.75_RotD50,T_1.0_RotD50,T_1.5_RotD50,T_2.0_RotD50,T_3.0_RotD50,T_4.0_RotD50,T_5.0_RotD50,T_6.0_RotD50,T_7.5_RotD50,T_10.0_RotD50
73,CO_20080524192044,53,4.374,-73.708,14.6999999999999,5.8671,RNAC_11,CANAP,33,4.5502,-74.5141,0,0.24,2.02542500061549,3,91.48043643,86.62322907,93.55175108,13.55932203389831,0.0,0,-1.022820398018134,-0.0735,-0.9493203980181337,-0.10375249495187,-0.9190679030662636,5.5<= M < 6.0,50<= R < 100,,0.0,0.3870039427506279,s3,0.0048475988419979,0.0048936363730886,0.0049869139388379,0.0055561019796126,0.0100456848807339,0.010680260540265,0.0125900021508664,0.0098132211569826,0.0104979516411824,0.0106305683282364,0.0106689454536187,0.0086770728124362,0.0065968918501529,0.0068032045219164,0.0045552211722731,0.0036730122650356,0.0023436527553516,0.0013404886197757,0.0012589168491335,0.0012611267003058,0.0007583204872579,0.0004092626156982
74,CO_20100729193445,64,3.907,-75.097,33.1,5.0567,RNAC_11,CANAP,33,4.5502,-74.5141,0,0.24,2.02542500061549,3,96.31911539,99.46161614,102.4973694,15.48886737657309,0.0,0,0.7851796019818663,0.5211,0.2640796019818663,0.4637739352885272,0.3214056666933391,5.0<= M < 5.5,50<= R < 100,,0.0,1.302231852411525,s3,0.0110987029663608,0.0113424664831804,0.0121940216717635,0.01878310872579,0.0380073707237512,0.0271817561365953,0.0407156503873598,0.030353100570846,0.0346140959021406,0.0234316020591233,0.0117310288786952,0.0080169034638124,0.0023280055891946,0.0014958779266055,0.0005223032436289,0.0003497624740061,0.0001490783995922,7.792176146788991e-05,5.78931498470948e-05,4.093774006116208e-05,2.302449745158002e-05,1.266980937818552e-05
85,CO_19940913100134,2,7.105,-76.665,14.0,6.0202,RNAC_14,CANSE,35,5.2614,-75.8125,1,0.12,5.82840990676409,2,224.550905,218.534046,225.4856764,3.055651044650701,0.0,0,-0.01887798163772457,0.0025,-0.02137798163772457,-0.1023507729044186,0.083472791266694,6.0<= M < 6.5,200<= R < 250,,0.0,0.9788489077232929,s2,0.0043688363506625,0.0044563005158002,0.0046950703904179,0.0048827506687054,0.005249090393476,0.0074116967624872,0.0069928659429153,0.0094543992426095,0.0100211446004077,0.010944668980632,0.0103327071355759,0.0074462650244648,0.0093849376493374,0.0083990748042813,0.0042372675280326,0.002035716972477,0.0010119935107033,,,,,
89,CO_19961104172500,13,7.364,-77.38,14.0,6.2562,RNAC_14,CANSE,35,5.2614,-75.8125,1,0.12,5.82840990676409,2,294.4568516,284.5258861,295.1688579,1.640184520758585,0.0,0,-0.8478779816377247,0.1477,-0.9955779816377246,-0.1121497366126155,-0.7357282450251091,6.0<= M < 6.5,250<= R < 300,,0.0,0.3695098129255998,s2,0.0016402433649337,0.0016500221794087,0.0016561688634046,0.0017190839480122,0.0019170142385321,0.0027322579164118,0.0030185180387359,0.0032558995035677,0.0050782340540265,0.0048239920428134,0.0034749308328236,0.0028216758868501,0.0025740451039755,0.0011898215891946,0.0004537870774719,,,,,,,
93,CO_20070424085334,47,5.621,-75.895,50.6,5.1307,RNAC_14,CANSE,35,5.2614,-75.8125,0,0.12,5.82840990676409,2,40.74497048,65.20176368,67.84266077,1.823361823361824,0.0,0,2.132322018362276,0.6116,1.520722018362276,0.3734505728446608,1.758871445517615,5.0<= M < 5.5,50<= R < 100,,0.0,4.575527617750927,s2,0.1134424039755351,0.1146914650356778,0.1169620042813455,0.1381020101936799,0.2340324595310907,0.2875115963302752,0.3692091765545361,0.2285510257900102,0.0880895656167176,0.0668660991946992,0.028617435698267,0.0159955608970438,0.0095539815749235,0.0053995389490316,0.0019865572008154,,,,,,,
95,CO_20080524192044,53,4.374,-73.708,14.6999999999999,5.8671,RNAC_14,CANSE,35,5.2614,-75.8125,1,0.12,5.82840990676409,2,253.2082568,247.4022108,254.0694277,1.6,32.8300660074939,1,-1.043177981637724,-0.0735,-0.9696779816377246,-0.10375249495187,-0.9394254866858545,5.5<= M < 6.0,200<= R < 250,25.0,12.96563801765168,0.3792051294592695,s2,0.0008481658685015,0.0008657252313965,0.0008521479745158,0.0008700573904179,0.0009255988990825,0.0009244087747196,0.0013215750774719,0.0010708319908256,0.0013742618083588,0.001862190335372,0.0017418947410805,0.0020302236432212,0.0021498509347604,0.00215154853211,0.0013067206238532,,,,,,,
101,CO_20140105033638,84,4.609,-76.6867,32.7999999999999,5.5045,RNAC_14,CANSE,35,5.2614,-75.8125,0,0.12,5.82840990676409,2,120.8881326,122.0819526,126.5671978,1.6,0.0,0,-0.3575779816377246,-0.1887,-0.1688779816377246,-0.3002000301742843,-0.05737795146344027,5.5<= M < 6.0,100<= R < 150,,0.0,0.8446119552663355,s2,0.0048431364362895,0.0049936977094801,0.0053007907380224,0.0068314188409785,0.0147149238634046,0.0213531517635066,0.0107760125280326,0.0099056447828746,0.0072497038583078,0.0052551948277268,0.0039560424362895,0.0037820206503567,0.0020468017247706,0.0006611507961264,0.0004596796962283,,,,,,,
105,CO_19990125181918,20,4.445,-75.659,17.0,6.1355,RNAC_22,CARBE,38,4.2505,-74.4338,1,0.24,1.73004010956933,3,137.8327052,130.1666088,139.9136297,4.726735598227473,23.5125870089474,1,-0.2119005806812277,-0.0419,-0.1700005806812277,-0.0906508326576597,-0.121249748023568,6.0<= M < 6.5,100<= R < 150,0.0,17.05878657378873,0.8436643266962045,s3,0.0068906988430173,0.0069123499816513,0.006951194285423,0.0071319451437308,0.0077997216371049,0.0091872798399592,0.0121661510193679,0.0161266659836901,0.0224038715494393,0.018517188756371,0.0190155059429153,0.0147393804383282,0.0105595401630988,0.0094843715229357,0.0065886948807339,0.0051548058358817,0.0041946628501529,0.0019804729439347,,,,
107,CO_20080524192044,53,4.374,-73.708,14.6999999999999,5.8671,RNAC_22,CARBE,38,4.2505,-74.4338,0,0.24,1.73004010956933,3,81.60760989,77.78158431,84.14402537,7.948335817188276,0.0,0,-0.8630005806812278,-0.0735,-0.7895005806812277,-0.10375249495187,-0.7592480857293578,5.5<= M < 6.0,50<= R < 100,,0.0,0.4540715107491738,s3,0.0058781367013251,0.0059043268970438,0.0060522906136595,0.006284228914373,0.0070851825412844,0.0091513968501529,0.0116891856269113,0.0139441493272171,0.0142474212028542,0.0221605632313965,0.0151639528236493,0.0116988513455657,0.0072348922334352,0.0051266008246687,0.0038426798307849,0.0032314881977573,0.0026851929561671,0.0013120103649337,0.0010823509490316,0.0009205059092762,0.0005075896340468,
109,CO_20100729193445,64,3.907,-75.097,33.1,5.0567,RNAC_22,CARBE,38,4.2505,-74.4338,0,0.24,1.73004010956933,3,82.45994231,87.49200189,89.96565194,29.46593001841621,0.0,0,-0.002000580681227659,0.5211,-0.5231005806812277,0.4637739352885272,-0.4657745159697548,5.0<= M < 5.5,50<= R < 100,,0.0,0.5926800438348371,s3,0.0055474652864424,0.0056631201641182,0.0059283097573904,0.0071740816972477,0.0092680734576962,0.0118032401223241,0.0139088871559633,0.0106313121304791,0.0170049222528032,0.0169861988175331,0.0095036745667686,0.0099893446992864,0.0029832355626911,0.0011306582477064,0.0004840028511722,0.0002635000377166,0.0001134466799184,6.808173088685016e-05,4.275789500509684e-05,3.189105912334353e-05,1.820278389398573e-05,9.297522935779815e-06
117,CO_19990125181918,20,4.445,-75.659,17.0,6.1355,RNAC_4,ARMEC,24,4.5561,-75.6604,0,0.5,5.46994864512126,4,14.18140061,21.97096204,27.95510478,1.6,0.0,0,1.161307180108204,-0.0419,1.203207180108204,-0.0906508326576597,1.251958012765864,6.0<= M < 6.5,0<= R < 50,,0.0,3.330782229325684,s4,0.530861860958206,0.5506652546381243,0.5944480790010194,0.8544467373088686,1.250446018348624,0.9561950896024464,1.224778037716616,1.167183903160041,1.613914784913353,1.121629281345565,1.113038403669725,1.292294620795107,0.5147472836901121,0.2306249740061162,0.1042432940876656,,,,,,,
119,CO_20080524192044,53,4.374,-73.708,14.6999999999999,5.8671,RNAC_4,ARMEC,24,4.5561,-75.6604,1,0.5,5.46994864512126,4,217.3692824,211.7495102,218.3388945,1.6,28.36559951977469,1,0.5297071801082044,-0.0735,0.6032071801082044,-0.10375249495187,0.6334596750600744,5.5<= M < 6.0,200<= R < 250,25.0,13.04949770574147,1.827972044749137,s4,0.0097625698899082,0.0098414332293577,0.0099730781253822,0.0104427002242609,0.0120243805300713,0.0213878386442405,0.0259986639245667,0.0306381559633027,0.0163064030479102,0.0201678722528032,0.0318871804281345,0.0327868916717635,0.012674783883792,0.0050939611314984,0.0023859067665647,,,,,,,
122,CO_20100729193445,64,3.907,-75.097,33.1,5.0567,RNAC_4,ARMEC,24,4.5561,-75.6604,1,0.5,5.46994864512126,4,96.43156991,100.8559449,102.9408766,1.814840861141989,0.0,0,1.196107180108204,0.5211,0.6750071801082045,0.4637739352885272,0.7323332448196772,5.0<= M < 5.5,100<= R < 150,,0.0,1.964047077989759,s4,0.0318420849745158,0.0325849068399592,0.0335589288073394,0.0387447763710499,0.0600243904485219,0.1154002726809378,0.0881399895107033,0.0757228072069317,0.0369576892456676,0.0384349114576962,0.0469598273904179,0.0339844792048929,0.0080266521070336,0.0029822464281345,0.0013322654638124,,,,,,,
124,CO_20140105033638,84,4.609,-76.6867,32.7999999999999,5.5045,RNAC_4,ARMEC,24,4.5561,-75.6604,0,0.5,5.46994864512126,4,113.6461947,117.0213627,119.5611835,18.39418743676998,0.0,0,0.8253071801082045,-0.1887,1.014007180108204,-0.3002000301742843,1.125507210282489,5.5<= M < 6.0,100<= R < 150,,0.0,2.756625205997026,s4,0.0295457813761467,0.0299871516921508,0.0301114151783894,0.0318656486340468,0.0375204145565749,0.0494307076758409,0.0657870715086646,0.0542600618042813,0.0343108327624872,0.0503591480020387,0.0746204745667686,0.1060826655453618,0.0280805827828746,0.0091895896574923,0.003759050235474,0.0019937767981651,0.0007829388093781,0.0004397855953109,0.0002619968165137,0.000177324061162,0.0001172166931702,6.766007339449541e-05
125,CO_20140109125017,85,3.017,-75.9317,15.3999999999999,5.0104,RNAC_4,ARMEC,24,4.5561,-75.6604,1,0.5,5.46994864512126,4,173.8886754,172.1463529,174.874761,13.01871440195281,0.5430597422611801,1,0.5748071801082044,0.21,0.3648071801082045,0.209970453577446,0.3648367265307584,5.0<= M < 5.5,150<= R < 200,0.0,0.3123031106033602,1.440236275171118,s4,0.0055151287186544,0.0060712566850152,0.0063626347471967,0.0065224861060142,0.0084716996636085,0.0169445385728848,0.0149683774617737,0.0121299035168195,0.0076126286350662,0.0094106224882772,0.0101459502232415,0.0198299946585117,0.0038914800142711,0.0016971015616717,0.0008270572629969,0.0003676630142711,0.0001196885045871,6.673426707441386e-05,3.935856065239551e-05,2.786743425076453e-05,1.923199184505606e-05,1.015719571865443e-05
159,CO_19990125181918,20,4.445,-75.659,17.0,6.1355,RNAC_37,CBETA,45,2.7058,-75.4352,1,0.44,1.52468916401661,1,193.2439898,190.4682043,194.6188058,1.773835920177384,0.0,0,0.5089260961859774,-0.0419,0.5508260961859774,-0.0906508326576597,0.5995769288436371,6.0<= M < 6.5,150<= R < 200,,0.0,1.734685443153861,s1,0.0061898957777777,0.0062267762803261,0.006277416266055,0.0066390062538226,0.0070092196707441,0.0083028196146789,0.0105763696228338,0.0136741972986748,0.019875414933741,0.012684557991845,0.0151327929459734,0.0137775086340468,0.0088996025484199,0.00916666608053,0.0029532728786952,,,,,,,
164,CO_20100729193445,64,3.907,-75.097,33.1,5.0567,RNAC_252,MAL,196,4.01,-77.3318,1,0.22,1.97108042447752,3,248.9910105,248.3934175,251.3806025,2.201188641866608,0.0,0,-0.5858328259918039,0.5211,-1.106932825991804,0.4637739352885272,-1.049606761280331,5.0<= M < 5.5,200<= R < 250,,0.0,0.3305713275131218,s3,0.0005189996636085,0.0005300525280326,0.0007259030907237,0.000532578687054,0.0005540671467889,0.0006148928705402,0.0009413787522935,0.0012161392956167,0.0016509226024464,0.0013139630682976,0.0013606831794087,0.0011921544831804,0.0003754603078491,0.0002569535198776,0.0002408658848114,0.0001101439816513,,,,,,
168,CO_20140105033638,84,4.609,-76.6867,32.7999999999999,5.5045,RNAC_252,MAL,196,4.01,-77.3318,0,0.22,1.97108042447752,3,97.82406054,99.29520587,104.1328303,7.75945683802134,0.0,0,-0.6387328259918039,-0.1887,-0.4500328259918039,-0.3002000301742843,-0.3385327958175196,5.5<= M < 6.0,50<= R < 100,,0.0,0.6376072211888272,s3,0.004418554169215,0.0044880312028542,0.0045132161600407,0.0046753178134556,0.0049345736941896,0.0064252014841997,0.0098460947288481,0.0107930560448521,0.0111473027930682,0.0108374302548419,0.0128455241794087,0.0052046272935779,0.0045184879785932,0.0021727592293577,0.0007010049673802,0.0004919402793068,0.0002550568776758,0.0001485830958205,9.911375637104996e-05,5.115774413863405e-05,3.29782874617737e-05,
169,CO_20140109125017,85,3.017,-75.9317,15.3999999999999,5.0104,RNAC_252,MAL,196,4.01,-77.3318,1,0.22,1.97108042447752,3,190.8455397,190.7329716,191.6099943,1.6,8.20214806479168,1,-0.964732825991804,0.21,-1.174732825991804,0.209970453577446,-1.17470327956925,5.0<= M < 5.5,150<= R < 200,0.0,4.29779395299731,0.3089014991156624,s3,0.0004706703119266,0.000494008393476,0.0004824843251783,0.0004820020815494,0.0005176333853211,0.0005480628909276,0.0008350125412844,0.0011906068572884,0.001917076814475,0.0012258361467889,0.0013248269663608,0.0008710699347604,0.0006375463170234,0.0004385503965341,0.0002847707043832,,,,,,,
185,CO_19990125181918,20,4.445,-75.659,17.0,6.1355,RNAC_38,CBOCA,46,4.7817,-75.6455,0,0.22,2.0570102921407,3,39.31492888,40.67992609,46.09384944,4.40771349862259,0.0,0,0.4478219898548215,-0.0419,0.4897219898548215,-0.0906508326576597,0.5384728225124812,6.0<= M < 6.5,0<= R < 50,,0.0,1.631862482560814,s3,0.0710577858002038,0.0715466065239551,0.073096486687054,0.0837544193374108,0.1190622777777777,0.1508965416921508,0.1267921547400611,0.1956256699286442,0.1986570022426095,0.2007641173292558,0.1401724799184505,0.0753057577268093,0.0699405568909276,0.0579833770642201,0.0306180457696228,0.0183110878185524,0.0061851241039755,0.0038304848848114,,,,
187,CO_20140105033638,84,4.609,-76.6867,32.7999999999999,5.5045,RNAC_38,CBOCA,46,4.7817,-75.6455,0,0.22,2.0570102921407,3,116.7490563,119.2361831,122.5055422,1.6,0.0,0,-1.276278010145178,-0.1887,-1.087578010145178,-0.3002000301742843,-0.9760779799708942,5.5<= M < 6.0,100<= R < 150,,0.0,0.3370317935689641,s3,0.0018232954862385,0.0018373859541284,0.0018608119969418,0.0019610847859327,0.002490921362895,0.0034651811009174,0.0044604874740061,0.0044013761783893,0.0051312715290519,0.0047968667329255,0.0039316453771661,0.0030452116472986,0.0035002873323139,0.0009116924566768,0.0004951162191641,,,,,,,
188,CO_20140109125017,85,3.017,-75.9317,15.3999999999999,5.0104,RNAC_38,CBOCA,46,4.7817,-75.6455,1,0.22,2.0570102921407,3,198.9017746,197.0378324,199.7617376,15.48886737657309,0.5489473889449564,1,-1.263378010145178,0.21,-1.473378010145178,0.209970453577446,-1.473348463722624,5.0<= M < 5.5,150<= R < 200,0.0,0.2759891861442228,0.2291501049236444,s3,0.0003519280366972,0.0003705874882772,0.0003814969714576,0.0004196579051987,0.0006250716279306,0.000747753501529,0.0010141196697247,0.0011212031865443,0.0008197345280326,0.0006769889245667,0.0006494276330275,0.0006205814444444,0.0003489169317023,0.0003462433781855,0.0001441043853211,0.0001154378878695,3.033522018348624e-05,2.242253618756371e-05,1.211367889908257e-05,8.19569724770642e-06,7.527192660550458e-06,5.810382262996942e-06
189,CO_19940606204742,1,2.91,-75.978,12.0,6.7765,RNAC_7,BOG,32,4.641,-74.08,0,1.3,3.00465025008449,5,286.3930455,269.2769609,287.6128833,2.205071664829107,11.16381950530845,1,0.8018520403721631,0.5582,0.243652040372163,0.2451238604848695,0.5567281798872936,,250<= R < 300,0.0,3.898076325777418,1.275900291449535,s5,0.0200626717940876,0.0202045065545361,0.0207565171049949,0.0203835153516819,0.0204357727828746,0.0202552769317023,0.0203083103261977,0.0212819246585117,0.0223011853211009,0.0223384844342507,0.0302579169011213,0.0395243469215086,0.0621930049847094,0.0505301972477064,0.0507698381243629,0.0590320227319062,,,,,,
190,CO_19950119150505,4,5.046,-72.939,17.0,6.4996,RNAC_7,BOG,32,4.641,-74.08,0,1.3,3.00465025008449,5,138.2979423,125.1800616,140.4291506,1.6,0.0,0,0.8803520403721631,0.2872,0.5931520403721631,0.07860341409672267,0.8017486262754404,6.0<= M < 6.5,100<= R < 150,,0.0,1.809683630773168,s5,0.0516172113251783,0.0517070281141692,0.0520088383690112,0.0523457712538226,0.0522286109989806,0.0527502807441386,0.0545824702956167,0.0554529707237512,0.0545054592864424,0.0672240069113149,0.0869165039857288,0.0964551786646279,0.1317653108053007,0.1258256507645259,0.154414121304791,,,,,,,
195,CO_19990125181918,20,4.445,-75.659,17.0,6.1355,RNAC_7,BOG,32,4.641,-74.08,1,1.3,3.00465025008449,5,177.1648945,169.4691565,178.9364775,1.6,29.91788095357562,1,-0.277347959627837,-0.0419,-0.235447959627837,-0.0906508326576597,-0.1866971269701773,6.0<= M < 6.5,150<= R < 200,25.0,16.88702552388313,0.7902167851143819,s5,0.0056352811600407,0.0056416480723751,0.0057202633374108,0.0060316655056065,0.0067081786615698,0.0066050042986748,0.0061282725565749,0.0062148652364933,0.0065543437441386,0.0074613448481141,0.0093722164383282,0.0114847480020387,0.0130617436799184,0.0172842453618756,0.0131507630479102,,,,,,,
197,CO_20000117122008,23,6.721,-71.998,43.3,5.5532,RNAC_7,BOG,32,4.641,-74.08,0,1.3,3.00465025008449,5,323.9220014,324.219615,327.3397894,2.549394518801784,0.0,0,-0.170447959627837,-0.3964,0.225952040372163,-0.3342649656357777,0.1638170060079407,5.5<= M < 6.0,,,0.0,1.253515545697483,s5,0.0012003131111111,0.0012504915749235,0.0013107277686034,0.0016657547635066,0.0030541620540265,0.002065580169215,0.0012502330428134,0.0010382044638124,0.0012335603720693,0.0011976048909276,0.0012826196911314,0.001520347343527,0.002434029687054,0.0020738159449541,0.0018432014607543,0.0028389886656472,,,,,,
203,CO_20080524192044,53,4.374,-73.708,14.6999999999999,5.8671,RNAC_7,BOG,32,4.641,-74.08,0,1.3,3.00465025008449,5,50.83772794,48.24316794,55.22836256,2.065582235992771,0.0,0,-0.03434795962783697,-0.0735,0.03915204037216302,-0.10375249495187,0.069404535324033,5.5<= M < 6.0,0<= R < 50,,0.0,1.039928582759875,s5,0.0326279957696228,0.0326491452293578,0.0326742009072375,0.0327517976248725,0.0346680192456676,0.0364693849541284,0.0359366578899082,0.0434794653516819,0.0438066721916411,0.0520855960040774,0.0635237712742099,0.0736818008868501,0.0692053053720693,0.0769763605504587,0.0755223198980632,0.0980697981141692,,,,,,
209,CO_20140105033638,84,4.609,-76.6867,32.7999999999999,5.5045,RNAC_7,BOG,32,4.641,-74.08,1,1.3,3.00465025008449,5,288.6785982,288.373296,291.1906886,1.6,33.09143668983466,1,-0.679747959627837,-0.1887,-0.491047959627837,-0.3002000301742843,-0.3795479294535526,5.5<= M < 6.0,250<= R < 300,25.0,11.46307239129259,0.6119847227379732,s5,0.0006648470285423,0.0007096575759429,0.0006504990754332,0.0010616714984709,0.0011525982099898,0.0008449805443425,0.0006280098236493,0.0007357591060142,0.0007026837349643,0.0008322648807339,0.0014135719989806,0.0014300010336391,0.0023873766615698,0.0014265690122324,0.001079816678899,,,,,,,
210,CO_20140109125017,85,3.017,-75.9317,15.3999999999999,5.0104,RNAC_7,BOG,32,4.641,-74.08,0,1.3,3.00465025008449,5,273.4961703,271.1243297,274.1955004,1.942690626517727,0.4290681643656087,1,0.983452040372163,0.21,0.7734520403721631,0.209970453577446,0.773481586794717,5.0<= M < 5.5,250<= R < 300,0.0,0.1568826956132368,2.167234737424371,s5,0.002030647706422,0.0020866596330275,0.0020826273486238,0.0023243805351681,0.0022054234505606,0.002270822745158,0.0022687009317023,0.0031160879245667,0.0042800694352701,0.0045322764454638,0.0088355874607543,0.0071447559633027,0.00472351508053,0.0040593372497451,0.0025932605392456,,,,,,,
211,CO_20140217094136,87,6.5355,-71.7051,41.1,5.3235,RNAC_7,BOG,32,4.641,-74.08,0,1.3,3.00465025008449,5,334.9456852,336.0615296,337.9550925,3.262642740619902,0.0,0,0.04275204037216304,0.2625,-0.219747959627837,-0.004158254861956217,0.04691029523411926,5.0<= M < 5.5,,,0.0,0.8027210905908686,s5,0.0009523797767584,0.0023808508807339,0.0008877867217125,0.0009929440846075,0.0011186846544342,0.0010687374964322,0.0011608408919469,0.0013398450265035,0.0015996184260958,0.001704715667686,0.0029745914556574,0.0013980220978593,0.0011577945688073,0.0013479870489296,0.0011586963465851,0.0013431897645259,0.0004428791814475,,,,,
232,CO_19961104172500,13,7.364,-77.38,14.0,6.2562,RNAC_322,SOL,235,6.2236,-77.4054,1,0.58,2.57307893177713,4,127.507655,118.2244837,128.8635606,2.169315038776506,0.0,0,-0.5932950856642403,0.1477,-0.7409950856642402,-0.1121497366126155,-0.4811453490516248,6.0<= M < 6.5,100<= R < 150,,0.0,0.4766393824431781,s4,0.0089846320468909,0.0092425775626911,0.0093361011427115,0.0091731269459734,0.0091640050489296,0.0094501969215086,0.011835463883792,0.0126201338226299,0.0185148192150866,0.0235598922833843,0.0249819671661569,0.0281297612742099,0.0193447647910295,0.0173634726503567,0.0071748760163098,0.0029064159673802,,,,,,
242,CO_20130825233555,82,7.644,-74.999,24.6999999999999,4.8747,RNAC_322,SOL,235,6.2236,-77.4054,1,0.58,2.57307893177713,4,308.4917191,308.579352,309.587239,9.580838323353293,0.0,0,-1.12819508566424,-0.0116,-1.11659508566424,-0.3128799031506486,-0.8153151825135916,4.5<= M < 5.0,,,0.0,0.3273926428745579,s4,0.0001574356799184,0.0001841368195718,0.0001559422803261,0.0002406814342507,0.000268125687054,0.0001603427991845,0.0001288083149847,0.0001415809745158,0.0001571922905198,0.0001657881834862,0.0002830303109072,0.0004422453567787,0.0003724842823649,0.0002596701345565,0.0001007647298674,4.618367889908256e-05,1.681649949031601e-05,7.50723241590214e-06,4.187078491335373e-06,4.610655453618757e-06,3.470479102956167e-06,
243,CO_20140105033638,84,4.609,-76.6867,32.7999999999999,5.5045,RNAC_322,SOL,235,6.2236,-77.4054,0,0.58,2.57307893177713,4,196.6087137,196.301949,199.8133537,1.6,0.0,0,-1.74509508566424,-0.1887,-1.55639508566424,-0.3002000301742843,-1.444895055489956,5.5<= M < 6.0,150<= R < 200,,0.0,0.2108949607804193,s4,0.0005705631488277,0.0005961807716615,0.0005499052884811,0.0006959091712538,0.0006447747808358,0.0007221317023445,0.0008277752140672,0.0009586637288481,0.0012764978103975,0.0016919927308868,0.0014966054424057,0.0017465228786952,0.0011598668032619,0.0008175261355759,0.0003100594729867,,,,,,,
250,CO_20141128043623,95,8.7436,-77.4611,51.4,5.0937,RNAC_322,SOL,235,6.2236,-77.4054,1,0.58,2.57307893177713,4,280.0986715,283.2948994,285.1087484,8.146639511201629,0.0,0,-1.42259508566424,-0.171,-1.25159508566424,-0.4341867591129447,-0.9884083265512955,5.0<= M < 5.5,250<= R < 300,,0.0,0.2860481614490994,s4,0.0002457794607543,0.0002538898491335,0.0002476419949031,0.0002425478542303,0.0002496605280326,0.000255947609582,0.0003389729082568,0.0003778629051987,0.0005364939816513,0.0006004769877675,0.0005973600397553,0.0009520137471967,0.0006174808236493,0.0004979004831804,0.0001983484617737,0.0001110390040774,3.586445361875637e-05,2.045599388379205e-05,1.313758409785933e-05,7.876935779816514e-06,4.778391437308868e-06,
258,CO_20150729001025,105,8.23,-77.32,12.0,5.9287,RNAC_322,SOL,235,6.2236,-77.4054,1,0.58,2.57307893177713,4,225.1486118,221.3991779,225.733535,1.82907311719786,0.0,0,-0.5959950856642402,-0.0974,-0.4985950856642402,-0.2346926396346229,-0.3613024460296173,5.5<= M < 6.0,200<= R < 250,,0.0,0.607383382192302,s4,0.0021789052069317,0.0022251801834862,0.002197809570846,0.002218085424057,0.002199002775739,0.002277606745158,0.0025105009215086,0.0026330034984709,0.0032749234057084,0.004005101895005,0.0064082856269113,0.0073507565290519,0.0051811891427115,0.0052463282691131,0.0032829136758409,,,,,,,
259,CO_20151012043541,107,7.54,-77.48,10.0,4.9386,RNAC_322,SOL,235,6.2236,-77.4054,1,0.58,2.57307893177713,4,146.8814752,144.8032353,147.2706292,2.298190175237001,0.0,0,-0.04659508566424023,0.1429,-0.1894950856642402,-0.04871344236181768,0.002118356697577449,4.5<= M < 5.0,100<= R < 150,,0.0,0.8273767828947763,s4,0.0021312474250764,0.002137472030581,0.0021500583333333,0.0021822303109072,0.0023553947522935,0.0025375830234454,0.0029831830978593,0.0034826224587155,0.005014969374108,0.0074788596360856,0.0092378616941896,0.0080161589520897,0.0042512322517838,0.0026356903904179,0.0007749721946992,0.0003645079898063,,,,,,
261,CO_20151229025406,110,6.86,-76.7,5.69999999999999,5.0933,RNAC_322,SOL,235,6.2236,-77.4054,1,0.58,2.57307893177713,4,105.8736871,103.5720052,106.1241369,1.6,0.0,0,-0.5511950856642404,-0.0449,-0.5062950856642403,-0.2916980704409847,-0.2594970152232556,5.0<= M < 5.5,100<= R < 150,,0.0,0.6027244899035207,s4,0.0026505687247706,0.0026608249816513,0.0026747712915392,0.0027293195107033,0.003077717706422,0.0035872054199796,0.004751841404689,0.0054341149082568,0.0069826054159021,0.0090955237359836,0.0093600339398572,0.008426258011213,0.0050757367849133,0.0022189889113149,0.000614654980632,,,,,,,
269,CO_20000117122008,23,6.721,-71.998,43.3,5.5532,RNAC_43,CBUC1,50,7.072,-73.074,0,0.18,3.24960540341275,2,123.1397389,127.7067029,131.3301483,2.44081034903588,0.0,0,-1.554073062074546,-0.3964,-1.157673062074546,-0.3342649656357777,-1.219808096438769,5.5<= M < 6.0,100<= R < 150,,0.0,0.3142164931321106,s2,0.0012975479500509,0.0015981789867482,0.0015304606452599,0.0013474896931702,0.001717384,0.0020149775361875,0.003725685470948,0.0035726764872579,0.0029477321070336,0.0022029676615698,0.0013200822038735,0.001289407933741,0.0011222126890927,0.000633028775739,0.0004503254882772,0.0003038732864424,,,,,,
273,CO_20070620190407,49,7.117,-72.221,24.3,5.1923,RNAC_43,CBUC1,50,7.072,-73.074,0,0.18,3.24960540341275,2,93.53076909,94.2726881,97.26142672,14.14677276746242,0.0,0,-0.1521730620745463,-0.0435,-0.1086730620745463,-0.1041558861771998,-0.04801717589734647,5.0<= M < 5.5,50<= R < 100,,0.0,0.8970236406108898,s2,0.0046965886279306,0.004843053374108,0.0051677452334352,0.0065294484536187,0.0074059848093781,0.0088531703465851,0.0191426433231396,0.0108666609378185,0.006481786980632,0.0049519455433231,0.0028675202191641,0.0032019920479102,0.0024805040815494,0.0015051473302752,0.0007422507268093,0.0003655182701325,0.0001646557400611,7.123597145769623e-05,4.960642405708461e-05,3.748512640163099e-05,2.015345769622833e-05,1.82517869520897e-05
274,CO_20070716225823,50,7.16,-72.177,30.5999999999999,5.2141,RNAC_43,CBUC1,50,7.072,-73.074,0,0.18,3.24960540341275,2,98.40294006,100.7388292,103.6712115,1.6,0.0,0,-0.4777730620745463,-0.0746,-0.4031730620745463,-0.2149248088298886,-0.2628482532446577,5.0<= M < 5.5,100<= R < 150,,0.0,0.6681964498527643,s2,0.0033047020672782,0.0033570916666666,0.0033848327889908,0.0041356616238532,0.0050614415412844,0.008634915786952,0.0128999158511722,0.0065354592782874,0.0071185944209989,0.0048443315993883,0.0027098604831804,0.0018660374974515,0.0009149719378185,0.000700149227319,0.0002892499836901,,,,,,,
276,CO_20080524192044,53,4.374,-73.708,14.6999999999999,5.8671,RNAC_43,CBUC1,50,7.072,-73.074,0,0.18,3.24960540341275,2,308.1688712,307.8914142,308.8206875,1.803223261580075,0.0,0,-0.6038730620745463,-0.0735,-0.5303730620745463,-0.10375249495187,-0.5001205671226763,5.5<= M < 6.0,,,0.0,0.5883854244418257,s2,0.0008337701100917,0.0008360863588175,0.0008435349745158,0.0008606288297655,0.0008761152986748,0.0009494051630988,0.0014084894689092,0.0019659557991845,0.0020692122895005,0.0020612911651376,0.0019824141712538,0.0017126838154943,0.0014572491549439,0.0008903203649337,0.0007377998817533,,,,,,,
302,CO_20000117122008,23,6.721,-71.998,43.3,5.5532,RNAC_53,CBUIS,58,7.1415,-73.119,0,0.1,1.61547904942801,2,130.4732095,134.437047,138.2155803,1.6,0.0,0,-0.3237272154552411,-0.3964,0.07267278454475884,-0.3342649656357777,0.01053775018053654,5.5<= M < 6.0,100<= R < 150,,0.0,1.075378598840279,s2,0.0032354620336391,0.0038489070968399,0.003642465335372,0.0040716239113149,0.0041381945423037,0.0047630784984709,0.0073553897033639,0.0085432223669724,0.0093281263802242,0.0078556150988786,0.0067089573231396,0.0072279929571865,0.0043299248277268,0.0053977766727828,0.0024804147981651,,,,,,,
306,CO_20070620190407,49,7.117,-72.221,24.3,5.1923,RNAC_53,CBUIS,58,7.1415,-73.119,0,0.1,1.61547904942801,2,98.29206514,98.89918604,101.8372126,6.928206460552524,0.0,0,0.7928727845447588,-0.0435,0.8363727845447588,-0.1041558861771998,0.8970286707219587,5.0<= M < 5.5,50<= R < 100,,0.0,2.307980234139313,s2,0.0088623893730886,0.0098735553639143,0.0092088774209989,0.0106708967380224,0.013120564169215,0.0138618072477064,0.020777006972477,0.0168806761060142,0.0221028524362895,0.022859260285423,0.0157816223445463,0.0101673006768603,0.0083423094413863,0.0064404157043832,0.0020735114525993,0.0008913274882772,0.0005044119683995,0.0004417874159021,0.0004096315861365,0.0003476357604485,,
307,CO_20070716225823,50,7.16,-72.177,30.5999999999999,5.2141,RNAC_53,CBUIS,58,7.1415,-73.119,0,0.1,1.61547904942801,2,102.7904137,104.968626,107.8315653,7.192304234469119,0.0,0,0.2160727845447589,-0.0746,0.2906727845447589,-0.2149248088298886,0.4309975933746474,5.0<= M < 5.5,100<= R < 150,,0.0,1.337326918312078,s2,0.0048988247991845,0.0056025451131498,0.0056453808970438,0.006253903088685,0.0080567286615698,0.00895068662895,0.0132917646279306,0.0117800828542303,0.0163732983893985,0.0168428236391437,0.0068460992935779,0.0056829238399592,0.0036711846768603,0.0048381578868501,0.0021413881702344,0.0007987764678899,0.0004043875331294,0.0003344102640163,0.0003738410795107,0.0003532222782874,,
330,CO_20080524192044,53,4.374,-73.708,14.6999999999999,5.8671,RNAC_65,CCALA,64,4.509,-75.6276,1,0.16,2.21326314149803,2,213.3220148,207.7731531,214.3345457,3.262642740619902,29.9550223822574,1,-0.1830468342896386,-0.0735,-0.1095468342896386,-0.10375249495187,-0.07929433933776867,5.5<= M < 6.0,200<= R < 250,25.0,14.04216175735154,0.8962401886065853,s2,0.0020231755657492,0.0020546043272171,0.0021020695056065,0.0023978265973496,0.0029450456666666,0.0042673687400611,0.0064507254271151,0.0054578399174311,0.0043903222874617,0.0035291154831804,0.0020305437889908,0.0023108644413863,0.0023024597604485,0.0012043145331294,0.0007676775881753,0.0003200435616717,0.0001594216228338,,,,,
334,CO_20100729193445,64,3.907,-75.097,33.1,5.0567,RNAC_65,CCALA,64,4.509,-75.6276,1,0.16,2.21326314149803,2,90.09661548,95.06035939,97.12679411,1.6,0.0,0,1.216453165710361,0.5211,0.6953531657103613,0.4637739352885272,0.7526792304218343,5.0<= M < 5.5,50<= R < 100,,0.0,2.00441684025167,s2,0.0147255900203873,0.0149297811213047,0.0152680301834862,0.0190327319673802,0.0288593475840978,0.0478573326809378,0.0419095033231396,0.0263673100509684,0.0107881784097859,0.009514404022426,0.005112889717635,0.0032872939745158,0.0015321291936799,0.0006807166330275,0.0003225454077471,,,,,,,
337,CO_20140105033638,84,4.609,-76.6867,32.7999999999999,5.5045,RNAC_65,CCALA,64,4.509,-75.6276,0,0.16,2.21326314149803,2,117.6535658,121.0759238,123.4535835,2.349279064986932,0.0,0,0.09415316571036134,-0.1887,0.2828531657103613,-0.3002000301742843,0.3943531958846457,5.5<= M < 6.0,100<= R < 150,,0.0,1.326910311579144,s2,0.0055616254199796,0.0056512196218144,0.0058302789480122,0.006463030296636,0.0082125587655453,0.0125035477777777,0.0203978037716615,0.0111937739551478,0.01071710235474,0.0067795750438328,0.0067303022395514,0.0035779769643221,0.0021822977838939,0.0008456080509683,0.000500515501529,0.0002766615677879,,,,,,
358,CO_19950119150505,4,5.046,-72.939,17.0,6.4996,RNAC_72,CCHIN,70,4.5688,-73.7054,0,0.34,1.79023480818101,1,102.8948465,90.52835132,105.7936427,3.29557157569516,0.0,0,-0.5867264284769654,0.2872,-0.8739264284769654,0.07860341409672267,-0.6653298425736881,6.0<= M < 6.5,50<= R < 100,,0.0,0.4173097911862329,s1,0.0090858787981651,0.0094361917645259,0.0094216555657492,0.0104860772477064,0.0121509537512742,0.0128707893170234,0.013004703853211,0.0164304463710499,0.0205299151681957,0.0246779355045871,0.0267849289602446,0.0166183873904179,0.0125575218960244,0.0095134999347604,0.0107610866360856,0.0082605421997961,0.0036125119092762,,,,,
359,CO_19950120135924,5,5.166,-72.94,54.1,5.1646,RNAC_72,CCHIN,70,4.5688,-73.7054,0,0.34,1.79023480818101,1,106.188424,118.9487327,120.8402918,1.6,0.0,0,-1.030026428476966,-0.0697,-0.9603264284769655,-0.1133557186677453,-0.9166707098092203,5.0<= M < 5.5,100<= R < 150,,0.0,0.3827679192309639,s1,0.0011219335066258,0.0012712959429153,0.0013971807094801,0.0016368652579001,0.0020989128572884,0.0023041366809378,0.002768976266055,0.0027228282456676,0.0025617196024464,0.0030376664097859,0.0040787546850152,0.0021867589826707,0.0014510558735983,0.0007727276697247,0.0003232732813455,,,,,,,
360,CO_19950122104129,6,5.114,-72.954,21.7,5.6455,RNAC_72,CCHIN,70,4.5688,-73.7054,0,0.34,1.79023480818101,1,103.4437622,100.6982164,106.7748834,1.798642025270921,0.0,0,-1.277526428476965,-0.2629,-1.014626428476965,-0.2722727505363311,-1.005253677940634,5.5<= M < 6.0,100<= R < 150,,0.0,0.3625378383509628,s1,0.0015366975433231,0.0016120327125382,0.0019223907696228,0.0022334694260958,0.0024457773465851,0.0030730401600407,0.0028321171641182,0.0025413070152905,0.0033311789796126,0.003749457980632,0.0035970044301732,0.0021804291916411,0.0020866180244648,0.0032501054994903,0.0014413172385321,,,,,,,
365,CO_20100729193445,64,3.907,-75.097,33.1,5.0567,RNAC_72,CCHIN,70,4.5688,-73.7054,0,0.34,1.79023480818101,1,170.5076121,171.8463108,174.5341566,8.57449088960343,0.0,0,-0.3436264284769655,0.5211,-0.8647264284769655,0.4637739352885272,-0.8074003637654926,5.0<= M < 5.5,150<= R < 200,,0.0,0.4211667560993256,s1,0.0008597113618756,0.0008668868786952,0.0008702675392456,0.0009966311100917,0.0011287525963302,0.00174750990316,0.0017005503374108,0.001715557540265,0.0027270981712538,0.0036238386136595,0.0020389125372069,0.0019098388399592,0.0004851557553516,0.0002730393506625,0.00013329780632,0.000108725343527,6.197203261977575e-05,3.051263200815494e-05,1.845086136595311e-05,1.068260958205912e-05,8.191336391437309e-06,
370,CO_20140105033638,84,4.609,-76.6867,32.7999999999999,5.5045,RNAC_332,VIL,242,4.1111,-73.6934,1,1.0,6.1960647683681,5,336.1878564,335.8454146,338.1842939,1.6,21.85206607568979,1,-0.5251268828251116,-0.1887,-0.3364268828251116,-0.3002000301742843,-0.2249268526508272,5.5<= M < 6.0,,0.0,6.499956991215639,0.7143181105890002,s5,0.0009129346146788,0.0009148871202854,0.0009177865565749,0.0009286672803261,0.0009718344505606,0.0009639446065239,0.0010931340662589,0.0011898440703363,0.0013139336544342,0.0014579899429153,0.0024795221539245,0.0031260872140672,0.0033918011610601,0.001961464814475,0.0004006605259938,,,,,,,
371,CO_20140109125017,85,3.017,-75.9317,15.3999999999999,5.0104,RNAC_332,VIL,242,4.1111,-73.6934,0,1.0,6.1960647683681,5,276.5151886,274.2157217,277.1067388,7.085916740478299,0.4466089664168367,1,0.8554731171748884,0.21,0.6454731171748884,0.209970453577446,0.6455026635974423,5.0<= M < 5.5,250<= R < 300,0.0,0.1615133579743029,1.906888997822167,s5,0.0027067433924566,0.0027173882262996,0.0027428128583078,0.0027427031651376,0.0030298890713557,0.0032547754271151,0.0039129649041794,0.0056056086656472,0.0068146384933741,0.0066589867747196,0.0087531449306829,0.0070492007308868,0.0061310361447502,0.00694637262895,0.0017523500061162,0.0007141579571865,0.0002560209673802,0.0001225289174311,7.714889806320082e-05,5.545793883792049e-05,,
373,CO_20140217094136,87,6.5355,-71.7051,41.1,5.3235,RNAC_332,VIL,242,4.1111,-73.6934,0,1.0,6.1960647683681,5,346.1644393,346.7947572,348.8901878,1.608913380125897,0.0,0,0.4085731171748884,0.2625,0.1460731171748884,-0.004158254861956217,0.4127313720368446,5.0<= M < 5.5,,,0.0,1.157280802060189,s5,0.0019794177614678,0.0020168723710499,0.0019976108715596,0.002093336825688,0.0024415220152905,0.0028962477492354,0.0051034444505606,0.0062083620366972,0.00563282253211,0.0047488424403669,0.0068027343170234,0.0043591497237512,0.0023163995504587,0.002363736296636,0.0006180630193679,,,,,,,
384,CO_20151128105911,109,3.89,-71.17,15.4,4.8266,RNAC_332,VIL,242,4.1111,-73.6934,0,1.0,6.1960647683681,5,281.1213162,280.2423628,281.6841013,1.6,0.0,0,0.7346731171748884,0.3182,0.4164731171748884,0.3737840727102811,0.3608890444646072,4.5<= M < 5.0,250<= R < 300,,0.0,1.516603230194903,s5,0.0017544410183486,0.0017652807808358,0.0017818062293577,0.0018604842915392,0.0020926894597349,0.0032748971987767,0.0035973866085626,0.0061680289785932,0.0057908607237512,0.0065028395249745,0.0056794565891946,0.0058444240326197,0.0026250919306829,0.0019771681661569,0.0004339694179408,,,,,,,
389,CO_20130516162918,79,12.036,-73.46,33.4,4.7784,RNAC_76,CCODA,72,9.935,-73.444,0,0.16,1.63159056071597,1,233.1064043,234.4471229,235.6612419,1.6,0.0,0,-0.9801717268518092,-0.3881,-0.5920717268518092,-0.3274775646333185,-0.6526941622184907,4.5<= M < 5.0,200<= R < 250,,0.0,0.5531800587937548,s1,0.0001677225035677,0.0001747655494393,0.000197501335372,0.0003385290713557,0.0004140178409785,0.0004980681049949,0.0004258740937818,0.0004499437614678,0.0004640271478083,0.0004900763251783,0.0003628621804281,0.0001911965779816,0.0001221342619775,7.707582466870541e-05,4.035723445463813e-05,,,,,,,
391,CO_20130825233555,82,7.644,-74.999,24.6999999999999,4.8747,RNAC_76,CCODA,72,9.935,-73.444,0,0.16,1.63159056071597,1,307.2420578,306.4246226,308.3468334,1.813236627379873,0.0,0,0.07652827314819088,-0.0116,0.08812827314819088,-0.3128799031506486,0.3894081762988394,4.5<= M < 5.0,,,0.0,1.092128203766568,s1,0.000281131296636,0.0002825535474006,0.0002850717594291,0.0002929365749235,0.0003248706340468,0.0003878904475025,0.0005865721661569,0.0011135026585117,0.0007489489704383,0.0006918223098878,0.0007734662599388,0.0008034405993883,0.0004265247319062,0.0003410780795107,0.0001084897329255,,,,,,,
403,CO_19990125181918,20,4.445,-75.659,17.0,6.1355,RNAC_77,CCOLO,73,3.3776,-74.8012,1,0.32,2.95844350561884,3,151.06253,145.5010682,152.8548213,1.6,0.0,0,0.2371227913657399,-0.0419,0.2790227913657399,-0.0906508326576597,0.3277736240233996,6.0<= M < 6.5,100<= R < 150,,0.0,1.321837470007458,s3,0.0151532398165137,0.0152831945259938,0.015492102640163,0.0163336194699286,0.0189781211518858,0.0279717448827726,0.0350359693170234,0.0310644319367991,0.0497925242915392,0.0692345617635066,0.0336269550764526,0.020352217512742,0.0140410175840978,0.0120506088481141,0.0059890637115188,,,,,,,
404,CO_20140109125017,85,3.017,-75.9317,15.3999999999999,5.0104,RNAC_77,CCOLO,73,3.3776,-74.8012,0,0.32,2.95844350561884,3,131.6504709,130.2623866,132.8473981,2.364765001477978,0.4714463223129882,1,0.8642227913657399,0.21,0.6542227913657399,0.209970453577446,0.6542523377882938,5.0<= M < 5.5,100<= R < 150,0.0,0.3581045469036664,1.923646861283379,s3,0.0081241898083588,0.0081366537879714,0.0082025908552497,0.0082526878899082,0.0094942501447502,0.0130280645463812,0.0170080508766564,0.015746320254842,0.0202324078389398,0.0326348832415902,0.0246814698267074,0.0136634496636085,0.0040869330509684,0.0021979082405708,0.0007931379734964,0.0004010130795107,,,,,,
410,CO_20070306130508,46,2.088,-76.542,15.0,5.1816,RNAC_176,CRU,140,1.5678,-76.952,0,0.52,3.49032415494454,4,72.44449442,73.2737399,74.94120952,5.430355688297583,47.59543563655576,1,-0.2893449761859332,-0.4272,0.1378550238140668,-0.1992270081133694,-0.09011796807256386,5.0<= M < 5.5,50<= R < 100,25.0,65.69917564835117,1.147809133220902,s4,0.0066365418623853,0.006772264404689,0.0070112823088685,0.0079940905127421,0.0123897082364933,0.0144148281651376,0.0134322666972477,0.0259680116106014,0.014330420030581,0.0150678481651376,0.0108393722935779,0.0082627188379204,0.0040825879755351,0.0019020876207951,0.0007878502915392,0.0004369509388379,0.0002304596055045,0.0001333487604485,9.22724740061162e-05,,,
436,CO_20070716225823,50,7.16,-72.177,30.5999999999999,5.2141,RNAC_81,CCUC2,76,7.8975,-72.4873,0,0.34,3.49304381788626,3,87.21610651,91.14571614,92.86342949,1.71939477303989,0.0,0,-0.6544956523832197,-0.0746,-0.5798956523832197,-0.2149248088298886,-0.4395708435533311,5.0<= M < 5.5,50<= R < 100,,0.0,0.559956793673904,s3,0.0051647863455657,0.0052997603537206,0.0056209055718654,0.0108556376452599,0.0110643256778797,0.0132580638022426,0.0141491256269113,0.0167143056065239,0.0114849191845056,0.0088680974994903,0.01031354872579,0.00884548762895,0.0043626950723751,0.002957188,0.0014933221090723,,,,,,,
441,CO_20140217094136,87,6.5355,-71.7051,41.1,5.3235,RNAC_81,CCUC2,76,7.8975,-72.4873,0,0.34,3.49304381788626,3,174.7792922,175.5308194,179.9283123,4.559703619264748,0.0,0,0.1690043476167803,0.2625,-0.09349565238321966,-0.004158254861956217,0.1731626024787366,5.0<= M < 5.5,150<= R < 200,,0.0,0.9107419769746935,s3,0.0049834218460754,0.0051737015005096,0.0052849371467889,0.0072959457838939,0.0126936360652395,0.0105233453211009,0.0127745603363914,0.0108091647706422,0.0107552700101936,0.0111122262895005,0.0060135808634046,0.0036808236513761,0.0023960665932721,0.0017170057573904,0.0012091185412844,0.0006225806452599,0.000332706404689,0.0001903657380224,,,,
442,CO_20150205042151,97,8.24,-72.14,5.0,5.2789,RNAC_81,CCUC2,76,7.8975,-72.4873,0,0.34,3.49304381788626,3,53.80254043,51.13796048,54.26418345,2.91332847778587,0.0,0,-0.7191956523832197,0.0559,-0.7750956523832196,0.1557216651187647,-0.8749173175019844,5.0<= M < 5.5,50<= R < 100,,0.0,0.4606597156918644,s3,0.0096549555066258,0.0100440579734964,0.0108959744648318,0.0153880653618756,0.0333436801223241,0.0224571030377166,0.0267862529561671,0.0229484056472986,0.0130807062283384,0.0086926815423037,0.0059942889949031,0.0077097521406727,0.0043187342436289,0.0029153914536187,0.00250554762895,0.0014191091264016,,,,,,
450,CO_20070620190407,49,7.117,-72.221,24.3,5.1923,RNAC_82,CCUC3,77,7.8711,-72.5044,0,0.32,2.39218656704706,3,88.05204979,90.58404028,91.82754559,1.6,0.0,0,-0.7040003534781731,-0.0435,-0.6605003534781732,-0.1041558861771998,-0.5998444673009733,5.0<= M < 5.5,50<= R < 100,,0.0,0.5165927908157956,s3,0.0035354406921508,0.0035733788705402,0.0036391632558613,0.0044792914770642,0.0058246632395514,0.0066732083985728,0.008915952814475,0.0100377912364933,0.0085096989215086,0.0069733116778797,0.0113886855351681,0.0074394464036697,0.0035942985484199,0.0028727648593272,0.0014626643832823,,,,,,,
451,CO_20070716225823,50,7.16,-72.177,30.5999999999999,5.2141,RNAC_82,CCUC3,77,7.8711,-72.5044,0,0.32,2.39218656704706,3,85.26079329,89.4460093,91.07125858,1.6,0.0,0,-0.1511003534781732,-0.0746,-0.07650035347817323,-0.2149248088298886,0.06382445535171533,5.0<= M < 5.5,50<= R < 100,,0.0,0.9263525868433441,s3,0.0067671606187563,0.0068130708369011,0.0068833056585117,0.0071565605912334,0.009878638049949,0.0120109269317023,0.0224039056371049,0.0258491411314984,0.0161966199898063,0.0185334150356778,0.0132094365341488,0.0117333561264016,0.006333340895005,0.0036077299215086,0.0010650241946992,,,,,,,
474,CO_20140109125017,85,3.017,-75.9317,15.3999999999999,5.0104,RNAC_217,CUFI,172,1.226,-77.345,1,0.38,1.58966427313576,1,253.5987913,251.8092262,254.4373192,27.02702702702702,96.42093176556443,1,-0.7462224360962408,0.21,-0.9562224360962408,0.209970453577446,-0.9561928896736869,5.0<= M < 5.5,250<= R < 300,75.0,38.02105336200174,0.3843420237020977,s1,0.0001281877420998,0.000128024617737,0.0001312887726809,0.0001451076656472,0.0001652691243628,0.0002366392395514,0.0003162617726809,0.0004727154291539,0.0006108587390417,0.0002923204424057,0.0003195204525993,0.0002694520214067,0.0002333480265035,0.000105041698267,7.72308878695209e-05,5.647589398572885e-05,3.621164322120285e-05,4.13007125382263e-05,2.694550458715596e-05,1.430924159021407e-05,8.940164118246687e-06,6.167512742099898e-06
479,CO_20141020193321,93,0.7502,-77.9307,3.1,5.6074,RNAC_217,CUFI,172,1.226,-77.345,0,0.38,1.58966427313576,1,83.84509266,84.15982813,84.43209736,1.6,64.90275134790126,1,-1.860122436096241,-0.6886,-1.171522436096241,-0.6709665309519168,-1.189155905144324,5.5<= M < 6.0,50<= R < 100,50.0,77.40793085063216,0.3098947869346178,s1,0.0006374558216106,0.0006431997217125,0.0006516668134556,0.000684036227319,0.0008409536901121,0.0011968153598369,0.0012126164617737,0.0014301933690112,0.0013216885127421,0.0011424871243628,0.0010920274505606,0.0008589374209989,0.0010578780387359,0.0016179230662589,0.0014645451987767,,,,,,,
510,CO_19990125181918,20,4.445,-75.659,17.0,6.1355,RNAC_83,CDAGU,78,3.657,-76.708,0,0.15,1.73428122187268,1,144.1183514,140.805107,146.0254438,13.55932203389831,0.0,0,-0.427586276672355,-0.0419,-0.385686276672355,-0.0906508326576597,-0.3369354440146953,6.0<= M < 6.5,100<= R < 150,,0.0,0.6799838190074693,s1,0.0038609096636085,0.0038872941651376,0.0039686210448521,0.004252857188583,0.0054916513261977,0.0087687271549439,0.0124108648827726,0.0151796908970438,0.0109956034556574,0.0083793687808358,0.0065732463904179,0.0055170879551478,0.0034210495626911,0.0029591552823649,0.0025423582283384,0.0011176168817533,0.0010847709235474,0.0005793372262996,0.000340143119266,0.0002789275290519,0.0002102654525993,0.0001416325535168
520,CO_20140105033638,84,4.609,-76.6867,32.7999999999999,5.5045,RNAC_83,CDAGU,78,3.657,-76.708,0,0.15,1.73428122187268,1,105.7437029,107.5838034,111.8895916,2.399520095980804,0.0,0,0.192813723327645,-0.1887,0.381513723327645,-0.3002000301742843,0.4930137535019293,5.5<= M < 6.0,100<= R < 150,,0.0,1.46449975988352,s1,0.0056290595993883,0.005719332343527,0.0064194132721712,0.0075909617135575,0.0088719349520897,0.0150416589500509,0.0202339620489296,0.0213302166768603,0.0107235419775739,0.0083863176381243,0.0047323890723751,0.0043339480917431,0.0032714891855249,0.0022755215616717,0.0005177758134556,0.0004230209887869,,,,,,
521,CO_20140109125017,85,3.017,-75.9317,15.3999999999999,5.0104,RNAC_83,CDAGU,78,3.657,-76.708,1,0.15,1.73428122187268,1,111.9828356,112.7169605,113.4165851,11.2280701754386,6.537377502394254,1,-0.07048627667235505,0.21,-0.280486276672355,0.209970453577446,-0.2804567302498011,5.0<= M < 5.5,100<= R < 150,0.0,5.837838868222278,0.7554163107966299,s1,0.0018617522191641,0.0018694823200815,0.0018961536146788,0.0020726759683995,0.0021680043455657,0.0032983615524974,0.0063219166636085,0.0037477888868501,0.0028207341865443,0.0037355637686034,0.0044398279429153,0.0038155943302752,0.001306581883792,0.0008344519979612,0.0004084961814475,0.0002458153374108,9.788418042813456e-05,4.628547298674821e-05,2.52784882772681e-05,1.729461467889908e-05,1.491077166156983e-05,9.84222731906218e-06
527,CO_19990125181918,20,4.445,-75.659,17.0,6.1355,RNAC_87,CECAL,79,3.884,-76.561,0,0.18,1.61295882285451,1,116.4598954,113.3446388,118.8986647,2.837382514630254,0.0,0,-1.218444920875464,-0.0419,-1.176544920875464,-0.0906508326576597,-1.127794088217805,6.0<= M < 6.5,100<= R < 150,,0.0,0.3083422471514055,s1,0.0023740530193679,0.0023952370050968,0.0024651412721712,0.0029041536523955,0.0038013017247706,0.0049112290744138,0.0047752907594291,0.0056499587655453,0.0039787483007135,0.0039261246646279,0.0035391823098878,0.0038992471284403,0.0030726121416921,0.0046435299551478,0.0025304710295616,0.0017100425626911,,,,,,
538,CO_20140105033638,84,4.609,-76.6867,32.7999999999999,5.5045,RNAC_87,CECAL,79,3.884,-76.561,0,0.18,1.61295882285451,1,81.62551992,85.71816277,89.62300397,2.349279064986932,0.0,0,-0.1530449208754641,-0.1887,0.03565507912453592,-0.3002000301742843,0.1471551092988202,5.5<= M < 6.0,50<= R < 100,,0.0,1.036298343907394,s1,0.0055616254199796,0.0056512196218144,0.0058302789480122,0.006463030296636,0.0082125587655453,0.0125035477777777,0.0203978037716615,0.0111937739551478,0.01071710235474,0.0067795750438328,0.0067303022395514,0.0035779769643221,0.0021822977838939,0.0008456080509683,0.000500515501529,0.0002766615677879,,,,,,
539,CO_20140109125017,85,3.017,-75.9317,15.3999999999999,5.0104,RNAC_87,CECAL,79,3.884,-76.561,1,0.18,1.61295882285451,1,119.2683471,119.6150665,120.6811253,1.6,2.473121273897348,1,0.399055079124536,0.21,0.189055079124536,0.209970453577446,0.18908462554709,5.0<= M < 5.5,100<= R < 150,0.0,2.073577218122903,1.208107492153425,s1,0.0027557792803261,0.0028065231559633,0.0029070085168195,0.0034390773792048,0.0053905228552497,0.0076456158583078,0.0114001510601427,0.0062719097431192,0.004484761609582,0.0028485658766564,0.0017294735820591,0.0010215913037716,0.0006968662833843,0.0003747266666666,0.0001980628287461,,,,,,,
542,CO_19940913100134,2,7.105,-76.665,14.0,6.0202,RNAC_90,CFILA,81,5.2968,-75.5676,1,0.58,1.94644051570116,1,233.5355305,227.7865534,234.4091135,1.6,0.0,0,-0.5059377502528097,0.0025,-0.5084377502528097,-0.1023507729044186,-0.4035869773483912,6.0<= M < 6.5,200<= R < 250,,0.0,0.6014344360522474,s1,0.0013768272191641,0.0014826460244648,0.0015663146574923,0.0015829376381243,0.0018597340570846,0.0016063301264016,0.0017343244260958,0.0018776393139653,0.0018436430122324,0.0017491204882772,0.0021923724740061,0.0025627067298674,0.0028947916850152,0.0031628217400611,0.0034257860519877,,,,,,,
543,CO_19950119150505,4,5.046,-72.939,17.0,6.4996,RNAC_90,CFILA,81,5.2968,-75.5676,1,0.58,1.94644051570116,1,298.6813392,286.1280396,299.5966939,4.659289458357601,25.10667980014967,1,-0.6386377502528097,0.2872,-0.9258377502528097,0.07860341409672267,-0.7172411643495323,6.0<= M < 6.5,250<= R < 300,25.0,8.405841445400105,0.3961993638874948,s1,0.0014064252935779,0.0019187786218144,0.0019235263119266,0.0019461500356778,0.001958669216106,0.0019518484097859,0.0019741500091743,0.001928628648318,0.0021463792456676,0.0023434541559633,0.0031897548318042,0.0032732677787971,0.0034327834057084,0.0028251013751274,0.0026980151243628,0.0025119408929663,0.0024979296167176,0.0008334425056065,,,,
545,CO_19961104172500,13,7.364,-77.38,14.0,6.2562,RNAC_90,CFILA,81,5.2968,-75.5676,1,0.58,1.94644051570116,1,308.6179843,298.9152845,309.2781869,1.6,0.0,0,0.7539622497471901,0.1477,0.6062622497471901,-0.1121497366126155,0.8661119863598056,6.0<= M < 6.5,250<= R < 300,,0.0,1.833565165981137,s1,0.0040808479745158,0.0040935492507645,0.0041165103414882,0.0042399907441386,0.0046278540387359,0.0048951530642201,0.0057274067543323,0.0052215699286442,0.0071634736126401,0.0069016545759429,0.0095976509745158,0.0154249597553516,0.011996935443425,0.0120839978185524,0.0024169399449541,,,,,,,
550,CO_19990125181918,20,4.445,-75.659,17.0,6.1355,RNAC_90,CFILA,81,5.2968,-75.5676,0,0.58,1.94644051570116,1,97.12710148,95.74570532,100.0834783,3.695320800036953,0.0,0,-0.0637377502528097,-0.0419,-0.02183775025280971,-0.0906508326576597,0.02691308240485001,6.0<= M < 6.5,50<= R < 100,,0.0,0.9783989671588125,s1,0.0094198115178389,0.0094505709092762,0.0094986530020387,0.0095883999928644,0.0099337303761467,0.0118549393272171,0.0128468875331294,0.0162948100509684,0.0275524453924566,0.0285410854638124,0.0262550896432212,0.0261936032823649,0.014749436207951,0.0190454400815494,0.010737477227319,0.0067671466238532,0.0053677664413863,,,,,
556,CO_20070424085334,47,5.621,-75.895,50.6,5.1307,RNAC_90,CFILA,81,5.2968,-75.5676,0,0.58,1.94644051570116,1,50.64253787,72.15732125,73.99693963,1.6,0.0,0,-0.1696377502528097,0.6116,-0.7812377502528097,0.3734505728446608,-0.5430883230974706,5.0<= M < 5.5,50<= R < 100,,0.0,0.4578389701489018,s1,0.005398774119266,0.0054843087471967,0.0056545829306829,0.0058444734006116,0.0079553742721712,0.0097738289704383,0.0110090232212028,0.0177209862691131,0.0178473122833843,0.0135824238226299,0.0081664229174311,0.0064495454638124,0.0030366422742099,0.00185426272579,0.0008374150010193,,,,,,,
558,CO_20080524192044,53,4.374,-73.708,14.6999999999999,5.8671,RNAC_90,CFILA,81,5.2968,-75.5676,1,0.58,1.94644051570116,1,230.190541,224.4968016,231.1112655,1.6,40.74540067611969,1,-0.5551377502528096,-0.0735,-0.4816377502528097,-0.10375249495187,-0.4513852553009396,5.5<= M < 6.0,200<= R < 250,25.0,17.70072762291292,0.6177708085553448,s1,0.0008755001732925,0.0008872249847094,0.0008808305718654,0.0009087922976554,0.0009298233282364,0.0009593980621814,0.0011171760795107,0.0014639780968399,0.0016582970540265,0.0016118816432212,0.0023470190122324,0.0023409270662589,0.0017230930897043,0.0018682721610601,0.0018611561987767,,,,,,,
562,CO_20140105033638,84,4.609,-76.6867,32.7999999999999,5.5045,RNAC_90,CFILA,81,5.2968,-75.5676,0,0.58,1.94644051570116,1,145.5271251,145.9173786,150.2053649,1.6,0.0,0,-1.65113775025281,-0.1887,-1.46243775025281,-0.3002000301742843,-1.350937720078526,5.5<= M < 6.0,100<= R < 150,,0.0,0.2316708301786422,s1,0.0005511656126401,0.000562907482161,0.0005591288083588,0.000576282088685,0.0006487030122324,0.0007616618103975,0.001068681169215,0.0013789239245667,0.0013412548766564,0.0014956800621814,0.0012957005351681,0.0016998913537206,0.0012660935239551,0.0004578416258919,0.0003135231049949,,,,,,,
571,CO_19990125181918,20,4.445,-75.659,17.0,6.1355,RNAC_244,FLO2,186,1.5825,-75.6525,1,0.5,1.83607985246559,1,316.4761084,313.7209265,317.3066466,1.6,0.0,0,1.01579571181047,-0.0419,1.05769571181047,-0.0906508326576597,1.10644654446813,6.0<= M < 6.5,,,0.0,2.879727615749906,s1,0.004125740393476,0.0041533727686034,0.0041931417573904,0.0044184786320081,0.004718274980632,0.0063785033200815,0.0098672385351681,0.0119582829357798,0.0111023781447502,0.0096811362833843,0.0083404319938837,0.0078462094750254,0.0039876536717635,0.0048428458735983,0.0030969784169215,,,,,,,
573,CO_20100729193445,64,3.907,-75.097,33.1,5.0567,RNAC_244,FLO2,186,1.5825,-75.6525,0,0.5,1.83607985246559,1,265.3379972,264.6642282,267.6203177,1.95431782093563,0.0,0,1.59189571181047,0.5211,1.07079571181047,0.4637739352885272,1.128121776521943,5.0<= M < 5.5,250<= R < 300,,0.0,2.917700225068865,s1,0.0024976029796126,0.0025408526065239,0.0025951790285423,0.0032542441722731,0.004501684540265,0.0062839489561671,0.0057737541447502,0.009660846853211,0.0066819262324159,0.004581595941896,0.0019928642976554,0.0020737220978593,0.0009917753404689,0.0005787115158002,0.0001875762181447,,,,,,,
586,CO_20140109125017,85,3.017,-75.9317,15.3999999999999,5.0104,RNAC_244,FLO2,186,1.5825,-75.6525,0,0.5,1.83607985246559,1,162.3169552,161.6986912,163.2465728,1.6,15.61024251864288,1,0.4789957118104703,0.21,0.2689957118104703,0.209970453577446,0.2690252582330243,5.0<= M < 5.5,150<= R < 200,0.0,9.617136114590497,1.308649529297225,s1,0.0016349984301732,0.001653115786952,0.0016822895749235,0.0019090648491335,0.0023982042833843,0.0033013763149847,0.0035928996248725,0.0038045529826707,0.0033034134689092,0.0035675359633027,0.0044388800744138,0.0049135071100917,0.00154235417737,0.0011417211936799,0.0004203850040774,,,,,,,
593,CO_20141020193321,93,0.7502,-77.9307,3.1,5.6074,RNAC_244,FLO2,186,1.5825,-75.6525,1,0.5,1.83607985246559,1,269.595962,268.1541722,269.6790987,1.6,25.2385997802302,1,-1.46080428818953,-0.6886,-0.7722042881895298,-0.6709665309519168,-0.789837757237613,5.5<= M < 6.0,250<= R < 300,25.0,9.361638651038179,0.4619935781110543,s1,0.0001719491977573,0.0001721701111111,0.0001726040927624,0.0001746187390417,0.0001908085728848,0.00024858862895,0.0002811420407747,0.0002694954108053,0.0003318227726809,0.0005410961549439,0.0003774472589194,0.0004692489255861,0.0006256796697247,0.0003560701365953,0.0004016189062181,,,,,,,
612,CO_20070716225823,50,7.16,-72.177,30.5999999999999,5.2141,RNAC_94,CFQNE,85,5.4674,-73.7349,0,0.32,7.46122733919554,3,255.2226168,253.5646337,257.4950659,1.6,0.0,0,-1.305794936848218,-0.0746,-1.231194936848218,-0.2149248088298886,-1.09087012801833,5.0<= M < 5.5,250<= R < 300,,0.0,0.2919435151047299,s3,0.0007441262334352,0.0007483491610601,0.0007575137655453,0.0007868305606523,0.0009295209959225,0.0011650410214067,0.0021178239480122,0.002878923324159,0.002457654158002,0.0022987011406727,0.0013037740948012,0.0009706738705402,0.0009994941926605,0.0004597293496432,0.0002145414791029,,,,,,,
614,CO_20080524192044,53,4.374,-73.708,14.6999999999999,5.8671,RNAC_94,CFQNE,85,5.4674,-73.7349,0,0.32,7.46122733919554,3,121.6886078,121.0456569,123.583785,5.095541401273885,0.0,0,-1.033694936848218,-0.0735,-0.9601949368482183,-0.10375249495187,-0.9299424418963482,5.5<= M < 6.0,100<= R < 150,,0.0,0.3828182533172787,s3,0.0074166775942915,0.0074475540428134,0.0074951205810397,0.0076559031172273,0.0080577544525993,0.0091799988379204,0.0128256354740061,0.0228199499184505,0.0271547601121304,0.0277648416615698,0.0264450102242609,0.0159341597553516,0.007608140786952,0.0032505361559633,0.0021292677135575,0.001702830825688,0.0015758480366972,0.0008968022752293,0.0008587455637104,,,
617,CO_20140217094136,87,6.5355,-71.7051,41.1,5.3235,RNAC_94,CFQNE,85,5.4674,-73.7349,0,0.32,7.46122733919554,3,252.1428903,253.9619094,256.1235445,1.662821392197211,0.0,0,-0.4967949368482182,0.2625,-0.7592949368482182,-0.004158254861956217,-0.492636681986262,5.0<= M < 5.5,250<= R < 300,,0.0,0.4679962776440187,s3,0.0021227069633027,0.0021379282038735,0.0021439612599388,0.0022382657635066,0.0023471645484199,0.0027654663853211,0.0039322062874617,0.0062759246799184,0.0081960468114169,0.0067030913588175,0.0061067123363914,0.0044976310519877,0.0011694969266055,0.0007234270265035,0.0004169111416921,,,,,,,
644,CO_19950119150505,4,5.046,-72.939,17.0,6.4996,RNAC_100,CGUAD,91,5.0647,-74.5902,0,0.38,3.91108924429518,3,188.8234174,176.2784916,190.1999563,1.6,0.0,0,-0.05800937373867676,0.2872,-0.3452093737386768,0.07860341409672267,-0.1366127878353994,6.0<= M < 6.5,150<= R < 200,,0.0,0.7080720862467602,s3,0.0165363301834862,0.0165652918552497,0.0166153005504587,0.0168133427013251,0.0172429655147808,0.0177883513149847,0.0206383174006116,0.0255662068705402,0.0309915104587155,0.051309133883792,0.056135124169215,0.0353533507135575,0.0339782865443425,0.0223266387767584,0.0182259632721712,,,,,,,
645,CO_19950120135924,5,5.166,-72.94,54.1,5.1646,RNAC_100,CGUAD,91,5.0647,-74.5902,0,0.38,3.91108924429518,3,181.3963705,187.9722505,189.8204175,1.682439537329127,0.0,0,-0.7828093737386768,-0.0697,-0.7131093737386768,-0.1133557186677453,-0.6694536550709315,5.0<= M < 5.5,150<= R < 200,,0.0,0.4901178661016699,s3,0.0016527761100917,0.0018312342201834,0.0019207627125382,0.0019713598695208,0.0018943451141692,0.0019456617502548,0.0023512686768603,0.0035747357054026,0.0031815029041794,0.0032017323414882,0.0036304226371049,0.0043882938042813,0.0031653146574923,0.0032085498002038,0.0014285253771661,,,,,,,
646,CO_19950122104129,6,5.114,-72.954,21.7,5.6455,RNAC_100,CGUAD,91,5.0647,-74.5902,0,0.38,3.91108924429518,3,180.167298,176.3945179,181.8536916,1.610403204702378,0.0,0,-0.8275093737386768,-0.2629,-0.5646093737386768,-0.2722727505363311,-0.5552366232023458,5.5<= M < 6.0,150<= R < 200,,0.0,0.5685822065251183,s3,0.0025710303710499,0.0026475266146788,0.0027154711896024,0.0028254449469928,0.0027014142884811,0.0027552917614678,0.0030382295198776,0.0040310328165137,0.005189901706422,0.0056535429184505,0.0056403228685015,0.0054799315565749,0.0039692912415902,0.0055537226656472,0.0051578812059123,,,,,,,
650,CO_19990125181918,20,4.445,-75.659,17.0,6.1355,RNAC_100,CGUAD,91,5.0647,-74.5902,1,0.38,3.91108924429518,3,138.4273071,132.378635,140.4222854,2.037749305891642,40.21942871309859,1,-0.7376093737386769,-0.0419,-0.6957093737386768,-0.0906508326576597,-0.6469585410810171,6.0<= M < 6.5,100<= R < 150,25.0,29.05454823595177,0.4987205432183052,s3,0.0063830124740061,0.0064100629041794,0.0064571885688073,0.0066175241100917,0.0069710691233435,0.0077589093557594,0.0106469586748216,0.0182017619571865,0.0143082725178389,0.0184278219367991,0.0161176924464831,0.0103955713251783,0.0092508985698267,0.0103140504892966,0.0056828537084607,0.0044905816890927,,,,,,
654,CO_20070424085334,47,5.621,-75.895,50.6,5.1307,RNAC_100,CGUAD,91,5.0647,-74.5902,1,0.38,3.91108924429518,3,156.613428,164.6300997,165.4645973,1.6,0.0,0,-0.3359093737386768,0.6116,-0.9475093737386768,0.3734505728446608,-0.7093599465833376,5.0<= M < 5.5,150<= R < 200,,0.0,0.3877054513199861,s3,0.0030673511243628,0.0030821008093781,0.0031122465545361,0.003205250285423,0.0034181248328236,0.0038403717043832,0.0061138396625891,0.0100838537900101,0.0073727486778797,0.007620583914373,0.0085616365871559,0.0032383544597349,0.0039073048226299,0.0020450970835881,0.0010275844740061,,,,,,,
657,CO_20080524192044,53,4.374,-73.708,14.6999999999999,5.8671,RNAC_100,CGUAD,91,5.0647,-74.5902,0,0.38,3.91108924429518,3,124.3513003,119.5753575,125.9571723,1.931200965600483,0.0,0,-0.2054093737386768,-0.0735,-0.1319093737386768,-0.10375249495187,-0.1016568787868068,5.5<= M < 6.0,100<= R < 150,,0.0,0.8764204181862568,s3,0.011054799490316,0.0111153014271151,0.0112369035779816,0.0117242217023445,0.0127332098369011,0.0149918259836901,0.0247017159021406,0.0388562824464831,0.0334312380326197,0.0377430417227319,0.0284762091335372,0.0122878165443425,0.0099394364138634,0.0058148276055045,0.0017523357624872,,,,,,,
662,CO_20140109125017,85,3.017,-75.9317,15.3999999999999,5.0104,RNAC_100,CGUAD,91,5.0647,-74.5902,0,0.38,3.91108924429518,3,272.0359474,269.5064958,272.6334389,20.30456852791878,0.4432914363776102,1,0.1625906262613232,0.21,-0.04740937373867682,0.209970453577446,-0.04737982731612284,5.0<= M < 5.5,250<= R < 300,0.0,0.162953256955338,0.9536968992007415,s3,0.0011905448379204,0.0011896117094801,0.0012321737247706,0.0012441239153924,0.0012875663995922,0.0014982709235474,0.0022959739153924,0.0028089929734964,0.0033858236075433,0.003702009617737,0.0043453850560652,0.0023777826452599,0.0010442772833843,0.0009417993425076,0.0003437394791029,0.0002028943445463,6.748769113149847e-05,3.633262589194699e-05,1.771051478083588e-05,1.087767584097859e-05,7.364558613659531e-06,4.560140672782875e-06
689,CO_20151229025406,110,6.86,-76.7,5.69999999999999,5.0933,RNAC_248,GUY2C,190,5.226,-75.3829,1,0.92,1.95991916522137,1,232.2583298,230.1962473,232.5079774,29.46593001841621,11.62888194584384,1,-0.7434784235553218,-0.0449,-0.6985784235553217,-0.2916980704409847,-0.4517803531143371,5.0<= M < 5.5,200<= R < 250,0.0,5.006874007859088,0.4972917397694573,s1,0.0002559543261977,0.0002590987268093,0.0002563630988786,0.0002584438277268,0.0002696684566768,0.0002824171906218,0.0003337980234454,0.0004651131763506,0.0004884819898063,0.0004869467798165,0.0005940501162079,0.0007214368664627,0.000847245590214,0.0007007384352701,0.000187863246687,9.32851386340469e-05,4.375812130479103e-05,2.832266870540265e-05,2.380125586136596e-05,1.674506116207951e-05,8.072226299694189e-06,4.727416921508664e-06
697,CO_20080524192044,53,4.374,-73.708,14.6999999999999,5.8671,RNAC_249,IBA1C,194,4.447,-75.235,0,0.25,1.62034343045018,3,169.4691868,164.1197139,170.6783075,1.6,0.0,0,0.3049587794874772,-0.0735,0.3784587794874772,-0.10375249495187,0.4087112744393472,5.5<= M < 6.0,150<= R < 200,,0.0,1.46003262226461,s3,0.0061710142415902,0.006213680374108,0.0062795712813455,0.0065186023730886,0.0084345491049949,0.012427474138634,0.0150654041896024,0.0172299449745158,0.0172079475637105,0.0159101892048929,0.013133666972477,0.0151225208358817,0.0079221217268093,0.0102194186544342,0.0038337380438328,,,,,,,
702,CO_20100729193445,64,3.907,-75.097,33.1,5.0567,RNAC_249,IBA1C,194,4.447,-75.235,0,0.25,1.62034343045018,3,62.74281438,69.35348309,72.21336944,17.11229946524064,0.0,0,1.717958779487477,0.5211,1.196858779487477,0.4637739352885272,1.25418484419895,5.0<= M < 5.5,50<= R < 100,,0.0,3.309704066455946,s3,0.0422064902140672,0.046968434362895,0.0453336294087665,0.0617472641488277,0.0823528866666666,0.1180629117227319,0.1533036349643221,0.1079084331294597,0.0734562040978593,0.0554807222120285,0.0244838476656473,0.0168133120387359,0.0091581966697247,0.0035396968797145,0.0010525625270132,0.0005675435820591,0.0002513011172273,0.0001458869979612,9.31836748216106e-05,6.393766972477063e-05,4.140661875637105e-05,2.445944342507645e-05
721,CO_20151229025406,110,6.86,-76.7,5.69999999999999,5.0933,RNAC_249,IBA1C,194,4.447,-75.235,0,0.25,1.62034343045018,3,312.9684386,310.4995338,313.0841328,18.05869074492099,57.17687598994286,1,0.5156587794874772,-0.0449,0.5605587794874772,-0.2916980704409847,0.8073568499284619,5.0<= M < 5.5,,50.0,18.26921469963932,1.751651013539661,s3,0.0005096058236493,0.0005773978603465,0.0007934931763506,0.0012426723486238,0.0016235859826707,0.0007923102762487,0.0001920984342507,0.0002370079785932,0.0003118717645259,0.000229432069317,0.0002428217003058,0.0001870151039755,0.0002220667716615,0.0001408481997961,6.178970846075434e-05,4.388647910295617e-05,2.272190723751274e-05,1.354908970438328e-05,5.82256371049949e-06,4.483199796126402e-06,2.867112130479103e-06,1.957719673802243e-06
729,CO_20080524192044,53,4.374,-73.708,14.6999999999999,5.8671,RNAC_105,CIBA3,96,4.4318,-75.1881,0,0.14,1.71443527417372,1,164.2019565,158.8753911,165.4249364,3.978120338140228,0.0,0,0.6571946854555241,-0.0735,0.7306946854555241,-0.10375249495187,0.7609471804073941,5.5<= M < 6.0,150<= R < 200,,0.0,2.076522636811656,s1,0.0066199830438328,0.0066738509449541,0.0068576307838939,0.0088416401304791,0.0101365610815494,0.012488701304791,0.0152090337512742,0.0154554015494393,0.016946360254842,0.0161072295005096,0.0118735947910295,0.0080516213282364,0.0060549365168195,0.0065644604587155,0.0028895795107033,0.0009533075219164,0.0003622936187563,,,,,
738,CO_20140109125017,85,3.017,-75.9317,15.3999999999999,5.0104,RNAC_251,MACC,195,2.1452,-73.8477,0,0.14,2.26254199829521,2,250.761515,250.0566423,251.3581765,21.65087956698241,0.9435260198763076,1,1.345710771874131,0.21,1.135710771874131,0.209970453577446,1.135740318296685,5.0<= M < 5.5,250<= R < 300,0.0,0.3762642843644917,3.113385663618426,s2,0.0023389507471967,0.0023600331365953,0.0023981797971457,0.0026902048929663,0.0049047597502548,0.0063641969571865,0.0059796433639143,0.0082590218786952,0.0097056098287461,0.0065368449704383,0.0045410980825688,0.0032844533058103,0.0015934747308868,0.0008442642589194,0.0006297226727828,0.0002314423690112,9.416010499490316e-05,5.858529255861366e-05,3.735923241590214e-05,2.090095718654434e-05,1.081749745158002e-05,5.83251376146789e-06
763,CO_19990125181918,20,4.445,-75.659,17.0,6.1355,RNAC_253,MAN1C,197,5.0715,-75.5244,0,0.56,4.65837517476639,4,73.14075601,73.45092884,77.2090764,1.6,12.91753530227212,1,0.9586269739574835,-0.0419,1.000526973957484,-0.0906508326576597,1.049277806615143,6.0<= M < 6.5,50<= R < 100,0.0,17.66120013923017,2.719714669693593,s4,0.0966673620795107,0.097988520061162,0.0972893032110091,0.0980987046279306,0.1024341633027523,0.1143437323139653,0.15324809235474,0.1493441272171254,0.165199845667686,0.2161823180428134,0.283485750764526,0.2960846865443425,0.2582365078491335,0.128439122833843,0.0483536106218144,,,,,,,
773,CO_20080524192044,53,4.374,-73.708,14.6999999999999,5.8671,RNAC_253,MAN1C,197,5.0715,-75.5244,1,0.56,4.65837517476639,4,215.7193475,210.065536,216.7580816,3.254811017535294,25.22837204437986,1,-0.4717730260425166,-0.0735,-0.3982730260425166,-0.10375249495187,-0.3680205310906466,5.5<= M < 6.0,200<= R < 250,25.0,11.69499738282857,0.6714786714683355,s4,0.0033180410203873,0.0033391240356778,0.0033726073659531,0.0036177144383282,0.0037372991906218,0.0037104929847094,0.0042452218603465,0.005326040914373,0.0064704793323139,0.0071804258175331,0.0092041960927624,0.0114250637716615,0.0095005159266055,0.0080871302945973,0.0029325457818552,0.0014760646197757,0.0005673930275229,,,,,
786,CO_20140105033638,84,4.609,-76.6867,32.7999999999999,5.5045,RNAC_253,MAN1C,197,5.0715,-75.5244,0,0.56,4.65837517476639,4,138.4889495,139.6729029,143.5501069,12.51956181533646,0.0,0,-0.2734730260425166,-0.1887,-0.08477302604251657,-0.3002000301742843,0.02672700413176776,5.5<= M < 6.0,100<= R < 150,,0.0,0.9187207864310154,s4,0.006673887706422,0.0066914011376146,0.006724487559633,0.0068752352038735,0.0067985275076452,0.0072901896615698,0.0084081911396534,0.0079431472232415,0.0099365116605504,0.0118667382364933,0.018554652864424,0.0287594799184505,0.0146500721712538,0.0051595127543323,0.0021426052415902,0.0008580007635066,0.0003736387512742,0.0001807522884811,0.0001138993486238,6.749663404689092e-05,4.616205810397554e-05,2.300963200815495e-05
787,CO_20140109125017,85,3.017,-75.9317,15.3999999999999,5.0104,RNAC_253,MAN1C,197,5.0715,-75.5244,1,0.56,4.65837517476639,4,232.9913067,230.9945011,233.7799071,19.11589008363202,15.19019844117381,1,0.3959269739574834,0.21,0.1859269739574834,0.209970453577446,0.1859565203800374,5.0<= M < 5.5,200<= R < 250,0.0,6.519641722398138,1.20433430939783,s4,0.0021368957522935,0.0022009310591233,0.002308135061162,0.0026886027502548,0.0032172370866462,0.002306272991845,0.0023326788358817,0.0029652066768603,0.0035388896921508,0.0042746188634046,0.0086594771681957,0.0080079018878695,0.0051550472120285,0.0023779191916411,0.0006043317492354,0.000361425022426,0.0001113503669724,5.912591845056065e-05,3.585183078491336e-05,2.286033843017329e-05,1.435848827726809e-05,8.07151987767584e-06
802,CO_20151012043541,107,7.54,-77.48,10.0,4.9386,RNAC_253,MAN1C,197,5.0715,-75.5244,1,0.56,4.65837517476639,4,348.8390913,346.699316,349.0752471,4.291845493562231,0.0,0,-0.0484730260425166,0.1429,-0.1913730260425166,-0.04871344236181768,0.0002404163193010719,4.5<= M < 5.0,,,0.0,0.8258244766516213,s4,0.0005078952385321,0.0005219048970438,0.0005606458685015,0.0008053567268093,0.0006495140927624,0.0005478241019367,0.0005007133098878,0.0005734131732925,0.0006284492925586,0.0007648885606523,0.0013177931600407,0.0021441180193679,0.001177403069317,0.0005984800917431,0.0001516540846075,7.605285117227319e-05,2.526054740061162e-05,1.275984403669725e-05,,,,
804,CO_20151229025406,110,6.86,-76.7,5.69999999999999,5.0933,RNAC_253,MAN1C,197,5.0715,-75.5244,1,0.56,4.65837517476639,4,237.0640414,234.7929753,237.2513478,9.580838323353293,0.0,0,0.1218269739574834,-0.0449,0.1667269739574834,-0.2916980704409847,0.4135250443984682,5.0<= M < 5.5,200<= R < 250,,0.0,1.181431659659953,s4,0.0017684578358817,0.0017985200050968,0.0018068287767584,0.0018706934352701,0.0019886229164118,0.0018871417359836,0.0020041423098878,0.0022628877003058,0.0026770404607543,0.0032579328073394,0.004836268030581,0.007211015022426,0.0065831631416921,0.0018219721264016,0.0007504850764525,0.0003113978888888,0.0001164334525993,7.369690723751274e-05,4.27408501529052e-05,2.8464874617737e-05,1.475151376146789e-05,
822,CO_20110302185048,69,8.591,-76.917,33.6,5.767,RNAC_131,CMONT,103,8.8043,-75.8513,0,0.7,3.91791026308355,4,122.3787521,121.9440454,127.5290847,1.6,0.0,0,-0.7046490375387802,-0.0034,-0.7012490375387802,-0.1707156347156809,-0.5339334028230993,5.5<= M < 6.0,100<= R < 150,,0.0,0.4959654373046105,s4,0.0066374449449541,0.0066965087726809,0.0067798225993883,0.0071059134668705,0.0078777150336391,0.0103973041488277,0.0223814048623853,0.0144602150254842,0.0142737696839959,0.0098773774159021,0.0133774927828746,0.0082357597686034,0.0067382315606523,0.0048857390193679,0.0033487347278287,,,,,,,
823,CO_20141128043623,95,8.7436,-77.4611,51.4,5.0937,RNAC_131,CMONT,103,8.8043,-75.8513,0,0.7,3.91791026308355,4,176.9981767,181.3407944,184.8152659,14.01320744801976,0.0,0,-0.8037490375387802,-0.171,-0.6327490375387802,-0.4341867591129447,-0.3695622784258355,5.0<= M < 5.5,150<= R < 200,,0.0,0.5311296967635932,s4,0.0015152373333333,0.0015410684862385,0.0015796054291539,0.0015559474719673,0.0016339805443425,0.001727055706422,0.003024445980632,0.0047910571681957,0.0043432393843017,0.0039615416839959,0.0028710452212028,0.0024692247584097,0.0013862372711518,0.0014375887196738,0.0007965007543323,0.0005024753955147,0.0001578183200815,7.671867074413864e-05,3.779665647298674e-05,4.273652395514781e-05,1.897080530071356e-05,9.44103363914373e-06
825,CO_20150729001025,105,8.23,-77.32,12.0,5.9287,RNAC_131,CMONT,103,8.8043,-75.8513,0,0.7,3.91791026308355,4,172.3609736,167.6073381,173.12134,1.6,0.0,0,-1.72094903753878,-0.0974,-1.62354903753878,-0.2346926396346229,-1.486256397904157,5.5<= M < 6.0,150<= R < 200,,0.0,0.1971975940316722,s4,0.0015090250530071,0.0015146860316004,0.0015203648593272,0.0015447034464831,0.0016081846931702,0.0017068500234454,0.00249590308053,0.0034177356921508,0.0045245751671763,0.0037592777125382,0.0033917027033639,0.0032943539306829,0.0036556018297655,0.0024775213027522,0.0018527427522935,,,,,,,
829,CO_19990125181918,20,4.445,-75.659,17.0,6.1355,RNAC_132,CNEIV,104,2.9392,-75.2732,1,0.22,1.36942001241838,3,171.1990218,167.7776465,172.743361,1.6,0.0,0,1.084448118734474,-0.0419,1.126348118734474,-0.0906508326576597,1.175098951392133,6.0<= M < 6.5,150<= R < 200,,0.0,3.084372147246733,s3,0.0167359253516819,0.0168409102140672,0.0170058268195718,0.0175986717125382,0.0204070828542303,0.0235696932721712,0.0354172445667686,0.0547015870642201,0.0590985748216106,0.0651154979204892,0.0324336024159021,0.0309781965341488,0.0193949955045871,0.0103044650356778,0.0079847267217125,,,,,,,
831,CO_20100729193445,64,3.907,-75.097,33.1,5.0567,RNAC_132,CNEIV,104,2.9392,-75.2732,0,0.22,1.36942001241838,3,108.9347115,112.0854316,114.4133655,20.25419008557395,0.0,0,0.9429481187344737,0.5211,0.4218481187344738,0.4637739352885272,0.4791741834459465,5.0<= M < 5.5,100<= R < 150,,0.0,1.524776922047108,s3,0.0081621684475025,0.0082470374546381,0.0084580255616717,0.0103096297655453,0.0122188674209989,0.0179063622222222,0.0272889786442405,0.0281934215188583,0.0256769136799184,0.025742931590214,0.0147083192762487,0.0099558971151885,0.0031118553608562,0.0023452759388379,0.000918050756371,0.000732549717635,0.0002251351111111,0.000124217786952,6.318062793068298e-05,4.215909480122324e-05,2.396752599388379e-05,1.281008358817533e-05
841,CO_20151229025406,110,6.86,-76.7,5.69999999999999,5.0933,RNAC_273,NIZA,204,5.0578,-75.4707,1,0.24,1.34633142205563,1,241.6128338,239.3550296,241.7982182,1.6,0.0,0,-0.9070781871581958,-0.0449,-0.8621781871581957,-0.2916980704409847,-0.615380116717211,5.0<= M < 5.5,200<= R < 250,,0.0,0.4222413592218516,s1,0.0002136092945973,0.0002141519785932,0.0002242860978593,0.0002174008807339,0.0002353517268093,0.0002416897380224,0.0003028046218144,0.0006020066075433,0.000690073216106,0.000713684099898,0.0006303918634046,0.0005309268858307,0.0006279836697247,0.0003850792844036,0.0001393380387359,,,,,,,
846,CO_20070424085334,47,5.621,-75.895,50.6,5.1307,RNAC_274,NOR,205,5.5635,-74.8691,0,0.15,2.70488481760605,2,113.1977666,123.7392188,124.9423337,5.928121526491293,32.42120782088304,1,0.7014115253047243,0.6116,0.08981152530472425,0.3734505728446608,0.3279609524600635,5.0<= M < 5.5,100<= R < 150,25.0,28.64120803323609,1.093968078973308,s2,0.0064816493486238,0.0065631482334352,0.0066998007166156,0.0093958056330275,0.0124250847706422,0.0118638097145769,0.0163041276146789,0.0120717816921508,0.0097152316901121,0.0112109855963302,0.012990220540265,0.0107762187155963,0.0044294876778797,0.001651315069317,0.0006077351661569,0.0003048610662589,0.0001168160784913,6.276702344546381e-05,3.897713047910296e-05,,,
856,CO_20130825233555,82,7.644,-74.999,24.6999999999999,4.8747,RNAC_274,NOR,205,5.5635,-74.8691,1,0.15,2.70488481760605,2,231.5066434,230.7493847,233.0192202,1.6,21.73289469696875,1,0.06791152530472425,-0.0116,0.07951152530472425,-0.3128799031506486,0.3807914284553728,4.5<= M < 5.0,200<= R < 250,0.0,9.38759008285494,1.082758038573864,s2,0.0006543170978593,0.0006597846564729,0.0006723520907237,0.0007302405881753,0.0008925289959225,0.0012184491896024,0.003212320069317,0.0019519332150866,0.0013214292415902,0.0009444954362895,0.0004831301151885,0.000382920540265,0.0001939553170234,0.000236123296636,8.035771865443425e-05,,,,,,,
858,CO_20140105033638,84,4.609,-76.6867,32.7999999999999,5.5045,RNAC_274,NOR,205,5.5635,-74.8691,0,0.15,2.70488481760605,2,227.4194903,226.0873512,230.2713044,3.4342133505044,56.48094132843308,1,-1.055388474695276,-0.1887,-0.8666884746952758,-0.3002000301742843,-0.7551884445209914,5.5<= M < 6.0,200<= R < 250,50.0,24.83557642923496,0.4203412175954273,s2,0.0004716933333333,0.0004721259041794,0.0004759671753312,0.0004844891926605,0.0004971542884811,0.0007755603618756,0.0012198812456676,0.0008363352517838,0.0008989002262996,0.0008242860244648,0.0009890890764525,0.001116541737003,0.0013557667787971,0.0004045147849133,0.0003227385616717,0.0001904510550458,0.0001016243445463,,,,,
859,CO_20140109125017,85,3.017,-75.9317,15.3999999999999,5.0104,RNAC_274,NOR,205,5.5635,-74.8691,1,0.15,2.70488481760605,2,306.7678868,304.1858425,307.2684915,29.46593001841621,48.33366456868162,1,0.2838115253047243,0.21,0.07381152530472425,0.209970453577446,0.07384107172727825,5.0<= M < 5.5,,25.0,15.75577713588814,1.07660387378603,s2,0.000427320285423,0.000441779119266,0.0004352347339449,0.0004502259734964,0.0006480812589194,0.0007615611590214,0.0018492482130479,0.0018153827013251,0.001042400277268,0.0007180118654434,0.0005673911600407,0.0007885038776758,0.0004644806126401,0.0003402200897043,0.0001084909449541,4.340868399592253e-05,3.138289500509684e-05,1.629383078491335e-05,7.91654638124363e-06,4.000584097859327e-06,2.519730886850153e-06,1.729084607543323e-06
882,CO_20151229025406,110,6.86,-76.7,5.69999999999999,5.0933,RNAC_274,NOR,205,5.5635,-74.8691,1,0.15,2.70488481760605,2,247.7307692,245.8894437,247.8526638,14.14677276746242,28.72863639349442,1,-0.9480884746952759,-0.0449,-0.9031884746952759,-0.2916980704409847,-0.6563904042542912,5.0<= M < 5.5,200<= R < 250,25.0,11.59671706759243,0.405275387142867,s2,0.000231579895005,0.0002357757655453,0.0002358789051987,0.0002395056799184,0.000263623706422,0.0003143970835881,0.0007641334556574,0.0006293141447502,0.0007836450050968,0.0005781998124362,0.0006485628042813,0.0006408834882772,0.0003536381284403,0.0002512660428134,8.871645871559632e-05,4.54167757390418e-05,3.561491437308869e-05,1.343100713557594e-05,8.439217125382262e-06,6.497002038735983e-06,3.339554536187564e-06,1.878141692150866e-06
902,CO_20150205042151,97,8.24,-72.14,5.0,5.2789,RNAC_275,OCA,206,8.2389,-73.3196,0,0.28,1.94396107870031,3,130.6069664,127.4488899,130.8502916,14.14677276746242,0.0,0,0.7820144287595512,0.0559,0.7261144287595512,0.1557216651187647,0.6262927636407865,5.0<= M < 5.5,100<= R < 150,,0.0,2.067033378309351,s3,0.0074432291416921,0.0075228906248725,0.0078851053149847,0.0186476447400611,0.0227584515392456,0.0260272712538226,0.0234829522833843,0.0200478152395514,0.0153481186646279,0.0133098236901121,0.0091001245178389,0.005719007216106,0.0044257746228338,0.0032222233771661,0.0007259387696228,0.0003602020030581,0.0002183999673802,0.0001187487084607,6.901888990825688e-05,6.148794801223241e-05,5.228009785932722e-05,2.29547869520897e-05
938,CO_20151229025406,110,6.86,-76.7,5.69999999999999,5.0933,RNAC_277,PAL,208,4.9056,-76.2825,1,0.26,3.48117656755492,3,221.9295715,219.3817247,222.0716549,4.468025691147725,0.0,0,0.5624283535587717,-0.0449,0.6073283535587718,-0.2916980704409847,0.8541264239997565,5.0<= M < 5.5,200<= R < 250,,0.0,1.83552097915807,s3,0.0026323588307849,0.0026445622895005,0.0026599830856269,0.0028410725310907,0.0032568525912334,0.0034538558888888,0.0069006355616717,0.0074281890132517,0.0075013395025484,0.0098607769041794,0.0064674081896024,0.0038449157512742,0.0010970206839959,0.0005213770316004,0.0002696977502548,0.0001292313812436,5.915041590214067e-05,2.555588073394496e-05,,,,
942,CO_20150205042151,97,8.24,-72.14,5.0,5.2789,RNAC_278,PAM,209,7.3395,-72.6996,0,0.26,1.46409378623116,3,117.1163442,114.5297094,117.5791629,1.6,0.0,0,0.1707694806062784,0.0559,0.1148694806062784,0.1557216651187647,0.01504781548751369,5.0<= M < 5.5,100<= R < 150,,0.0,1.121727020886351,s3,0.0039467238093781,0.0040122874750254,0.0040750763119266,0.004697481207951,0.006888403099898,0.009419886296636,0.0097205974159021,0.0109974321202854,0.0125826425688073,0.0080141400366972,0.0054194405188583,0.0026548018786952,0.0016832280142711,0.0011035924678899,0.0004616539949031,,,,,,,
957,CO_20140217094136,87,6.5355,-71.7051,41.1,5.3235,RNAC_138,CPAMP,110,7.379,-72.6372,0,0.34,2.41260504925588,3,139.1125689,142.3327885,146.1484834,1.6,0.0,0,1.723563776511747,0.2625,1.461063776511747,-0.004158254861956217,1.727722031373704,5.0<= M < 5.5,100<= R < 150,,0.0,4.310542544172103,s3,0.0262898301427115,0.026482601845056,0.0268576719164118,0.0285399902038736,0.0321590771559633,0.0428099417635066,0.0628351291539245,0.0932340029459735,0.056775491845056,0.0738018532619775,0.0410289817940876,0.0567703847808358,0.0154842555861365,0.0084596756422018,0.0036170044546381,,,,,,,
958,CO_20150205042151,97,8.24,-72.14,5.0,5.2789,RNAC_138,CPAMP,110,7.379,-72.6372,0,0.34,2.41260504925588,3,109.7889261,107.127256,110.1676603,2.10227571345982,0.0,0,0.4169637765117474,0.0559,0.3610637765117474,0.1557216651187647,0.2612421113929826,5.0<= M < 5.5,100<= R < 150,,0.0,1.434854968005245,s3,0.0079289193343527,0.0080764889969418,0.0083277173649337,0.0099189961855249,0.0170253579102956,0.025662848246687,0.0197687529459734,0.0170224216004077,0.0171813781039755,0.0130601797349643,0.0059383756065239,0.0060105824974515,0.006057417590214,0.0042639198175331,0.0018490129898063,0.0006165090560652,,,,,,
972,CO_20141020193321,93,0.7502,-77.9307,3.1,5.6074,RNAC_279,PAS1,210,1.189,-77.322,0,1.0,1.36150170156438,5,83.37421838,83.60872233,83.91515608,3.363464368299348,53.18284311082201,1,-1.359944296781131,-0.6886,-0.6713442967811308,-0.6709665309519168,-0.688977765829214,5.5<= M < 6.0,50<= R < 100,50.0,63.78811597180698,0.5110211517483747,s5,0.0013648333832823,0.0013726651213047,0.0013840154138634,0.0014466719622833,0.0016266706238532,0.0019776257461773,0.0020801655290519,0.0024496441987767,0.0040018118583078,0.0045591189928644,0.0042072981294597,0.0028829448358817,0.001776042235474,0.0018521726320081,0.0020415079500509,0.0033184835096839,0.0035169894189602,,,,,
1009,CO_20141020193321,93,0.7502,-77.9307,3.1,5.6074,RNAC_280,PAS2,211,1.2097,-77.2563,0,1.0,3.21114041359097,5,90.67712588,90.72782682,91.11400066,1.6,51.18337305355482,1,-1.387899460101502,-0.6886,-0.6992994601015022,-0.6709665309519168,-0.7169329291495854,5.5<= M < 6.0,50<= R < 100,50.0,56.44573816917146,0.4969333034893276,s5,0.002016727266055,0.0020250818114169,0.0020340635127421,0.0021148898919469,0.0023797026462793,0.0027706136687054,0.0033768113180428,0.0045814442782874,0.0045494557054026,0.0047185139867482,0.005416715119266,0.0043341507410805,0.0073168394016309,0.0054990432742099,0.0029026810744138,,,,,,,
1029,CO_20151229025406,110,6.86,-76.7,5.69999999999999,5.0933,RNAC_290,PTB,216,6.5395,-74.4564,0,0.09,2.07488520140718,2,249.4434091,248.6356402,249.5563036,6.791171477079796,0.0,0,-0.8299284300951782,-0.0449,-0.7850284300951782,-0.2916980704409847,-0.5382303596541935,5.0<= M < 5.5,200<= R < 250,,0.0,0.4561067344434371,s2,0.0002723896666666,0.0002735382008154,0.0002782352048929,0.0003570568572884,0.0005623610835881,0.0005977980764525,0.0004227474780835,0.0006474403924566,0.0006333826248725,0.0008314517665647,0.0007432919714576,0.0006930413180428,0.0005879152262996,0.0002734358868501,0.0001747985626911,7.208597247706422e-05,4.585014373088686e-05,3.084075331294597e-05,1.451264016309888e-05,1.161654026503568e-05,,
1030,CO_19940606204742,1,2.91,-75.978,12.0,6.7765,RNAC_146,CPENS,116,5.3908,-75.1577,1,0.34,8.90608481499931,3,290.0782834,273.2745594,291.2392974,1.6,108.5604968481519,1,0.3659532836720458,0.5582,-0.1922467163279542,0.2451238604848695,0.1208294231871763,,250<= R < 300,100.0,37.42455159887088,0.825103276927367,s3,0.0172584475433231,0.0177391157186544,0.0174561993577981,0.0187865270132517,0.0207233367278287,0.0255120388379204,0.03514528235474,0.0384109466360856,0.0533341652599388,0.0564358882874617,0.0474495150968399,0.0349309969520897,0.015365394424057,0.0068754584923547,0.0045993042375127,,,,,,,
1031,CO_19950119150505,4,5.046,-72.939,17.0,6.4996,RNAC_146,CPENS,116,5.3908,-75.1577,1,0.34,8.90608481499931,3,255.1315088,243.2617972,256.2476329,6.392329204954055,0.0,0,-0.3739467163279542,0.2872,-0.6611467163279542,0.07860341409672267,-0.4525501304246768,6.0<= M < 6.5,200<= R < 250,,0.0,0.5162589923164436,s3,0.012763884424057,0.0130757085117227,0.0131199609480122,0.0132147958817533,0.0139618470540265,0.0165171721406727,0.0251697698878695,0.0300284039245667,0.0523612935372069,0.0497437251783893,0.0492029271559633,0.0285145853822629,0.0115049297349643,0.0042068779571865,0.0020649064475025,0.0018216614189602,0.001351279207951,0.0010038211987767,0.0007665108848114,0.0006494735749235,,
1038,CO_19990125181918,20,4.445,-75.659,17.0,6.1355,RNAC_146,CPENS,116,5.3908,-75.1577,0,0.34,8.90608481499931,3,120.8029225,119.0196582,123.2892078,1.6,70.17512993715128,1,-0.05304671632795419,-0.0419,-0.01114671632795419,-0.0906508326576597,0.03760411632970551,6.0<= M < 6.5,100<= R < 150,50.0,58.09058960237595,0.9889151781277188,s3,0.0220393581447502,0.0221762795718654,0.0223961905096839,0.0232767896534148,0.0281389511314984,0.0407008262691131,0.0580244996839959,0.0609527401325178,0.0740186106116208,0.0755653462793068,0.0683209097961264,0.0422212089092762,0.0112034089602446,0.0068392488093781,0.0028196405616717,,,,,,,
1042,CO_20080524192044,53,4.374,-73.708,14.6999999999999,5.8671,RNAC_146,CPENS,116,5.3908,-75.1577,1,0.34,8.90608481499931,3,196.4413728,191.1748514,197.5711001,1.6,0.0,0,-0.2103467163279542,-0.0735,-0.1368467163279542,-0.10375249495187,-0.1065942213760842,5.5<= M < 6.0,150<= R < 200,,0.0,0.8721038951746647,s3,0.0093088944587155,0.009356697540265,0.0094299015769622,0.0097018790937818,0.0112990614475025,0.017393508786952,0.0163174998165137,0.0215213091437308,0.0274179779510703,0.0433976242609582,0.0198106541182466,0.00866885535474,0.0034687639001019,0.0042967158287461,0.0017369894780835,,,,,,,
1052,CO_20140105033638,84,4.609,-76.6867,32.7999999999999,5.5045,RNAC_149,CPER3,119,4.8074,-75.738,0,0.34,7.81068516362955,3,107.2067389,109.9601494,113.3796015,1.6,0.0,0,-0.1260561553943469,-0.1887,0.06264384460565314,-0.3002000301742843,0.1741438747799375,5.5<= M < 6.0,100<= R < 150,,0.0,1.064647591716922,s3,0.01641914872579,0.0165763313557594,0.0168061253312945,0.0177181614882772,0.0211078972375127,0.0319482830275229,0.0533736559429154,0.0482972358103975,0.0356961561264016,0.0387259164729867,0.0308561193476044,0.026466552640163,0.0088467250387359,0.0039108099011213,0.0016396075535168,,,,,,,
1073,CO_20151012043541,107,7.54,-77.48,10.0,4.9386,RNAC_285,PIZC,212,4.9653,-77.3597,1,0.24,1.4704388834763,3,286.8849059,284.5005196,287.085238,1.665278934221482,0.0,0,-1.07257985631179,0.1429,-1.21547985631179,-0.04871344236181768,-1.023866413949972,4.5<= M < 5.0,250<= R < 300,,0.0,0.2965676702759841,s3,0.0001345600927624,0.0001356129266055,0.0001360676462793,0.0001355278114169,0.0001361015993883,0.000136714825688,0.0001421869327217,0.0001476895718654,0.0001611728012232,0.0001551400346585,0.0001765875524974,0.0002356389102956,0.0004173409490316,0.0004209532456676,0.0004357768287461,,,,,,,
1075,CO_20151229025406,110,6.86,-76.7,5.69999999999999,5.0933,RNAC_285,PIZC,212,4.9653,-77.3597,1,0.24,1.4704388834763,3,223.1889433,220.494723,223.3086419,5.526770293609673,0.0,0,-1.31727985631179,-0.0449,-1.27237985631179,-0.2916980704409847,-1.025581785870805,5.0<= M < 5.5,200<= R < 250,,0.0,0.280164077515519,s3,0.0002190611875637,0.0002208029673802,0.0002215332018348,0.000223623424057,0.0002342085565749,0.0002433779755351,0.0003361695616717,0.0004485777298674,0.0006844442996941,0.0005063180662589,0.000467102933741,0.000498763443425,0.0006048286371049,0.0004995840448521,0.0002793428848114,0.0001401550795107,8.075452089704383e-05,4.990549031600408e-05,2.327955249745158e-05,,,
1093,CO_19990125181918,20,4.445,-75.659,17.0,6.1355,RNAC_153,CPLAT,122,2.3848,-75.9069,1,0.2,1.64174226592705,2,228.8550786,227.8062315,230.07106,2.002252534100863,0.0,0,0.8801434337460943,-0.0419,0.9220434337460943,-0.0906508326576597,0.970794266403754,6.0<= M < 6.5,200<= R < 250,,0.0,2.514423201091551,s2,0.0078312441732925,0.0078710308664627,0.0079474026381243,0.0083479495280326,0.0087130673109072,0.0101773800958205,0.0148781629561671,0.0272699970234454,0.0180651230581039,0.0164895807135575,0.0199953612640163,0.0171957301325178,0.0091299173669724,0.009391181207951,0.0060474816269113,0.0025792452609582,,,,,,
1095,CO_20040818070652,34,2.221,-76.623,22.9,5.0667,RNAC_153,CPLAT,122,2.3848,-75.9069,1,0.2,1.64174226592705,2,81.57522651,82.51732704,85.51828932,12.05727204220045,36.19406338117248,1,-0.007956566253905617,-0.4105,0.4025434337460944,-0.2327614561870769,0.2248048899331713,5.0<= M < 5.5,50<= R < 100,25.0,44.36894009327156,1.49562388436227,s2,0.0037241952283384,0.0037986769194699,0.003902392285423,0.0042709703679918,0.0064584441233435,0.0066281444393476,0.0077179915810397,0.006165459953109,0.0066130826371049,0.0110116869317023,0.0081713121783893,0.008338306011213,0.0061090413771661,0.0027710660397553,0.0014086394576962,0.0004604883965341,0.0002097579082568,0.0001551018878695,0.0001394922069317,9.158901529051987e-05,5.177322120285423e-05,2.798939041794088e-05
1097,CO_20070306130508,46,2.088,-76.542,15.0,5.1816,RNAC_153,CPLAT,122,2.3848,-75.9069,1,0.2,1.64174226592705,2,78.71141436,76.98128448,80.63699712,1.6,25.92166349137362,1,-0.3652565662539057,-0.4272,0.06194343374609435,-0.1992270081133694,-0.1660295581405363,5.0<= M < 5.5,50<= R < 100,25.0,32.9325342482305,1.063902162066066,s2,0.0032555059011213,0.0033540673567787,0.0035454707879714,0.0042535791855249,0.0059852083639143,0.0074387845147808,0.0116001735881753,0.0060173178124362,0.0055323519592252,0.0040173657635066,0.0036722475953109,0.0014639229245667,0.0018147375688073,0.001451182246687,0.0009239577920489,,,,,,,
1100,CO_20140109125017,85,3.017,-75.9317,15.3999999999999,5.0104,RNAC_153,CPLAT,122,2.3848,-75.9069,0,0.2,1.64174226592705,2,70.19319039,70.63306312,72.48348537,1.6,19.10579212967411,1,0.2931434337460943,0.21,0.08314343374609434,0.209970453577446,0.0831729801686483,5.0<= M < 5.5,50<= R < 100,0.0,27.21886841660925,1.086697666487503,s2,0.0061906973567787,0.006300205196738,0.0066024639174311,0.0087599190142711,0.0146577656574923,0.0153437964220183,0.019579473088685,0.0155044390621814,0.0113755756574923,0.0075697081202854,0.0081278439602446,0.0076780885993883,0.0034682268124362,0.0017024294199796,0.000840751972477,,,,,,,
1115,CO_19990125181918,20,4.445,-75.659,17.0,6.1355,RNAC_157,CPOP2,125,2.4573,-76.5917,0,1.0,4.46190007108188,5,242.1772588,241.4277465,243.3930327,1.783524690669936,0.0,0,-0.1731855878723292,-0.0419,-0.1312855878723292,-0.0906508326576597,-0.08253475521466948,6.0<= M < 6.5,200<= R < 250,,0.0,0.8769672874030113,s5,0.0051802431406727,0.0057646341131498,0.0058789501131498,0.0063847436218144,0.0061353004403669,0.0065655225494393,0.0088719973822629,0.0095699187981651,0.011082526462793,0.0095285493333333,0.0114332654230377,0.010199660030581,0.0131593496228338,0.0168605583282364,0.0084192421213047,,,,,,,
1116,CO_20040818070652,34,2.221,-76.623,22.9,5.0667,RNAC_157,CPOP2,125,2.4573,-76.5917,0,1.0,4.46190007108188,5,26.79152015,35.36141791,37.57260821,1.6,2.144679873013262,1,-0.4643855878723291,-0.4105,-0.05388558787232919,-0.2327614561870769,-0.2316241316852523,5.0<= M < 5.5,0<= R < 50,0.0,8.005069742238057,0.9475405104261704,s5,0.0202449119877675,0.0203523659633027,0.0205368465851172,0.0219141254740061,0.0273638989194699,0.0349499555453618,0.0607969758307849,0.0411215712028542,0.0608992172171253,0.0461592225484199,0.0405402347196738,0.0333565891335372,0.049708197991845,0.0528004725178389,0.0125012204689092,,,,,,,
1118,CO_20070306130508,46,2.088,-76.542,15.0,5.1816,RNAC_157,CPOP2,125,2.4573,-76.5917,0,1.0,4.46190007108188,5,42.68923079,43.86833119,46.40340409,1.6,16.99317125973198,1,-0.5661855878723292,-0.4272,-0.1389855878723292,-0.1992270081133694,-0.3669585797589598,5.0<= M < 5.5,0<= R < 50,0.0,39.80669350386292,0.8702405703860782,s5,0.0130807821304791,0.0132566224974515,0.0135381660754332,0.0145411170948012,0.028341753374108,0.0290328239041794,0.0421184484811416,0.0394900112640163,0.0436387668195718,0.0232685705810397,0.0171427082059123,0.0156298244954128,0.0104431088379204,0.0218021568807339,0.0073421943272171,,,,,,,
1138,CO_19950119150505,4,5.046,-72.939,17.0,6.4996,RNAC_164,CPRAD,130,3.7551,-74.8905,0,0.28,1.27021717421609,1,262.0748734,248.0279069,263.0116561,2.812939521800281,0.0,0,0.6174203300609458,0.2872,0.3302203300609457,0.07860341409672267,0.5388169159642231,6.0<= M < 6.5,200<= R < 250,,0.0,1.391274634321285,s1,0.007325303138634,0.0073617373618756,0.0080905311753312,0.0078748480244648,0.0079100130662589,0.009048272041794,0.0081071844556574,0.0084096013537206,0.0092124331855249,0.0107874622731906,0.0106225108766564,0.013359396972477,0.0123093018654434,0.0215626971355759,0.0112270152089704,0.0085008931151885,,,,,,
1142,CO_19990125181918,20,4.445,-75.659,17.0,6.1355,RNAC_164,CPRAD,130,3.7551,-74.8905,1,0.28,1.27021717421609,1,113.8815652,108.1669505,116.1657192,1.637398174301036,0.0,0,-1.273979669939054,-0.0419,-1.232079669939054,-0.0906508326576597,-1.183328837281395,6.0<= M < 6.5,100<= R < 150,,0.0,0.2916853372423517,s1,0.0023917754658511,0.0027135126075433,0.0025655314678899,0.0026932089857288,0.0029947162884811,0.0045643438929663,0.0039567888277268,0.0043811825005096,0.0052296121824668,0.0052467469388379,0.0058855434057084,0.0043197911814475,0.005046171432212,0.0028728460071355,0.0019498098797145,,,,,,,
1144,CO_20080524192044,53,4.374,-73.708,14.6999999999999,5.8671,RNAC_164,CPRAD,130,3.7551,-74.8905,0,0.28,1.27021717421609,1,148.0632556,144.3618546,149.3269755,6.037735849056603,0.0,0,0.1559203300609456,-0.0735,0.2294203300609456,-0.10375249495187,0.2596728250128156,5.5<= M < 6.0,100<= R < 150,,0.0,1.257870648753226,s1,0.004659132088685,0.0056011841223241,0.0051905282680937,0.0049258037512742,0.0062087393302752,0.0077644566146788,0.0110662054740061,0.0122058123037716,0.0139712390927624,0.0145132572986748,0.0100983290713557,0.0050360455178389,0.0036304376034658,0.0021852049317023,0.0025925324291539,0.0013760565005096,0.0006087199266055,0.0003874020479102,0.0005279901508664,0.0002791183068297,,
1157,CO_20150729001025,105,8.23,-77.32,12.0,5.9287,RNAC_289,PTA,215,7.1422,-77.8085,0,0.24,8.07555177555453,3,134.341474,132.6368681,135.3216466,1.6,0.0,0,0.8788371277804827,-0.0974,0.9762371277804828,-0.2346926396346229,1.113529767415106,5.5<= M < 6.0,100<= R < 150,,0.0,2.654449073212917,s3,0.0489197959633027,0.0494209936391437,0.0512484117329255,0.0531291843425076,0.0587999966156982,0.0844669486544342,0.1070219534148827,0.2021055259938838,0.2625523885830785,0.1344803067278287,0.0379157151172273,0.0220129022731906,0.0090418672742099,0.0052665942976554,0.0039221129001019,,,,,,,
1159,CO_20151012043541,107,7.54,-77.48,10.0,4.9386,RNAC_289,PTA,215,7.1422,-77.8085,0,0.24,8.07555177555453,3,58.24531519,56.84327555,59.22307583,15.57753719137004,0.0,0,0.8204371277804828,0.1429,0.6775371277804828,-0.04871344236181768,0.8691505701423005,4.5<= M < 5.0,50<= R < 100,,0.0,1.969022305201498,s3,0.0513425468603465,0.0528620502956167,0.0521486244648318,0.0553399063506625,0.0893309622528032,0.1470130944954128,0.1362647609582059,0.1770242127420999,0.1231374588175331,0.0754397448114169,0.023246716432212,0.0122247866972477,0.0057835512935779,0.0032134951396534,0.0014312619826707,0.0008359597971457,0.0003056851539245,0.0001629328369011,0.0001026878409785,6.692985321100916e-05,4.156283588175331e-05,2.517919877675841e-05
1161,CO_20151229025406,110,6.86,-76.7,5.69999999999999,5.0933,RNAC_289,PTA,215,7.1422,-77.8085,0,0.24,8.07555177555453,3,127.1673863,125.9489613,127.3770057,17.11229946524064,0.0,0,0.7698371277804827,-0.0449,0.8147371277804828,-0.2916980704409847,1.061535198221467,5.0<= M < 5.5,100<= R < 150,,0.0,2.258581875876149,s3,0.0160776,0.0162098520183486,0.0163245342915392,0.016695972895005,0.0195764107339449,0.0203382087461773,0.0279506921610601,0.0571054520489296,0.0771863481447502,0.0542261234250764,0.0131940545463812,0.0067679056646279,0.0026005338032619,0.001265125640163,0.0005469870183486,0.0003098736126401,0.0001338934036697,6.645035066258919e-05,4.598199592252803e-05,3.335281549439348e-05,1.913951172273191e-05,1.100749337410805e-05
1174,CO_19950119150505,4,5.046,-72.939,17.0,6.4996,RNAC_169,CQUET,134,4.3285,-73.8612,0,0.28,1.61866234246013,1,131.6405568,118.7984341,133.6735576,4.659289458357601,0.0,0,0.5015832910470405,0.2872,0.2143832910470404,0.07860341409672267,0.4229798769503178,6.0<= M < 6.5,100<= R < 150,,0.0,1.239097498763604,s1,0.0193457534760448,0.0197852776962283,0.0205021191641182,0.0208413257696228,0.0231285178899082,0.0313718760040774,0.0372990139653414,0.0400372226401631,0.0479333813863404,0.0421658289500509,0.049205981049949,0.0341374995718654,0.0284710098165137,0.036028904678899,0.0153176785932721,0.0078963865137614,0.0026969666646279,0.0022267537329255,,,,
1175,CO_19950120135924,5,5.166,-72.94,54.1,5.1646,RNAC_169,CQUET,134,4.3285,-73.8612,0,0.28,1.61866234246013,1,136.7225751,145.5781574,147.8620719,6.93541395752059,0.0,0,0.07158329104704043,-0.0697,0.1412832910470404,-0.1133557186677453,0.1849390097147857,5.0<= M < 5.5,100<= R < 150,,0.0,1.151750882486335,s1,0.0024001878297655,0.0027580319571865,0.0027302736564729,0.0029793538093781,0.003876591049949,0.004478128941896,0.0045249850856269,0.0046203793771661,0.0064657994281345,0.0078892854026503,0.007735228520897,0.0033939221253822,0.002329188061162,0.0015240115647298,0.0004934230978593,0.0002986406962283,0.0001169477431192,6.144662283384302e-05,4.22965117227319e-05,3.309125484199796e-05,,
1176,CO_19950122104129,6,5.114,-72.954,21.7,5.6455,RNAC_169,CQUET,134,4.3285,-73.8612,0,0.28,1.61866234246013,1,133.8500292,129.967423,136.1815464,2.631578947368421,0.0,0,-0.1929167089529596,-0.2629,0.06998329104704043,-0.2722727505363311,0.0793560415833715,5.5<= M < 6.0,100<= R < 150,,0.0,1.072490260915183,s1,0.0031034518634046,0.003287750362895,0.0033927775331294,0.0034245445535168,0.0041451983374108,0.0052326815891946,0.0049521141090723,0.004331010304791,0.0066521009816513,0.0077545453394495,0.0071471170479102,0.0035299979887869,0.004362642872579,0.0053834621508664,0.0011890544393476,0.0005332422864424,,,,,,
1177,CO_20080524192044,53,4.374,-73.708,14.6999999999999,5.8671,RNAC_169,CQUET,134,4.3285,-73.8612,0,0.28,1.61866234246013,1,17.68317022,20.69972686,27.02151229,1.97799480776363,0.0,0,2.55108329104704,-0.0735,2.624583291047041,-0.10375249495187,2.65483578599891,5.5<= M < 6.0,0<= R < 50,,0.0,13.79882289480247,s1,0.5737137007135575,0.6202617763506626,0.6200355699286443,0.7743235546381243,1.130577063200816,0.8812896582059123,0.7193351042813456,0.6215444382262997,0.7946771903160041,0.8485667199796126,0.8680449453618756,0.777936593374108,0.4496978824668706,0.2579764757390418,0.1030929168195718,,,,,,,
1181,CO_20080524192044,53,4.374,-73.708,14.6999999999999,5.8671,RNAC_171,CREAC,135,4.6336,-74.088,0,0.38,2.9746036942033,3,51.08894196,48.42654383,55.45619064,1.6,0.0,0,-0.09665032167649278,-0.0735,-0.02315032167649278,-0.10375249495187,0.007102173275377197,5.5<= M < 6.0,0<= R < 50,,0.0,0.9771155910791974,s3,0.0332051385219164,0.0332230458307849,0.0333030808562691,0.0334765502242609,0.0339487645667686,0.0370266119775739,0.0383770833333333,0.0478911360040774,0.0510430527726809,0.0548841901630988,0.0970204280326197,0.0758496437206931,0.0811459171865443,0.1012469742099898,0.0564837596839959,,,,,,,
1182,CO_20100729193445,64,3.907,-75.097,33.1,5.0567,RNAC_171,CREAC,135,4.6336,-74.088,0,0.38,2.9746036942033,3,137.7166476,139.8355957,142.6112193,4.796163069544364,0.0,0,-0.1535503216764927,0.5211,-0.6746503216764927,0.4637739352885272,-0.6173242569650199,5.0<= M < 5.5,100<= R < 150,,0.0,0.5093344927032716,s3,0.0032047992252803,0.003299023659531,0.003250581099898,0.0032717178103975,0.0035491358756371,0.005234896922528,0.0052755826880733,0.0076476569745158,0.010175824814475,0.0118463832313965,0.0102636920591233,0.0072614881376146,0.0041446065443425,0.0025256307471967,0.0017282417329255,0.0012340055830784,0.0010640323710499,0.000288109980632,,,,
1201,CO_20151229025406,110,6.86,-76.7,5.69999999999999,5.0933,RNAC_313,RECRC,228,4.9604,-75.3525,1,0.22,4.65843213964135,3,257.9517094,255.8116713,258.2018464,8.35509138381201,20.63596659603223,1,-0.8034306926385525,-0.0449,-0.7585306926385524,-0.2916980704409847,-0.5117326221975678,5.0<= M < 5.5,250<= R < 300,0.0,7.999934035727785,0.4683540777952853,s3,0.0005332543414882,0.0005367051029561,0.0005352012130479,0.0005434289102956,0.0005838086615698,0.0006127137339449,0.0008690963027522,0.0012895235239551,0.0017328804648318,0.0013305042018348,0.0014444045504587,0.0011579159775739,0.0014299868073394,0.0006194163832823,0.0002375252752293,0.000179012069317,6.367898470948012e-05,3.340206829765546e-05,1.787805504587156e-05,1.218111111111111e-05,8.617002038735983e-06,
1223,CO_19940606204742,1,2.91,-75.978,12.0,6.7765,RNAC_317,ROSC,232,4.8449,-74.3211,0,0.8,2.57210556818155,4,283.7297026,266.2941307,285.0012869,1.643419133507262,11.74297548380071,1,0.2034666545982703,0.5582,-0.3547333454017297,0.2451238604848695,-0.04165720588659919,,250<= R < 300,0.0,4.138789621316407,0.7013604392619597,s4,0.0108917163098878,0.010935944617737,0.0111119899388379,0.0112986369317023,0.0120578144036697,0.0113444769011213,0.0121360957390417,0.0125578864831804,0.0150663754943934,0.0183451008970438,0.0208546017023445,0.0263995241896024,0.034220976207951,0.0308785189092762,0.0279275050662589,,,,,,,
1224,CO_19950119150505,4,5.046,-72.939,17.0,6.4996,RNAC_317,ROSC,232,4.8449,-74.3211,0,0.8,2.57210556818155,4,159.9229531,147.1210008,161.8350128,5.040640161300486,0.0,0,-0.2869333454017298,0.2872,-0.5741333454017298,0.07860341409672267,-0.3655367594984524,6.0<= M < 6.5,100<= R < 150,,0.0,0.5631927509510911,s4,0.012580759266055,0.0129254537410805,0.0130922997145769,0.0130216882670744,0.0129040723955147,0.0127877382874617,0.013296031559633,0.0148509476860346,0.01745612490316,0.0180291299796126,0.031110088756371,0.0309126641997961,0.0370494086238532,0.0385270478491335,0.0188695513863404,0.0160277950968399,0.0106031550560652,0.0058585145229357,0.0027739960795107,,,
1230,CO_19990125181918,20,4.445,-75.659,17.0,6.1355,RNAC_317,ROSC,232,4.8449,-74.3211,1,0.8,2.57210556818155,4,155.8690507,148.8815082,157.9489181,14.14677276746242,34.84305560992551,1,-2.81043334540173,-0.0419,-2.76853334540173,-0.0906508326576597,-2.71978251274407,6.0<= M < 6.5,100<= R < 150,25.0,22.35405646820014,0.0627539756878639,s4,0.0005154116371049,0.0005248547431192,0.0005552590825688,0.0005507477431192,0.0005345171416921,0.0005620774882772,0.0007174021539245,0.0011028242650356,0.0016301956136595,0.0015980872150866,0.0025184532956167,0.0016265650581039,0.0009547430774719,0.0003740675840978,0.0001353140030581,7.427452293577982e-05,4.160106625891947e-05,2.070575535168196e-05,1.353926401630989e-05,1.066146585117227e-05,6.047682976554536e-06,3.191666666666666e-06
1235,CO_20080524192044,53,4.374,-73.708,14.6999999999999,5.8671,RNAC_317,ROSC,232,4.8449,-74.3211,0,0.8,2.57210556818155,4,85.8143121,81.97606844,88.59221948,1.6,0.0,0,-1.50533334540173,-0.0735,-1.43183334540173,-0.10375249495187,-1.40158085044986,5.5<= M < 6.0,50<= R < 100,,0.0,0.2388705882631356,s4,0.0037517483537206,0.0037569771416921,0.0037663336391437,0.0037984308776758,0.0038128759847094,0.0043501954097859,0.0049380921162079,0.0066143049877675,0.0086380366513761,0.0090203772477064,0.0113673106829765,0.013510070316004,0.0081196618888888,0.0051109642925586,0.003930495895005,,,,,,,
1238,CO_20100729193445,64,3.907,-75.097,33.1,5.0567,RNAC_317,ROSC,232,4.8449,-74.3211,0,0.8,2.57210556818155,4,135.1507986,137.1312244,140.2519643,1.886569979955194,0.0,0,-0.2828333454017297,0.5211,-0.8039333454017297,0.4637739352885272,-0.7466072806902568,5.0<= M < 5.5,100<= R < 150,,0.0,0.4475650693801048,s4,0.0026024422140672,0.0026106318328236,0.0026230654536187,0.0026555131070336,0.0027490830713557,0.0030968593679918,0.0040989773261977,0.0057810820061162,0.0067724811314984,0.0086561094536187,0.0078650856962283,0.0106341012844036,0.0031297593496432,0.0012423934770642,0.0004211282884811,,,,,,,
1244,CO_20130825233555,82,7.644,-74.999,24.6999999999999,4.8747,RNAC_317,ROSC,232,4.8449,-74.3211,0,0.8,2.57210556818155,4,319.9414931,318.7023412,321.2509858,2.652959708174432,0.0,0,-1.24633334540173,-0.0116,-1.23473334540173,-0.3128799031506486,-0.9334534422510812,4.5<= M < 5.0,,,0.0,0.2909123251353485,s4,0.0001293966381243,0.0001357757594291,0.0001364006106014,0.0001404946911314,0.0001403059520897,0.0001361687798165,0.000182509767584,0.0002116316554536,0.0002711640183486,0.0002652565035677,0.0003096638776758,0.0003662415851172,0.0002700511845056,0.000226242285423,0.0001129357339449,6.521904077471967e-05,,,,,,
1246,CO_20140217094136,87,6.5355,-71.7051,41.1,5.3235,RNAC_317,ROSC,232,4.8449,-74.3211,0,0.8,2.57210556818155,4,343.2863135,344.0520944,346.2795137,2.610540055473976,0.0,0,-1.26443334540173,0.2625,-1.52693334540173,-0.004158254861956217,-1.260275090539773,5.0<= M < 5.5,,,0.0,0.2172007266482957,s4,0.0002368037227319,0.0002431712629969,0.0002397814913353,0.0002403922395514,0.0002535874230377,0.0002710349449541,0.0003623753914373,0.0004858523679918,0.0006706331284403,0.000583996914373,0.0009194450336391,0.0008231148318042,0.0003773927278287,0.0003465027543323,0.0002270295229357,0.0001647480621814,,,,,,
1266,CO_20151229025406,110,6.86,-76.7,5.69999999999999,5.0933,RNAC_317,ROSC,232,4.8449,-74.3211,0,0.8,2.57210556818155,4,344.896041,342.9113724,345.0480689,2.91332847778587,28.34107545944099,1,-0.9779333454017298,-0.0449,-0.9330333454017298,-0.2916980704409847,-0.6862352749607451,5.0<= M < 5.5,,25.0,8.217280597732634,0.3933587060352521,s4,0.0001436385086646,0.0001462195840978,0.0001479979062181,0.0001423038572884,0.000143655795107,0.0001438446391437,0.0001484976248725,0.0001620339938837,0.0001962105739041,0.0002765147461773,0.0003295141987767,0.0004301731508664,0.0004604541335372,0.0002243058990825,0.0001459517971457,0.000123981698267,,,,,,
1287,CO_20070620190407,49,7.117,-72.221,24.3,5.1923,RNAC_183,CSARD,146,8.0557,-72.7947,0,0.3,2.77638110350458,3,120.5718037,122.4936681,123.3845573,3.230365435089845,0.0,0,-0.6568604729822258,-0.0435,-0.6133604729822258,-0.1041558861771998,-0.552704586805026,5.0<= M < 5.5,100<= R < 150,,0.0,0.5415280176959313,s3,0.0025438582793068,0.0026384562222222,0.0028885581172273,0.0045455646615698,0.0047861377288481,0.0050535635300713,0.0045191479775739,0.004266019404689,0.0072174134546381,0.0060101190050968,0.0049488352823649,0.0022328644250764,0.0012258476279306,0.0009672500336391,0.0005765483149847,0.0003495119011213,0.0001743971783893,,,,,
1288,CO_20070716225823,50,7.16,-72.177,30.5999999999999,5.2141,RNAC_183,CSARD,146,8.0557,-72.7947,0,0.3,2.77638110350458,3,118.9124909,121.7999686,123.1804059,2.742073693230505,0.0,0,0.4113395270177742,-0.0746,0.4859395270177742,-0.2149248088298886,0.6262643358476627,5.0<= M < 5.5,100<= R < 150,,0.0,1.625701682209768,s3,0.0080845366146789,0.0082450773068297,0.0087468193170234,0.0109255844852191,0.0108292510703363,0.0138501837003058,0.0142915272579001,0.0197299770132517,0.0245094973700305,0.022370535188583,0.0177501333944954,0.018842562324159,0.004487896961264,0.002012469922528,0.0008816290122324,0.0004540747023445,,,,,,
1290,CO_20150205042151,97,8.24,-72.14,5.0,5.2789,RNAC_183,CSARD,146,8.0557,-72.7947,0,0.3,2.77638110350458,3,75.40606688,72.21275729,75.76025194,4.516966856755689,0.0,0,-0.4492604729822258,0.0559,-0.5051604729822258,0.1557216651187647,-0.6049821381009906,5.0<= M < 5.5,50<= R < 100,,0.0,0.6034087368577566,s3,0.0066481417074413,0.0069885230530071,0.0074671272782874,0.0162009161569826,0.018352215922528,0.0288787688685015,0.0155114304077471,0.0072440433200815,0.010131199953109,0.0140425064729867,0.0037779666962283,0.0031968940866462,0.001453640953109,0.0010171870397553,0.0007359583414882,0.0005183531427115,0.0003003628562691,0.0001342192640163,,,,
1303,CO_20080524192044,53,4.374,-73.708,14.6999999999999,5.8671,RNAC_247,GUA,189,2.5421,-72.6239,0,0.36,5.23794459962821,3,236.5286872,232.5587541,237.30911,1.6,0.0,0,1.142729430469432,-0.0735,1.216229430469431,-0.10375249495187,1.246481925421302,5.5<= M < 6.0,200<= R < 250,,0.0,3.3744401546779,s3,0.0176141109582059,0.0177876931600407,0.0180581461467889,0.0190460671661569,0.0289457531906218,0.0404254942915392,0.0513747874413863,0.0484098132619775,0.0524358603363914,0.0607322182670744,0.0298166669011213,0.0213864947298674,0.0071558917237512,0.0066163067767584,0.0035797844026503,,,,,,,
1305,CO_20151128105911,109,3.89,-71.17,15.4,4.8266,RNAC_247,GUA,189,2.5421,-72.6239,0,0.36,5.23794459962821,3,220.3004909,218.7494631,220.949387,10.17811704834606,0.0,0,1.061129430469431,0.3182,0.7429294304694313,0.3737840727102811,0.6873453577591501,4.5<= M < 5.0,200<= R < 250,,0.0,2.102084413841775,s3,0.004335931609582,0.0044008034913353,0.0047204486462793,0.0059651111447502,0.0113191591845056,0.0092563831763506,0.01178468617737,0.0126394816309887,0.012567584138634,0.0070450097920489,0.0073702508511722,0.0036035197900101,0.0008444374454638,0.0006236019317023,0.0002270449755351,0.0001371237737003,4.49152252803262e-05,3.245380530071355e-05,1.581922120285423e-05,1.078840570846075e-05,6.278083588175331e-06,6.043666666666667e-06
1330,CO_20130516162918,79,12.036,-73.46,33.4,4.7784,RNAC_320,SMAR,234,11.1638,-74.2245,0,0.12,1.55575890659825,1,127.507066,130.4416369,132.1196724,1.6,0.0,0,-0.7324352901943209,-0.3881,-0.3443352901943209,-0.3274775646333185,-0.4049577255610024,4.5<= M < 5.0,100<= R < 150,,0.0,0.708691270975735,s1,0.0006765381264016,0.000743981678899,0.0011535507186544,0.0012079682375127,0.0020280178012232,0.0014588151559633,0.0013028647278287,0.0012115186554536,0.000971619991845,0.0007527980632008,0.0006743341416921,0.0004819547991845,0.0001485569969418,8.697849235474006e-05,4.303190621814475e-05,,,,,,,
1343,CO_20150509143151,102,11.48,-72.12,38.6999999999999,4.8612,RNAC_320,SMAR,234,11.1638,-74.2245,0,0.12,1.55575890659825,1,232.2730307,234.3923743,235.7189742,3.793266951161688,0.0,0,0.1874647098056792,0.4093,-0.2218352901943208,0.3151782933294719,-0.1277135835237928,4.5<= M < 5.0,200<= R < 250,,0.0,0.8010472938134253,s1,0.0006328469204892,0.0006647018583078,0.0006635968103975,0.0007528271763506,0.0009798730621814,0.001217614304791,0.0014456342405708,0.0012471650061162,0.0015047943190621,0.0015351061314984,0.0016154190948012,0.0015177541233435,0.0006607682599388,0.0003384027268093,0.0001375849592252,7.591470030581039e-05,2.982726707441387e-05,,,,,
1364,CO_20150205042151,97,8.24,-72.14,5.0,5.2789,RNAC_324,TAM,236,6.4354,-71.7913,0,0.46,2.01231858625836,4,203.1353203,201.3636139,203.2621428,11.62790697674419,0.0,0,0.5877037070172823,0.0559,0.5318037070172823,0.1557216651187647,0.4319820418985175,5.0<= M < 5.5,200<= R < 250,,0.0,1.701999450026191,s4,0.0027772336768603,0.0027907680489296,0.0028256205076452,0.0028717154760448,0.0037468605626911,0.0045638680927624,0.0077548585076452,0.0059185963975535,0.0061385702008154,0.0078169501223241,0.006732713551478,0.0057889998032619,0.0036077512436289,0.0027949619347604,0.0014347575810397,0.0009939488369011,0.0004109472609582,0.0002603359490316,0.0001409928470948,8.833895820591234e-05,6.94831376146789e-05,5.470249745158002e-05
1371,CO_20151128105911,109,3.89,-71.17,15.4,4.8266,RNAC_324,TAM,236,6.4354,-71.7913,0,0.46,2.01231858625836,4,291.3941207,289.9019323,291.8967897,1.6,0.0,0,0.4946037070172823,0.3182,0.1764037070172823,0.3737840727102811,0.1208196343070012,4.5<= M < 5.0,250<= R < 300,,0.0,1.192919551447092,s4,0.0006752873496432,0.000680596304791,0.0006892904882772,0.0007216268572884,0.0009915245769622,0.0012936827410805,0.0017919663414882,0.0022508006055045,0.0019598923506625,0.0017586026687054,0.0014058110448521,0.0011902387339449,0.0002628027900101,0.0001790203679918,0.0001028273170234,,,,,,,
1378,CO_19990125181918,20,4.445,-75.659,17.0,6.1355,RNAC_202,CTOCH,159,3.624,-76.091,0,0.25,1.59856584543114,1,101.2308888,102.4876701,104.0515271,3.84375150146543,0.0,0,-1.018682432451723,-0.0419,-0.9767824324517228,-0.0906508326576597,-0.928031599794063,6.0<= M < 6.5,100<= R < 150,,0.0,0.3765206324981784,s1,0.0033168586218144,0.0033526514424057,0.0034727009582059,0.0036868061376146,0.0050678369602446,0.0070436386992864,0.0089385712874617,0.0093718390815494,0.0090774818735983,0.0080623720876656,0.0063368819408766,0.0059930243904179,0.0034945503312945,0.0033009125290519,0.0017021040530071,0.0013422791437308,0.0013476611946992,,,,,
1426,CO_20141020193321,93,0.7502,-77.9307,3.1,5.6074,RNAC_327,TUM3C,238,1.824,-78.745,0,0.06,2.31616183361032,2,149.8352115,145.3833145,149.9675896,3.707136237256719,20.87930345102416,1,0.06805609741226892,-0.6886,0.7566560974122689,-0.6709665309519168,0.7390226283641858,5.5<= M < 6.0,100<= R < 150,0.0,13.93484431463172,2.131137974560811,s2,0.0032651661223241,0.0062155336992864,0.0143164361569826,0.0043259317849133,0.0017303712558613,0.0017891462568807,0.0017749843955147,0.0026334346350662,0.0027692403649337,0.0026194129541284,0.0019399966666666,0.0013690847808358,0.0024255317889908,0.0020781333679918,0.0014782359510703,0.0011731887533129,0.0006986809021406,,,,,
1442,CO_20070620190407,49,7.117,-72.221,24.3,5.1923,RNAC_212,CTUN3,167,5.5543,-73.3584,0,0.2,3.09185769588223,2,214.9929,212.8593406,216.8557558,1.6,0.0,0,-0.1263782189131286,-0.0435,-0.08287821891312858,-0.1041558861771998,-0.02222233273592875,5.0<= M < 5.5,200<= R < 250,,0.0,0.9204632354081087,s2,0.0011582778919469,0.0011733596513761,0.0011848384169215,0.0011968565718654,0.0012387595259938,0.0013105467645259,0.0019441221427115,0.0030437703363914,0.0040379966320081,0.0031662805035677,0.0037880267645259,0.0031957747054026,0.0022414660937818,0.0015421426462793,0.000956292706422,,,,,,,
1444,CO_20080524192044,53,4.374,-73.708,14.6999999999999,5.8671,RNAC_212,CTUN3,167,5.5543,-73.3584,0,0.2,3.09185769588223,2,136.9129228,137.8113001,138.6278837,4.468025691147725,0.0,0,-0.5642782189131286,-0.0735,-0.4907782189131286,-0.10375249495187,-0.4605257239612586,5.5<= M < 6.0,100<= R < 150,,0.0,0.6121498222004976,s2,0.0035606926503567,0.0035899468542303,0.0036274298002038,0.0036665703730886,0.003962814883792,0.0047120220917431,0.0072973182742099,0.0093092541508664,0.0124214286442405,0.0114902242813455,0.0091149672212028,0.0083298526534148,0.0046478101345565,0.0024013799194699,0.0021987473700305,0.0024140822293577,0.0013611749938837,0.0008522146860346,,,,
1447,CO_20140217094136,87,6.5355,-71.7051,41.1,5.3235,RNAC_212,CTUN3,167,5.5543,-73.3584,0,0.2,3.09185769588223,2,211.0666914,214.0041776,215.8435216,1.803223261580075,0.0,0,-0.6247782189131286,0.2625,-0.8872782189131285,-0.004158254861956217,-0.6206199640511724,5.0<= M < 5.5,200<= R < 250,,0.0,0.4117749902822209,s2,0.0009583705993883,0.0009782246962283,0.0009705864403669,0.001161163216106,0.0014558829245667,0.0015656278389398,0.0028436644882772,0.0037415618195718,0.0036992635565749,0.0028325913720693,0.0019801940234454,0.0014533043343527,0.001037646343527,0.0006990636544342,0.0004833291274209,,,,,,,
1471,CO_20130516162918,79,12.036,-73.46,33.4,4.7784,RNAC_329,URI,240,11.7017,-71.9925,0,0.06,1.84743639882318,1,163.7354055,165.7858016,167.3485116,5.434782608695652,0.0,0,-0.2940506151501674,-0.3881,0.0940493848498326,-0.3274775646333185,0.03342694948315106,4.5<= M < 5.0,150<= R < 200,,0.0,1.098613999464899,s1,0.0006729808440366,0.0007500403567787,0.0008799302099898,0.0023259684077471,0.0018128984026503,0.0015954729327217,0.0016302802538226,0.0014143435535168,0.0012171917767584,0.0011601623700305,0.0008644325932721,0.0009481751753312,0.0002434672232415,0.0001672430978593,0.0001133365005096,4.605323649337411e-05,2.122167686034659e-05,1.097688583078491e-05,6.505598369011213e-06,,,
1487,CO_20150509143151,102,11.48,-72.12,38.6999999999999,4.8612,RNAC_329,URI,240,11.7017,-71.9925,0,0.06,1.84743639882318,1,28.19463807,47.15262579,49.05187031,24.9609984399376,0.0,0,1.428649384849833,0.4093,1.019349384849833,0.3151782933294719,1.113471091520361,4.5<= M < 5.0,0<= R < 50,,0.0,2.771391068256,s1,0.0343778900815494,0.0472934407849133,0.0716281211722732,0.1126862577981651,0.0924131645769622,0.0405526869520897,0.0191572991029561,0.0130720892252803,0.0083791864260958,0.0069205228562691,0.0049022415382262,0.0037184891681957,0.0028655740703363,0.0016699036228338,0.0007176336106014,0.0003456187054026,0.0001506849877675,9.314644546381244e-05,5.760114475025485e-05,4.028983995922528e-05,2.652254841997961e-05,1.598048012232416e-05
1500,CO_20150205042151,97,8.24,-72.14,5.0,5.2789,RNAC_331,VALLC,241,10.5086,-73.2581,0,0.02,1.99435931977842,2,281.7856895,279.8797181,281.8748499,8.805723720418273,0.0,0,0.7880943721902657,0.0559,0.7321943721902657,0.1557216651187647,0.632372707071501,5.0<= M < 5.5,250<= R < 300,,0.0,2.079639106544538,s2,0.001363331108053,0.0013596670958205,0.0017058724311926,0.0033997089500509,0.0041634611957186,0.0050421302742099,0.0035840863363914,0.0024919348409785,0.0020026892446483,0.0015567618369011,0.0011795030550458,0.0013139308287461,0.0004382701467889,0.0003121976615698,0.0002905820468909,0.000204450579001,0.0001035008583078,4.480025790010194e-05,2.07589001019368e-05,1.844558715596331e-05,1.054727013251784e-05,
1508,CO_20040818070652,34,2.221,-76.623,22.9,5.0667,RNAC_227,CVERS,178,4.574,-76.208,0,0.64,8.3053103810736,4,265.9450023,265.0711183,267.2646393,1.6,2.183768450138769,1,-0.522980504718894,-0.4105,-0.1124805047188941,-0.2327614561870769,-0.2902190485318171,5.0<= M < 5.5,250<= R < 300,0.0,0.8211353592858132,0.8936147682098071,s4,0.0011647092201834,0.0011729589938837,0.0011818142293577,0.0011898728939857,0.0012260832609582,0.001307190061162,0.0016590771997961,0.0015922672996941,0.0019431845565749,0.0018138159520897,0.0027121995677879,0.0046300374352701,0.0023774616340468,0.0008671414831804,0.0003044064587155,,,,,,,
1515,CO_20140105033638,84,4.609,-76.6867,32.7999999999999,5.5045,RNAC_227,CVERS,178,4.574,-76.208,0,0.64,8.3053103810736,4,52.93762732,62.09117724,64.89170309,29.46593001841621,0.0,0,0.5229194952811059,-0.1887,0.7116194952811059,-0.3002000301742843,0.8231195254553902,5.5<= M < 6.0,50<= R < 100,,0.0,2.037287966672945,s4,0.0719672358715596,0.0730195495005096,0.0734567051987767,0.0829970265545362,0.1078003235474006,0.1827122427115188,0.3069846320081549,0.1430317126401631,0.1294160103975535,0.0908090619164118,0.1126879834862385,0.1377192726809378,0.1037081345565749,0.0255387281957186,0.0086877994872579,0.0049339526044852,0.0023216796340468,0.0010717019194699,0.0005958263149847,0.0004491003588175,0.0002825675840978,0.0001569714740061
1516,CO_20140109125017,85,3.017,-75.9317,15.3999999999999,5.0104,RNAC_227,CVERS,178,4.574,-76.208,1,0.64,8.3053103810736,4,176.0016895,174.8797782,177.017294,1.6,0.8067690016767102,1,0.02721949528110595,0.21,-0.182780504718894,0.209970453577446,-0.1827509582963401,5.0<= M < 5.5,150<= R < 200,0.0,0.4583870779699022,0.8329509644796248,s4,0.0041059477961264,0.0041296025351681,0.0041690302375127,0.0043218909041794,0.0047608755524974,0.0064063600366972,0.0108747433231396,0.0104581601732925,0.0108739412130479,0.0093110542670744,0.0122134357288481,0.0133653585830784,0.0051033675973496,0.0018235390479102,0.0005421466085626,,,,,,,
1518,CO_19940606204742,1,2.91,-75.978,12.0,6.7765,RNAC_228,CVHER,179,5.0324,-75.1197,1,0.48,1.5079093611224,1,254.2870158,237.2545543,255.603342,1.6,61.41187165702969,1,0.3758774206793756,0.5582,-0.1823225793206244,0.2451238604848695,0.1307535601945062,,200<= R < 250,50.0,24.15061243446693,0.8333324812282108,s1,0.0062977227808358,0.0068176921794087,0.0066623807930682,0.0068891492048929,0.0091685246279306,0.0099548310876656,0.0135925944444444,0.0126091423751274,0.0137612395922528,0.0118652394291539,0.016154126687054,0.0131872330682976,0.0095707446014271,0.0061812103700305,0.0049010553720693,,,,,,,
1520,CO_19950119150505,4,5.046,-72.939,17.0,6.4996,RNAC_228,CVHER,179,5.0324,-75.1197,1,0.48,1.5079093611224,1,247.3824985,234.4619694,248.5265139,4.027183488547697,0.0,0,0.2887774206793756,0.2872,0.0015774206793756,0.07860341409672267,0.210174006582653,6.0<= M < 6.5,200<= R < 250,,0.0,1.001578665461805,s1,0.0058049443700305,0.00604889253211,0.006300218972477,0.0064159621549439,0.0064775924556574,0.0071885471151885,0.008215716667686,0.0085021474352701,0.0118092866462793,0.0139769316004077,0.0170020052905198,0.0142990218858307,0.0136526811009174,0.0075323945677879,0.0054251378103975,0.0035161266269113,0.0020797847573904,0.0015043352752293,,,,
1525,CO_19990125181918,20,4.445,-75.659,17.0,6.1355,RNAC_228,CVHER,179,5.0324,-75.1197,0,0.48,1.5079093611224,1,90.25484129,87.17904751,93.53756899,8.146639511201629,48.57723521524334,1,-0.3913225793206244,-0.0419,-0.3494225793206244,-0.0906508326576597,-0.3006717466629646,6.0<= M < 6.5,50<= R < 100,25.0,53.82230417885137,0.7050951086935043,s1,0.0058679266299694,0.0062136089062181,0.0099885762120285,0.010251167482161,0.0174070725891947,0.0156846162385321,0.016654081049949,0.0126137038634046,0.013718742579001,0.0116013745056065,0.0084530920061162,0.0094249981957186,0.0058619869571865,0.0038522646442405,0.0027411586381243,0.0017997436534148,0.0023363678613659,0.0018212540397553,0.0010306964352701,0.0008910554016309,0.0005489854067278,
1532,CO_20070424085334,47,5.621,-75.895,50.6,5.1307,RNAC_228,CVHER,179,5.0324,-75.1197,0,0.48,1.5079093611224,1,107.4405565,118.9753477,120.4139691,16.26016260162602,42.15900706927964,1,0.7070774206793756,0.6116,0.09547742067937559,0.3734505728446608,0.3336268478347148,5.0<= M < 5.5,100<= R < 150,25.0,39.23937891114668,1.100183980346644,s1,0.0047175257920489,0.0047508614668705,0.0048315576004077,0.0050603724852191,0.0052726824505606,0.0066952435881753,0.0080351289836901,0.0069358621274209,0.0101644615351681,0.0104842853720693,0.0139874438124362,0.0138282755453618,0.00803500880632,0.0033336073129459,0.0013535523486238,0.0006410554852191,0.0002296182691131,0.0001222775056065,7.302293272171255e-05,5.134229459734965e-05,3.080240978593272e-05,1.846440366972477e-05
1538,CO_20140109125017,85,3.017,-75.9317,15.3999999999999,5.0104,RNAC_228,CVHER,179,5.0324,-75.1197,1,0.48,1.5079093611224,1,241.6030458,239.366418,242.3503073,3.707136237256719,48.2818510157111,1,0.7594774206793756,0.21,0.5494774206793757,0.209970453577446,0.5495069671019296,5.0<= M < 5.5,200<= R < 250,25.0,19.98395792397378,1.732347492307921,s1,0.0008375398715596,0.0008566831070336,0.0008941604159021,0.0010571889622833,0.001525085833843,0.0018682289164118,0.0019973444016309,0.0015763651049949,0.0016897309306829,0.0020649178542303,0.0024129770846075,0.0016091924169215,0.0005193477319062,0.0002741933007135,0.0001412520234454,0.0001114996371049,2.629822324159021e-05,,,,,
1547,CO_19950119150505,4,5.046,-72.939,17.0,6.4996,RNAC_230,CVIL1,181,4.177,-73.639,0,0.26,1.91145803653505,1,124.2417863,112.5745591,126.2204499,2.837382514630254,0.0,0,0.6879961768146349,0.2872,0.4007961768146349,0.07860341409672267,0.6093927627179122,6.0<= M < 6.5,100<= R < 150,,0.0,1.493012926834531,s1,0.0249530225382263,0.0250870304383282,0.0258153841896024,0.0289227565443425,0.0410443860856269,0.0533298255963302,0.0780604298980632,0.0708318139857288,0.0633601961875637,0.0686087981039755,0.0607933861977573,0.0568811398878695,0.0432460339551478,0.0277848807237512,0.0182430970438328,0.0210266869520897,,,,,,
1548,CO_19950120135924,5,5.166,-72.94,54.1,5.1646,RNAC_230,CVIL1,181,4.177,-73.639,0,0.26,1.91145803653505,1,133.2987602,141.8205955,144.3300914,6.392329204954055,0.0,0,0.933296176814635,-0.0697,1.002996176814635,-0.1133557186677453,1.04665189548238,5.0<= M < 5.5,100<= R < 150,,0.0,2.72643849475442,s1,0.0059447147655453,0.0063989009755351,0.0063586487339449,0.0071026470662589,0.008958070246687,0.0140887165341488,0.0136526151478083,0.0136209232212028,0.0186721518042813,0.0146454208154943,0.0113597744444444,0.0069356452110091,0.0035661921131498,0.0023046059367991,0.0008461375025484,0.0007661164954128,0.0003640871162079,0.0001231982905198,7.884172171253823e-05,7.06745127420999e-05,,
1549,CO_19950122104129,6,5.114,-72.954,21.7,5.6455,RNAC_230,CVIL1,181,4.177,-73.639,0,0.26,1.91145803653505,1,130.1541293,126.0216547,132.371756,2.065582235992771,0.0,0,0.3572961768146348,-0.2629,0.6201961768146348,-0.2722727505363311,0.6295689273509659,5.5<= M < 6.0,100<= R < 150,,0.0,1.859292756201307,s1,0.0056424012242609,0.0059756766503567,0.0059497240682976,0.006591951687054,0.0084131265739041,0.013813957512742,0.0140225291845056,0.0125057284199796,0.0141286080835881,0.0129119977268093,0.0079843248593272,0.0048704448318042,0.004775008470948,0.0041634988695208,0.0019375078154943,0.0017446183608562,,,,,,
1553,CO_19990125181918,20,4.445,-75.659,17.0,6.1355,RNAC_230,CVIL1,181,4.177,-73.639,1,0.26,1.91145803653505,1,226.2737953,217.8427987,227.440335,2.065582235992771,24.61131203219359,1,0.1758961768146348,-0.0419,0.2177961768146348,-0.0906508326576597,0.2665470094722945,6.0<= M < 6.5,200<= R < 250,0.0,10.87678403041026,1.243333621571629,s1,0.0030966096055045,0.0031075230988786,0.0031490635504587,0.0033081355728848,0.0035469699979612,0.0048057572252803,0.0061313416279306,0.0074523485463812,0.0091857229541284,0.0107853898980632,0.0076770583873598,0.0062879607003058,0.0065124162313965,0.0040363853261977,0.0023097009317023,0.0018314859582059,,,,,,
1558,CO_20080524192044,53,4.374,-73.708,14.6999999999999,5.8671,RNAC_230,CVIL1,181,4.177,-73.639,0,0.26,1.91145803653505,1,23.14194731,25.3971524,30.2422326,4.291845493562231,0.0,0,0.5479961768146349,-0.0735,0.6214961768146349,-0.10375249495187,0.6517486717665049,5.5<= M < 6.0,0<= R < 50,,0.0,1.86171140856778,s1,0.0621287533027522,0.0636944324464831,0.0672210348012232,0.0775658142099898,0.1415209435270132,0.157378266462793,0.138866973088685,0.1194977863404689,0.129702174108053,0.1355200556574923,0.0645532124770642,0.0891818227319062,0.0698263922324159,0.0466377489704383,0.0144870373088685,0.0123467645565749,0.007293878393476,0.0038310899449541,,,,
1559,CO_20100729193445,64,3.907,-75.097,33.1,5.0567,RNAC_230,CVIL1,181,4.177,-73.639,0,0.26,1.91145803653505,1,163.8136529,165.1355047,167.4983372,4.702839339251073,0.0,0,0.9330961768146349,0.5211,0.4119961768146349,0.4637739352885272,0.4693222415261077,5.0<= M < 5.5,150<= R < 200,,0.0,1.509828663962858,s1,0.0033172221916411,0.0033563492110091,0.0034144039755351,0.0040409474668705,0.004728958285423,0.0063758420356778,0.0078971499102956,0.009818942246687,0.0118648085524974,0.0093791586034658,0.0040439908134556,0.002843523795107,0.0012183105178389,0.0004105758746177,0.0002404472884811,0.0001739139174311,9.824016106014272e-05,5.274990519877676e-05,,,,
1562,CO_20140109125017,85,3.017,-75.9317,15.3999999999999,5.0104,RNAC_230,CVIL1,181,4.177,-73.639,0,0.26,1.91145803653505,1,285.1814059,282.7822664,285.7153825,8.146639511201629,0.444881729287135,1,1.515496176814635,0.21,1.305496176814635,0.209970453577446,1.305525723237189,5.0<= M < 5.5,250<= R < 300,0.0,0.1559995568024987,3.68951929354671,s1,0.0016093703363914,0.0016221075616717,0.0016269758277268,0.0016856293863404,0.0019585766340468,0.0020343740530071,0.0028773620010193,0.0032009429949031,0.0047268696432212,0.0063537522721712,0.0044512997910295,0.0030539643914373,0.0011853738226299,0.001046710698267,0.0005676247961264,0.0002363574729867,8.500543119266055e-05,4.268227420998981e-05,2.586356982670744e-05,1.566396636085627e-05,9.907719673802242e-06,
1574,CO_20140105033638,84,4.609,-76.6867,32.7999999999999,5.5045,RNAC_333,YOT,243,3.9834,-76.3451,0,0.1,1.74629315889836,2,78.95773286,84.12103178,87.04553613,9.307737056428156,0.0,0,0.6057660199968481,-0.1887,0.7944660199968481,-0.3002000301742843,0.9059660501711324,5.5<= M < 6.0,50<= R < 100,,0.0,2.213258845244357,s2,0.0147231191233435,0.015755320570846,0.0172766598776758,0.0264056220795107,0.0366292294597349,0.071212204169215,0.0216873406422018,0.0170517514169215,0.0106367261671763,0.0096119283761467,0.0065518311620795,0.0068138325830784,0.0045003616697247,0.0015939716055045,0.0006755224689092,0.0004097391834862,0.0002895881151885,0.000196435324159,0.0001141965310907,6.893132823649337e-05,3.973714169215087e-05,
1575,CO_20140109125017,85,3.017,-75.9317,15.3999999999999,5.0104,RNAC_333,YOT,243,3.9834,-76.3451,1,0.1,1.74629315889836,2,117.0479279,116.806053,118.430863,32.38866396761134,1.236944204578774,1,-0.6628339800031519,0.21,-0.8728339800031518,0.209970453577446,-0.8728044335805979,5.0<= M < 5.5,100<= R < 150,0.0,1.05678436754178,0.4177659297392902,s2,0.0012049659092762,0.0012285827308868,0.001305686737003,0.0018191238348623,0.0023546151600407,0.0031720881987767,0.0025897704067278,0.0020824806014271,0.0020141672925586,0.002581917767584,0.0011670271223241,0.0008338708440366,0.0005089268909276,0.0005134554678899,0.0002313188797145,0.0001669354311926,6.236013965341488e-05,2.728544342507645e-05,1.553330886850153e-05,1.176249337410805e-05,7.39993883792049e-06,4.630647298674822e-06
1595,CO_20151229025406,110,6.86,-76.7,5.69999999999999,5.0933,RNAC_333,YOT,243,3.9834,-76.3451,1,0.1,1.74629315889836,2,322.0991113,319.4312317,322.2056626,6.269592476489029,0.0,0,0.4042660199968481,-0.0449,0.4491660199968481,-0.2916980704409847,0.6959640904378328,5.0<= M < 5.5,,,0.0,1.567004789735505,s2,0.0005036294974515,0.0005109206187563,0.0005456498766564,0.0007254009959225,0.0011009431100917,0.0017106729255861,0.0012573761060142,0.0008957891467889,0.0008290019459734,0.0004024176055045,0.0004356248613659,0.0003029618318042,0.0002272013710499,8.436248318042814e-05,3.061239449541284e-05,2.048539143730887e-05,1.004915188583078e-05,5.07996126401631e-06,3.117070336391437e-06,1.737914373088685e-06,,
1619,CO_20040818070652,34,2.221,-76.623,22.9,5.0667,RNAC_306,RAC2C,227,3.3721,-76.53,0,0.88,3.55128668283877,5,128.7067836,129.3416946,131.2314018,1.6,2.104861553509313,1,-0.663712237056544,-0.4105,-0.253212237056544,-0.2327614561870769,-0.4309507808694671,5.0<= M < 5.5,100<= R < 150,0.0,1.635392863247119,0.7763031040525917,s5,0.0020609576136595,0.0020814795718654,0.0020727870601427,0.002089396648318,0.002187956216106,0.0022443617604485,0.0028058841753312,0.0032740095341488,0.0041138382252803,0.0050359181814475,0.004280195462793,0.005329332443425,0.0084280324209989,0.0063313168042813,0.0015305678511722,,,,,,,
1625,CO_20140105033638,84,4.609,-76.6867,32.7999999999999,5.5045,RNAC_306,RAC2C,227,3.3721,-76.53,0,0.88,3.55128668283877,5,138.4543312,139.3011109,143.2157057,2.065582235992771,0.0,0,0.198387762943456,-0.1887,0.387087762943456,-0.3002000301742843,0.4985877931177403,5.5<= M < 6.0,100<= R < 150,,0.0,1.472685732836442,s5,0.0081777903639143,0.009822566775739,0.0085098562629969,0.0089111756860346,0.0158483571865443,0.0211825616004077,0.0217988184097859,0.0139274212640163,0.0140603683588175,0.0165199611926605,0.0118743133537206,0.0109001091131498,0.0142722816106014,0.0055378067380224,0.0014803868032619,0.0006328496666666,,,,,,
1626,CO_20140109125017,85,3.017,-75.9317,15.3999999999999,5.0104,RNAC_306,RAC2C,227,3.3721,-76.53,1,0.88,3.55128668283877,5,77.49210948,78.47487654,79.56102984,1.6,10.14430110974098,1,-0.375612237056544,0.21,-0.585612237056544,0.209970453577446,-0.58558269063399,5.0<= M < 5.5,50<= R < 100,0.0,13.09075359777002,0.5567648853490185,s5,0.0051928060377166,0.0052584624108053,0.0052338413618756,0.005356508207951,0.005614456598369,0.0071190005300713,0.0106672002242609,0.0099606272089704,0.0102553871457696,0.0107280403873598,0.0135470973394495,0.013928132864424,0.0139273385626911,0.0136538244546381,0.004180481864424,,,,,,,
1629,CO_20141020193321,93,0.7502,-77.9307,3.1,5.6074,RNAC_306,RAC2C,227,3.3721,-76.53,0,0.88,3.55128668283877,5,330.4327416,328.5331317,330.5139169,4.726735598227473,58.4478853738495,1,-0.1236122370565439,-0.6886,0.5649877629434561,-0.6709665309519168,0.5473542938953729,5.5<= M < 6.0,,50.0,17.68828509270508,1.759426252391546,s5,0.0007633963618756,0.0030068854587155,0.000935964149847,0.0007616070040774,0.0010917463965341,0.0005326646768603,0.0002510916901121,0.0002605548440366,0.0002402883639143,0.00033029380632,0.0003032284464831,0.0003967527003058,0.0006530271794087,0.0007738071997961,0.00044684472579,0.0003514860458715,0.0002665481100917,0.0002536853149847,,,,
1733,CO_20170316153812,135,4.84,-72.64,15.4,4.8,RNAC_4,ARMEC,24,4.5561,-75.6604,1,0.5,5.46994864512126,4,335.9941242,334.2831087,336.0054959,16.0,31.82535887783773,1,0.6555071801082044,0.3163,0.3392071801082044,0.28052510160293,0.3749820785052744,4.5<= M < 5.0,,25.0,9.471998640932702,1.403834161599502,s4,0.000895206991845,0.0012296560366972,0.0019379547074413,0.0030292708399592,0.0021755000672782,0.002536838980632,0.0014491444260958,0.0015314585372069,0.0011585572905198,0.0014954504770642,0.0024054233302752,0.0032597877186544,0.0007609765382262,0.0003690757155963,9.186978491335373e-05,5.339578695208971e-05,2.004234250764526e-05,1.055740265035678e-05,6.689774719673802e-06,4.596544342507645e-06,2.987155963302752e-06,1.774340468909276e-06
1741,CO_20170429100634,143,3.816,-75.928,58.7,4.76,RNAC_4,ARMEC,24,4.5561,-75.6604,0,0.5,5.46994864512126,4,88.3404395,105.7655786,107.4065638,11.42857142857143,0.0,0,-0.06319281989179559,-0.5532,0.4900071801082044,-0.5440062921248152,0.4808134722330196,4.5<= M < 5.0,100<= R < 150,,0.0,1.632327940204538,s4,0.0072843385219164,0.0073874861284403,0.0076192932364933,0.0087203770336391,0.0107245276044852,0.0208924507645259,0.0214094946381243,0.0173130930682976,0.0090127775290519,0.0108637213659531,0.0117548999592252,0.0156103664424057,0.0032530380988786,0.0011422337706422,0.0004354580662589,0.0002355768695208,9.108063404689092e-05,4.987260244648318e-05,3.133587971457697e-05,2.148869215086646e-05,1.439424872579001e-05,8.030600407747198e-06
1742,CO_20170702192628,146,3.51,-74.16,17.0,4.7,RNAC_4,ARMEC,24,4.5561,-75.6604,1,0.5,5.46994864512126,4,203.0245576,203.2296058,203.9760403,11.42857142857143,20.51987195748922,1,1.989107180108205,0.6054,1.383707180108205,0.5935994841208301,1.395507695987374,4.5<= M < 5.0,200<= R < 250,0.0,10.10708862024345,3.98966465142702,s4,0.009808397598369,0.0098580860244648,0.0099520371488277,0.0103754166055045,0.0114782869113149,0.018548339520897,0.0203637399898063,0.0242091354536187,0.0196179177777777,0.0225731247808358,0.0258600919367991,0.035652033883792,0.0078183983792048,0.0030390417614678,0.0011603240366972,0.000570856922528,0.000235656933741,0.0001238030010193,7.762889500509685e-05,5.331103465851172e-05,3.397385626911314e-05,1.939494291539245e-05
1747,CO_20171111144520,158,2.73,-75.06,2.0,4.7,RNAC_4,ARMEC,24,4.5561,-75.6604,1,0.5,5.46994864512126,4,213.8529338,212.3151314,213.9031679,16.0,0.0,0,0.7815071801082045,0.4077,0.3738071801082045,0.434084525821564,0.3474226542866405,4.5<= M < 5.0,200<= R < 250,,0.0,1.453256906599944,s4,0.0026445954271151,0.002689091404689,0.0027559129847094,0.0031746326534148,0.0038322419449541,0.0068763021712538,0.0086372635565749,0.0075993234362895,0.0046932336472986,0.0048591877278287,0.0065924582711518,0.0079264559867482,0.0019184942864424,0.0008071487879714,0.0002809943516819,0.0002308369520897,6.020734148827727e-05,3.074885626911315e-05,1.962812028542304e-05,1.397655555555556e-05,7.999007135575943e-06,4.697014271151886e-06
1770,CO_20170316153812,135,4.84,-72.64,15.4,4.8,RNAC_5,BAR2,30,6.5918,-73.1838,0,0.44,4.0430049717822,4,203.6214229,202.5064759,203.6433655,8.88888888888889,0.0,0,1.159442171695981,0.3163,0.8431421716959814,0.28052510160293,0.8789170700930513,4.5<= M < 5.0,200<= R < 250,,0.0,2.323656846546374,s4,0.0044400514740061,0.0044533816075433,0.0044689488103975,0.0047118074668705,0.00512700972579,0.0052104668521916,0.0073567777930682,0.0126671840468909,0.0196399996534148,0.0125414788685015,0.0152072849541284,0.0061123078878695,0.0029673414984709,0.0013913934954128,0.0004721827217125,0.0002961782915392,8.30197991845056e-05,4.138973496432212e-05,2.817819367991845e-05,2.042739143730887e-05,1.780133639143731e-05,
1779,CO_20170808204340,148,6.54,-72.09,49.0999999999999,4.8203,RNAC_5,BAR2,30,6.5918,-73.1838,0,0.44,4.0430049717822,4,120.8506215,129.1674358,131.5827094,11.42857142857143,0.0,0,-1.307157828304019,-0.5738,-0.7333578283040186,-0.5027789500158876,-0.804378878288131,4.5<= M < 5.0,100<= R < 150,,0.0,0.4802935361696204,s4,0.0011999886493374,0.0012697792150866,0.0012743268185524,0.0018846743149847,0.0024993404668705,0.0039530618369011,0.0030142025066258,0.0027320399286442,0.0027529583170234,0.0025268745626911,0.0021555766911314,0.0021478955310907,0.0015606273139653,0.0006613478685015,0.0003003990917431,0.0001786478868501,8.976145361875638e-05,4.580059734964322e-05,2.907953924566768e-05,1.860125382262997e-05,1.058356982670744e-05,5.530478083588176e-06
1784,CO_20171014083543,154,7.38,-72.07,27.0,4.7,RNAC_5,BAR2,30,6.5918,-73.1838,0,0.44,4.0430049717822,4,150.2115682,149.4313253,150.233725,11.42857142857143,0.0,0,0.5531421716959815,-0.0337,0.5868421716959814,0.04774692898594023,0.5053952427100412,4.5<= M < 5.0,100<= R < 150,,0.0,1.798300714836921,s4,0.0042311897726809,0.0042679031325178,0.0043175624546381,0.0045397120876656,0.0047407746299694,0.0055803030560652,0.010542771335372,0.0135818850356778,0.0131870646687054,0.0093797548501529,0.0075191772262996,0.0061203900407747,0.0032831895912334,0.0013828411681957,0.0003811709153924,0.0001719719949031,6.447945565749236e-05,3.057704281345566e-05,2.062514780835882e-05,1.559086136595311e-05,9.580367991845056e-06,5.537218144750254e-06
1788,CO_20171118055454,159,8.34,-71.79,22.7999999999999,5.0427,RNAC_5,BAR2,30,6.5918,-73.1838,0,0.44,4.0430049717822,4,247.8257002,246.2533399,249.1461605,16.0,0.0,0,0.4273421716959814,0.1494,0.2779421716959814,0.2190940695783601,0.2082481021176214,5.0<= M < 5.5,200<= R < 250,,0.0,1.320409837939716,s4,0.0021163169041794,0.0021411494801223,0.0021757594281345,0.0024568729194699,0.0027684590101936,0.0038794312497451,0.0056390281569826,0.0064424727614678,0.0065194106320081,0.003906558196738,0.0043623248552497,0.0036881463843017,0.0025217617319062,0.0014208953149847,0.0004215644648318,0.0002060630356778,7.224422731906218e-05,3.867237410805301e-05,2.351065239551478e-05,1.728332721712538e-05,1.024968297655454e-05,6.38598878695209e-06
1802,CO_20161031002012,122,3.45,-74.5,33.0,5.5725,RNAC_6,BET,31,2.7225,-75.4179,0,0.44,1.56993292190735,4,129.5251771,129.7841221,134.410135,4.444444444444445,0.0,0,0.1942375768039171,0.2249,-0.03066242319608292,0.2105651267348564,-0.01632754993093929,5.5<= M < 6.0,100<= R < 150,,0.0,0.9698029007874734,s4,0.0062410615993883,0.006410241335372,0.0064738544199796,0.0078849453843017,0.0159735134658511,0.0151326452701325,0.0163130531294597,0.0119769902344546,0.011592206207951,0.0152780477981651,0.0081756764770642,0.0098113301630988,0.0070075008583078,0.0061254483751274,0.0048498414689092,0.002774118022426,0.0009003739215086,0.0004573971457696,,,,
1803,CO_20161031020558,123,3.4,-74.5,36.2,5.0451,RNAC_6,BET,31,2.7225,-75.4179,0,0.44,1.56993292190735,4,126.3805784,129.4473241,132.0436789,11.42857142857143,0.0,0,-0.01056242319608294,0.0653,-0.07586242319608294,0.06349822280238836,-0.0740606459984713,5.0<= M < 5.5,100<= R < 150,,0.0,0.9269437237424013,s4,0.0027297145137614,0.0027664450652395,0.0029511962395514,0.0041011285677879,0.0069271674464831,0.0048444438348623,0.0055258219459734,0.0049317718154943,0.004982642335372,0.0050093982385321,0.0078168493527013,0.0071381857023445,0.0028063731661569,0.0017066072762487,0.001364501188583,0.0008523848022426,0.0002541772171253,0.0001445864780835,8.816438022426096e-05,4.899195820591233e-05,3.040769418960244e-05,1.64419622833843e-05
1812,CO_20170206130245,132,3.45,-74.67,38.0,5.4809,RNAC_6,BET,31,2.7225,-75.4179,0,0.44,1.56993292190735,4,115.6434337,118.0177539,122.5012462,10.0,0.0,0,1.054537576803917,0.2141,0.8404375768039172,0.1866536457109755,0.8678839310929417,5.0<= M < 5.5,100<= R < 150,,0.0,2.317380787033239,s4,0.0159424146992864,0.0162879977166157,0.0170595476452599,0.0192405442099898,0.0297926102752293,0.0251435784505606,0.0311071672782874,0.0241530697655453,0.0239611479714576,0.0256080268399592,0.0446175451783894,0.0345057011518858,0.0228488403465851,0.0204603947502548,0.0078808641284403,0.0042656130458715,0.0013530721437308,0.0006926820234454,0.0004290424841997,0.0002963940856269,0.0001874656819571,0.0001051990071355
1821,CO_20170429100634,143,3.816,-75.928,58.7,4.76,RNAC_6,BET,31,2.7225,-75.4179,1,0.44,1.56993292190735,4,133.5897701,144.9056436,146.4822882,16.0,0.0,0,-1.813062423196083,-0.5532,-1.259862423196083,-0.5440062921248152,-1.269056131071268,4.5<= M < 5.0,100<= R < 150,,0.0,0.2836930533986909,s4,0.0003103567624872,0.0003217752670744,0.0003235829734964,0.0004834509429153,0.0009743028022426,0.0008250597614678,0.0009047173751274,0.0004225321906218,0.0004852341896024,0.0005739284576962,0.0006454674678899,0.0006830632303771,0.0003126382905198,0.0002456010244648,0.0001355186941896,7.047477471967379e-05,2.459522426095821e-05,1.440215698267074e-05,7.619167176350663e-06,5.191437308868501e-06,3.046460754332314e-06,1.420781855249745e-06
1824,CO_20170702192628,146,3.51,-74.16,17.0,4.7,RNAC_6,BET,31,2.7225,-75.4179,0,0.44,1.56993292190735,4,164.8329891,164.4681883,165.8878338,16.0,0.0,0,0.08133757680391718,0.6054,-0.5240624231960829,0.5935994841208301,-0.5122619073169129,4.5<= M < 5.0,150<= R < 200,,0.0,0.5921102530394043,s4,0.0010649607787971,0.0010909192833843,0.0011404685137614,0.001419489687054,0.0028654214220183,0.0033885277512742,0.0035513714138634,0.0019804914658511,0.0016153598491335,0.0009913490856269,0.001275293188583,0.0009645256707441,0.0008018440530071,0.0005514707003058,0.0001937622150866,0.0001004625769622,3.413201936799185e-05,2.043232212028543e-05,9.898815494393475e-06,6.718109072375128e-06,3.802380224260958e-06,2.343115188583079e-06
1834,CO_20161031002012,122,3.45,-74.5,33.0,5.5725,RNAC_7,BOG,32,4.641,-74.08,0,1.3,3.00465025008449,5,139.9511764,140.4446385,145.0011047,11.42857142857143,0.0,0,-0.168947959627837,0.2249,-0.393847959627837,0.2105651267348564,-0.3795130863626933,5.5<= M < 6.0,100<= R < 150,,0.0,0.6744565930767965,s5,0.0055086314892966,0.0057342116890927,0.005624744551478,0.0057694413863404,0.0057378142609582,0.0064252947777777,0.0081295727410805,0.0115823322935779,0.0121276087359836,0.0126812108460754,0.0220585707747196,0.0144440241284403,0.0085198311182466,0.0068433973109072,0.0057000328012232,0.0053195050744138,0.0011135658205912,0.0004282554801223,0.0002562265331294,0.0001841704648318,9.691981345565749e-05,5.389805096839959e-05
1835,CO_20161031020558,123,3.4,-74.5,36.2,5.0451,RNAC_7,BOG,32,4.641,-74.08,0,1.3,3.00465025008449,5,145.5779712,148.0606332,151.0484186,10.0,0.0,0,-0.04504795962783698,0.0653,-0.110347959627837,0.06349822280238836,-0.1085461824302253,5.0<= M < 5.5,100<= R < 150,,0.0,0.8955224754098804,s5,0.0030012522446483,0.003190811324159,0.0030683612487257,0.0032121180632008,0.0034048052538226,0.0038422795412844,0.003964090343527,0.0058950063649337,0.0079959526646279,0.0068191669367991,0.0098722299500509,0.0073534690774719,0.0068954429582059,0.005980698980632,0.0049545925249745,0.0029511342497451,0.0010487846839959,0.0003437455504587,0.0001980420764525,0.00012195353211,6.985549745158002e-05,3.827220795107033e-05
1839,CO_20170206130245,132,3.45,-74.67,38.0,5.4809,RNAC_7,BOG,32,4.641,-74.08,0,1.3,3.00465025008449,5,147.361977,149.1233778,153.3513739,11.42857142857143,0.0,0,-0.145847959627837,0.2141,-0.359947959627837,0.1866536457109755,-0.3325016053388125,5.0<= M < 5.5,100<= R < 150,,0.0,0.6977126343514292,s5,0.0047429342599388,0.0049139135259938,0.0047617262415902,0.0049088069582059,0.0051814272833843,0.0051026193058103,0.0051572222293577,0.0086430658430173,0.0084573026238532,0.0093474202905198,0.0163845892558613,0.0106340037818552,0.0135315964831804,0.0126187173394495,0.0077186677808358,0.005695191158002,0.0020234076819571,0.0007424927288481,0.0004580382874617,0.0002921144974515,0.0001664925800203,8.91702762487258e-05
1840,CO_20170316153812,135,4.84,-72.64,15.4,4.8,RNAC_7,BOG,32,4.641,-74.08,0,1.3,3.00465025008449,5,160.8941423,159.219222,160.9387835,8.88888888888889,0.0,0,-0.285347959627837,0.3163,-0.601647959627837,0.28052510160293,-0.565873061230767,4.5<= M < 5.0,150<= R < 200,,0.0,0.547907961488604,s5,0.0012693643873598,0.0016758963394495,0.0019152640835881,0.0059373181274209,0.0020045981406727,0.0011635497461773,0.0013225443588175,0.0016804903577981,0.0018135518715596,0.0019756599113149,0.0045567839949031,0.0024412154648318,0.0025212464138634,0.00215139090316,0.0013859906727828,0.0007451473781855,0.0002150642089704,9.06001997961264e-05,5.432173700305811e-05,3.234361875637105e-05,2.021655657492355e-05,
1842,CO_20170702192628,146,3.51,-74.16,17.0,4.7,RNAC_7,BOG,32,4.641,-74.08,0,1.3,3.00465025008449,5,126.0687038,125.9244622,127.7576049,7.272727272727272,0.0,0,-0.3595479596278369,0.6054,-0.964947959627837,0.5935994841208301,-0.953147443748667,4.5<= M < 5.0,100<= R < 150,,0.0,0.3810030267627379,s5,0.0016204739072375,0.0021841796493374,0.00149255717737,0.0016444611875637,0.0017426435677879,0.0018629387777777,0.0021252198246687,0.0030331035045871,0.0034499109317023,0.0039502753516819,0.0066719111478083,0.0045730371620795,0.0028218315086646,0.0016567959683995,0.0006760089663608,0.0004884926615698,0.0001457556218144,5.423722018348624e-05,3.236309378185525e-05,2.184219164118246e-05,,
1844,CO_20171111144520,158,2.73,-75.06,2.0,4.7,RNAC_7,BOG,32,4.641,-74.08,0,1.3,3.00465025008449,5,238.9977697,238.3072684,239.0648167,11.42857142857143,0.0,0,-0.382947959627837,0.4077,-0.790647959627837,0.434084525821564,-0.8170324854494009,4.5<= M < 5.0,200<= R < 250,,0.0,0.4535508174308842,s5,0.0003970945361875,0.0004025193679918,0.0003995223710499,0.00042352762895,0.0004494548348623,0.0005352819714576,0.0006931081845056,0.0011109437400611,0.0012153220163098,0.0011498465912334,0.0011355386106014,0.0012019530163098,0.0006331067104994,0.0003724270234454,0.000232750216106,8.792864729867483e-05,5.136654841997962e-05,2.148501936799184e-05,1.152594903160041e-05,7.205245667686035e-06,4.424704383282365e-06,2.43914882772681e-06
1846,CO_20161031002012,122,3.45,-74.5,33.0,5.5725,RNAC_11,CANAP,33,4.5502,-74.5141,0,0.24,2.02542500061549,3,121.3001983,122.6413012,126.5099803,6.666666666666667,0.0,0,0.9237796019818663,0.2249,0.6988796019818663,0.2105651267348564,0.7132144752470099,5.5<= M < 6.0,100<= R < 150,,0.0,2.011497766379664,s3,0.016961708786952,0.0171418719164118,0.0176688153720693,0.0199260834760448,0.0302667964729867,0.0414402832517838,0.0529490462589194,0.0472582928542303,0.0488670791335372,0.0270693730988786,0.0211168297247706,0.0124532870438328,0.0037851688970438,0.0025982423904179,0.002011499216106,0.0013882359877675,0.0005354375575942,0.0003052565657492,0.000245596775739,0.0001628798226299,,
1847,CO_20170206130245,132,3.45,-74.67,38.0,5.4809,RNAC_11,CANAP,33,4.5502,-74.5141,0,0.24,2.02542500061549,3,122.6018261,125.3594012,129.0980235,5.333333333333333,0.0,0,0.3597796019818663,0.2141,0.1456796019818663,0.1866536457109755,0.1731259562708909,5.0<= M < 5.5,100<= R < 150,,0.0,1.156825484075134,s3,0.0086871630458715,0.008814806196738,0.0090000387940876,0.0104721522833843,0.0146442229357798,0.0214337016615698,0.0213277185626911,0.0165064655453618,0.0171605750356778,0.0195272645463812,0.0119607905912334,0.0100366163883792,0.0082445888083588,0.0053395688695208,0.0017697025147808,0.0009634099327217,0.0005829214138634,0.0004741854067278,0.0004630492130479,,,
1848,CO_20170702192628,146,3.51,-74.16,17.0,4.7,RNAC_11,CANAP,33,4.5502,-74.5141,0,0.24,2.02542500061549,3,122.1393215,122.0222021,123.5628183,4.0,0.0,0,-0.0614203980181337,0.6054,-0.6668203980181338,0.5935994841208301,-0.6550198821389638,4.5<= M < 5.0,100<= R < 150,,0.0,0.5133381967915837,s3,0.0019262660479102,0.0019574276126401,0.0020098749378185,0.0023244457930682,0.0049387904760448,0.0053163094719673,0.0069577466890927,0.0052782249347604,0.0045347439551478,0.0042167632813455,0.0020037092242609,0.0015378649928644,0.000715511149847,0.0004249845158002,0.0001563239092762,6.31034872579001e-05,2.171735779816513e-05,1.257223649337411e-05,,,,
1861,CO_20171111144520,158,2.73,-75.06,2.0,4.7,RNAC_22,CARBE,38,4.2505,-74.4338,0,0.24,1.73004010956933,3,183.0879629,182.2602148,183.1453768,7.272727272727272,0.0,0,0.8590994193187722,0.4077,0.4513994193187723,0.434084525821564,0.4250148934972082,4.5<= M < 5.0,150<= R < 200,,0.0,1.570508448248251,s3,0.0018003155922528,0.0018190789908256,0.0018450398899082,0.002010731088685,0.0025173167380224,0.0037037950030581,0.0050059327553516,0.0060617162385321,0.0056677939153924,0.0031554326269113,0.0027661841274209,0.0026853125117227,0.001201245991845,0.000556722235474,0.0002804478888888,0.0001448821233435,4.279036085626911e-05,3.179564831804282e-05,1.92100754332314e-05,1.024079306829766e-05,,
1874,CO_20161031002012,122,3.45,-74.5,33.0,5.5725,RNAC_37,CBETA,45,2.7058,-75.4352,0,0.44,1.52468916401661,1,132.1883218,132.343005,136.9788631,5.0,0.0,0,0.6239260961859774,0.2249,0.3990260961859775,0.2105651267348564,0.413360969451121,5.5<= M < 6.0,100<= R < 150,,0.0,1.490372511138153,s1,0.0068470806564729,0.0068753481630988,0.0070115409306829,0.0088681357655453,0.0111755493374108,0.0128956237614678,0.0155683713965341,0.0127361987461773,0.0193954737614678,0.0146111579408766,0.0096782976738022,0.0086403480642201,0.0049339406004077,0.0050340044373088,0.0048836727268093,0.002761335579001,0.000921456022426,0.000400615041794,0.000265251853211,,,
1875,CO_20161031020558,123,3.4,-74.5,36.2,5.0451,RNAC_37,CBETA,45,2.7058,-75.4352,0,0.44,1.52468916401661,1,129.0318916,131.9798183,134.584043,6.153846153846153,0.0,0,0.3123260961859774,0.0653,0.2470260961859774,0.06349822280238836,0.248827873383589,5.0<= M < 5.5,100<= R < 150,,0.0,1.280212521006393,s1,0.0026847719979612,0.0027206081997961,0.0028357771630988,0.0039093346085626,0.0045007645912334,0.0038589167431192,0.0050023039102956,0.0042258196544342,0.0058193506513761,0.0051066822446483,0.0048218565005096,0.0064537252089704,0.0030462098613659,0.0017798045942915,0.0013866136034658,0.0007762854719673,0.0002524487706422,0.0001146440091743,6.676550152905199e-05,5.071820081549439e-05,,
1876,CO_20161031002012,122,3.45,-74.5,33.0,5.5725,RNAC_38,CBOCA,46,4.7817,-75.6455,1,0.22,2.0570102921407,3,193.2827877,194.6480005,196.7696544,5.333333333333333,29.97394531093411,1,-1.011478010145178,0.2249,-1.236378010145178,0.2105651267348564,-1.222043136880035,5.5<= M < 6.0,150<= R < 200,25.0,15.50781922571272,0.2904342651227473,s3,0.000975199698267,0.0009885211661569,0.0010010884485219,0.0013277157696228,0.0025051493557594,0.0031856516228338,0.0039049921610601,0.0035244183893985,0.0026603569378185,0.0017879946697247,0.0010259220570846,0.0007563310927624,0.0003390961590214,0.0003327398511722,0.0001607493965341,0.0001237201559633,9.31931376146789e-05,4.015352293577982e-05,2.231501121304791e-05,,,
1877,CO_20161031020558,123,3.4,-74.5,36.2,5.0451,RNAC_38,CBOCA,46,4.7817,-75.6455,1,0.22,2.0570102921407,3,198.7082994,200.8768652,202.5432899,4.155844155844155,29.89823968128811,1,-1.336878010145178,0.0653,-1.402178010145178,0.06349822280238836,-1.400376232947567,5.0<= M < 5.5,200<= R < 250,25.0,15.04629639102438,0.2460604577224522,s3,0.0003338734495412,0.0003413261732925,0.0003543596585117,0.0004273076330275,0.0008231801100917,0.0009875032925586,0.0010023840662589,0.0007387228919469,0.0006091983312945,0.0004520001111111,0.0002509526717635,0.0003043707696228,0.0002586979092762,0.0001796063078491,9.68784740061162e-05,7.778897043832824e-05,3.266353109072375e-05,1.608070642201835e-05,,,,
1890,CO_20170316153812,135,4.84,-72.64,15.4,4.8,RNAC_53,CBUIS,58,7.1415,-73.119,0,0.1,1.61547904942801,2,261.1065335,259.8212737,261.1159827,13.33333333333333,0.0,0,1.504372784544759,0.3163,1.188072784544759,0.28052510160293,1.223847682941829,4.5<= M < 5.0,250<= R < 300,,0.0,3.280752394129826,s2,0.0016758491447502,0.001770188659531,0.0017079670101936,0.0017300622895005,0.0017731310897043,0.002019583961264,0.0024111309959225,0.003307879049949,0.0065742034148827,0.0053177396931702,0.0050048852446483,0.0023526202517838,0.001337511169215,0.0008885548674821,0.0003882504750254,0.0001400761274209,5.050587971457696e-05,2.376373292558614e-05,1.490800611620795e-05,9.653293577981651e-06,6.42267380224261e-06,4.032433231396535e-06
1897,CO_20170808204340,148,6.54,-72.09,49.0999999999999,4.8203,RNAC_53,CBUIS,58,7.1415,-73.119,0,0.1,1.61547904942801,2,131.9778254,138.9209514,141.5906957,10.0,0.0,0,-0.5472272154552411,-0.5738,0.02657278454475887,-0.5027789500158876,-0.04444826543935354,4.5<= M < 5.0,100<= R < 150,,0.0,1.026928989100595,s2,0.001025233041794,0.0010585298521916,0.0010426761977573,0.0011391839164118,0.0013486350723751,0.0016244943088685,0.0019562200764525,0.0015488312150866,0.0017962335249745,0.002250631520897,0.0022413922833843,0.0021304526687054,0.0021560310050968,0.0014542162803261,0.0006387220632008,0.0002115708399592,7.250264831804281e-05,4.82144750254842e-05,3.634269928644241e-05,2.42147125382263e-05,1.479914271151886e-05,6.511902140672783e-06
1901,CO_20171014083543,154,7.38,-72.07,27.0,4.7,RNAC_53,CBUIS,58,7.1415,-73.119,0,0.1,1.61547904942801,2,117.9620728,117.0002836,117.9759905,13.33333333333333,0.0,0,0.9948727845447588,-0.0337,1.028572784544759,0.04774692898594023,0.9471258555588186,4.5<= M < 5.0,100<= R < 150,,0.0,2.797070961699003,s2,0.00467547253211,0.0047177896309887,0.0048268529449541,0.0051413319520897,0.0058755158939857,0.007303733432212,0.0117362244648318,0.0104270378389398,0.015120214393476,0.0199232305504587,0.0111824553924566,0.0055131789184505,0.0028944225667686,0.0010052545647298,0.0003511770662589,0.0001916232599388,7.335568195718654e-05,3.947672986748216e-05,2.453914882772681e-05,1.617302650356779e-05,1.086621712538226e-05,6.219192660550458e-06
1902,CO_20171118055454,159,8.34,-71.79,22.7999999999999,5.0427,RNAC_53,CBUIS,58,7.1415,-73.119,0,0.1,1.61547904942801,2,198.2365323,196.7914884,199.7878786,11.42857142857143,0.0,0,0.8003727845447588,0.1494,0.6509727845447588,0.2190940695783601,0.5812787149663987,5.0<= M < 5.5,150<= R < 200,,0.0,1.917405144168681,s2,0.0022084873129459,0.002232600069317,0.0022735498409785,0.0026095654087665,0.004367053872579,0.004577216756371,0.0052864712232415,0.0068896951865443,0.0071236027013251,0.0043646448379204,0.0047621678623853,0.0050314431070336,0.0022242034943934,0.0015221005127421,0.0006655955474006,0.000236461324159,7.758931090723751e-05,3.876992762487258e-05,2.230901529051988e-05,1.507106523955148e-05,9.3188623853211e-06,5.147012232415902e-06
1903,CO_20170429100634,143,3.816,-75.928,58.7,4.76,RNAC_65,CCALA,64,4.509,-75.6276,0,0.16,2.21326314149803,2,84.813178,103.1329569,104.6739385,4.705882352941176,0.0,0,-0.1353468342896387,-0.5532,0.4178531657103614,-0.5440062921248152,0.4086594578351765,4.5<= M < 5.0,100<= R < 150,,0.0,1.518697661137395,s2,0.0029166615239551,0.0029804832487257,0.0030988711202854,0.0035058517930682,0.0064129251427115,0.0077791203975535,0.0105365170540265,0.0071121935993883,0.0050119765463812,0.0051210272833843,0.0026850905545361,0.0018922371641182,0.0006496355586136,0.0003071479317023,0.000113629462793,4.634998470948012e-05,2.156403058103976e-05,1.92765871559633e-05,,,,
1904,CO_20170702192628,146,3.51,-74.16,17.0,4.7,RNAC_65,CCALA,64,4.509,-75.6276,1,0.16,2.21326314149803,2,197.0586387,197.3429409,198.0642883,8.0,15.34369465845946,1,2.028353165710362,0.6054,1.422953165710361,0.5935994841208301,1.434753681589531,4.5<= M < 5.0,150<= R < 200,0.0,7.786359816388735,4.149356100548939,s2,0.0045961240795107,0.0046474416248725,0.0047332641508664,0.0051361130866462,0.006083527285423,0.0078298364729867,0.0149713273700305,0.0132211106320081,0.0173313299796126,0.009721299980632,0.0042427960662589,0.0024198478369011,0.0017768294750254,0.0009358764393476,0.0004143495891946,0.0001740502150866,6.145844036697248e-05,3.818768909276248e-05,2.703927115188584e-05,2.151123649337411e-05,1.486536697247706e-05,
1912,CO_20171111144520,158,2.73,-75.06,2.0,4.7,RNAC_65,CCALA,64,4.509,-75.6276,1,0.16,2.21326314149803,2,207.7529135,206.2302541,207.8104669,10.0,0.0,0,0.9595531657103613,0.4077,0.5518531657103614,0.434084525821564,0.5254686398887973,4.5<= M < 5.0,200<= R < 250,,0.0,1.736468000955616,s2,0.001384355814475,0.0014102643404689,0.001454371991845,0.0018342961070336,0.0037418709204892,0.0037458352976554,0.0051394997268093,0.0029206652426095,0.0023945013883792,0.0015441645575942,0.0007423737635066,0.0006455602181447,0.0003517321121304,0.0003607990438328,0.0001241457910295,8.159500713557594e-05,2.233814576962284e-05,9.15432619775739e-06,5.562405708460754e-06,4.007009174311926e-06,2.311688073394496e-06,1.496655453618756e-06
1917,CO_20170702192628,146,3.51,-74.16,17.0,4.7,RNAC_72,CCHIN,70,4.5688,-73.7054,0,0.34,1.79023480818101,1,128.0775202,127.8777294,129.7760485,6.153846153846153,0.0,0,-0.04582642847696539,0.6054,-0.6512264284769654,0.5935994841208301,-0.6394259125977955,4.5<= M < 5.0,100<= R < 150,,0.0,0.5214059174051869,s1,0.0011038026972477,0.0011191029979612,0.0011587982436289,0.0015612244913353,0.0021937236829765,0.00229979035474,0.0021377461376146,0.0022125173832823,0.0020474437125382,0.0026833026004077,0.002490937922528,0.0029157262456676,0.0012007324974515,0.0005774126320081,0.0001867880601427,8.702546075433231e-05,3.224681447502548e-05,1.670610703363914e-05,1.187477879714577e-05,7.861861365953109e-06,,
1918,CO_20170206130245,132,3.45,-74.67,38.0,5.4809,RNAC_77,CCOLO,73,3.3776,-74.8012,0,0.32,2.95844350561884,3,15.93247032,40.9129312,43.67130032,5.714285714285714,0.0,0,1.13512279136574,0.2141,0.9210227913657398,0.1866536457109755,0.9484691456547644,5.0<= M < 5.5,0<= R < 50,,0.0,2.511858183415911,s3,0.117465191335372,0.1192395983690112,0.1204465854230377,0.1563948344546381,0.2331433125382263,0.3135930765545361,0.3060054546381243,0.234686150764526,0.1863257754332314,0.1593829085626911,0.1451566579001019,0.089857285188583,0.0590288180020387,0.0321275921814475,0.0095969224770642,0.0053346696901121,0.0020662747206931,0.0011668731875637,0.0007178255412844,,,
1919,CO_20170702192628,146,3.51,-74.16,17.0,4.7,RNAC_77,CCOLO,73,3.3776,-74.8012,0,0.32,2.95844350561884,3,72.65954785,74.03305467,75.08416973,6.666666666666667,0.0,0,0.3628227913657399,0.6054,-0.2425772086342601,0.5935994841208301,-0.2307766927550902,4.5<= M < 5.0,50<= R < 100,,0.0,0.7846031671011165,s3,0.0088991971141692,0.009004474540265,0.0092169095912334,0.0100371126513761,0.0140028482262996,0.018282577706422,0.0169842075331294,0.0237053889500509,0.0305906451070336,0.0274472910601427,0.0226258855249745,0.0101130862823649,0.002645115933741,0.0015652538695208,0.0004713907227319,0.0002384258012232,9.719983078491336e-05,5.518331090723751e-05,3.47475259938838e-05,2.516497961264016e-05,,
1920,CO_20171111144520,158,2.73,-75.06,2.0,4.7,RNAC_77,CCOLO,73,3.3776,-74.8012,0,0.32,2.95844350561884,3,77.8198862,77.00934144,77.91672686,6.666666666666667,0.0,0,1.66072279136574,0.4077,1.25302279136574,0.434084525821564,1.226638265544176,4.5<= M < 5.0,50<= R < 100,,0.0,3.500909498195401,s3,0.0270048423649337,0.0273282702548419,0.028005536972477,0.0323533210703363,0.0363358152497451,0.0475545544342507,0.069074555667686,0.076343030316004,0.0851647200407747,0.0695770833027523,0.0423939045361875,0.0233286693272171,0.0113294836391437,0.005132359335372,0.001708982540265,0.0008510810856269,0.0003483502313965,0.0001912167441386,0.0001205827043832,8.300096636085627e-05,,
1922,CO_20171118055454,159,8.34,-71.79,22.7999999999999,5.0427,RNAC_81,CCUC2,76,7.8975,-72.4873,0,0.34,3.49304381788626,3,91.62803609,91.78029913,94.75818477,6.153846153846153,0.0,0,-0.04299565238321965,0.1494,-0.1923956523832197,0.2190940695783601,-0.2620897219615797,5.0<= M < 5.5,50<= R < 100,,0.0,0.8249803984508598,s3,0.0072598037043832,0.0077693477930682,0.0102960092762487,0.0188150761467889,0.0281137755249745,0.0307161619775739,0.0135983391845056,0.0122168321712538,0.0101601559469928,0.0042611359785932,0.002537343590214,0.0019512104209989,0.0008616466350662,0.0005567923129459,0.0003025440142711,0.0001930432334352,7.844996432212029e-05,3.940901732925586e-05,2.526919469928644e-05,1.276812232415902e-05,,
1931,CO_20170808204340,148,6.54,-72.09,49.0999999999999,4.8203,RNAC_82,CCUC3,77,7.8711,-72.5044,0,0.32,2.39218656704706,3,155.3711526,161.150678,163.4357042,8.0,0.0,0,-0.2030003534781731,-0.5738,0.3707996465218268,-0.5027789500158876,0.2997785965377144,4.5<= M < 5.0,150<= R < 200,,0.0,1.448892753601642,s3,0.0017107557502548,0.0017749509011213,0.0017531776850152,0.0018820074424057,0.0020010734648318,0.0020418461722731,0.0034598569633027,0.0030559182364933,0.0036315463119266,0.0070589053425076,0.0063687970958205,0.0040633694220183,0.0028264923027522,0.0017542840438328,0.0006154849857288,0.0002441463873598,8.757651681957187e-05,4.806281855249745e-05,3.464695107033639e-05,2.481654332313965e-05,1.446561977573904e-05,
1935,CO_20171014083543,154,7.38,-72.07,27.0,4.7,RNAC_82,CCUC3,77,7.8711,-72.5044,0,0.32,2.39218656704706,3,72.43786749,70.77282344,72.44841327,13.33333333333333,0.0,0,-0.5580003534781732,-0.0337,-0.5243003534781733,0.04774692898594023,-0.6057472824641135,4.5<= M < 5.0,50<= R < 100,,0.0,0.5919693888384641,s3,0.0035717592303771,0.0036663727390417,0.0038967337910295,0.0051018347094801,0.0054490452711518,0.0062941236809378,0.0130962857900101,0.0127394984811416,0.0104400719164118,0.009581215022426,0.0095740854607543,0.0061811007104994,0.0020907252262996,0.0010281857227319,0.0003257789429153,0.0001720795137614,9.928861977573905e-05,4.446093374108053e-05,2.317257390417941e-05,1.568572782874618e-05,9.893467889908257e-06,5.319047910295617e-06
1936,CO_20171118055454,159,8.34,-71.79,22.7999999999999,5.0427,RNAC_82,CCUC3,77,7.8711,-72.5044,0,0.32,2.39218656704706,3,94.79167891,94.87539262,97.85009857,8.88888888888889,0.0,0,0.07029964652182677,0.1494,-0.07910035347817324,0.2190940695783601,-0.1487944230565333,5.0<= M < 5.5,50<= R < 100,,0.0,0.9239471984774623,s3,0.0059363899898063,0.0060651594729867,0.0067690046381243,0.0113514225382262,0.0165777504383282,0.015179589266055,0.0188245902038735,0.0191194242201834,0.0109723425586136,0.0114016948929663,0.0062194641029561,0.004506800158002,0.0015790067135575,0.0007309395341488,0.0003226751620795,0.0001801341508664,6.509002854230378e-05,3.244144342507645e-05,2.510790112130479e-05,1.630532721712538e-05,1.135357594291539e-05,
1937,CO_20161031002012,122,3.45,-74.5,33.0,5.5725,RNAC_83,CDAGU,78,3.657,-76.708,1,0.15,1.73428122187268,1,244.4394452,243.9040542,247.1259562,7.272727272727272,0.0,0,-0.726286276672355,0.2249,-0.951186276672355,0.2105651267348564,-0.9368514034072114,5.5<= M < 6.0,200<= R < 250,,0.0,0.3862825136136684,s1,0.0006065850081549,0.0006153199174311,0.0006488322548419,0.0007580875423037,0.0010573353465851,0.0015279850183486,0.0028873668358817,0.0018461224719673,0.001882129490316,0.0012298277339449,0.0007954193078491,0.0006126548348623,0.00048381908053,0.0003813224332313,0.0002218624403669,0.0001458748185524,7.210344750254842e-05,3.301570642201835e-05,2.260738328236493e-05,2.119298878695209e-05,,
1939,CO_20170206130245,132,3.45,-74.67,38.0,5.4809,RNAC_83,CDAGU,78,3.657,-76.708,1,0.15,1.73428122187268,1,225.6468338,225.9074143,229.3138236,8.0,0.0,0,-0.293286276672355,0.2141,-0.507386276672355,0.1866536457109755,-0.4799399223833305,5.0<= M < 5.5,200<= R < 250,,0.0,0.6020671610606522,s1,0.0009958759877675,0.0010181370407747,0.0010493359286442,0.0011379910723751,0.0014557699357798,0.0020670531223241,0.0036978455891946,0.002641016138634,0.0021759934689092,0.0017151267838939,0.0012534948705402,0.0012641256819571,0.0010407058430173,0.0007872803588175,0.0003431884505606,0.0001957621712538,0.0001053166330275,6.153794087665647e-05,3.251414271151886e-05,2.841925891946993e-05,1.837619469928644e-05,
1940,CO_20170429100634,143,3.816,-75.928,58.7,4.76,RNAC_83,CDAGU,78,3.657,-76.708,0,0.15,1.73428122187268,1,87.81221166,105.1664305,106.6491641,6.153846153846153,0.0,0,-0.400686276672355,-0.5532,0.152513723327645,-0.5440062921248152,0.1433200154524602,4.5<= M < 5.0,100<= R < 150,,0.0,1.164758446346722,s1,0.0016554800825688,0.0017052107400611,0.0018538950142711,0.0026543350081549,0.0038213460438328,0.0064697993119266,0.0068040261355759,0.0030191325453618,0.0020450737686034,0.0019084497298674,0.0017905889011213,0.0011795797104994,0.0005206764740061,0.0003560517716615,0.0001436825351681,9.909271967380223e-05,3.182845158002039e-05,1.849887155963303e-05,1.195281447502548e-05,7.538427115188583e-06,,
1941,CO_20171111144520,158,2.73,-75.06,2.0,4.7,RNAC_83,CDAGU,78,3.657,-76.708,1,0.15,1.73428122187268,1,209.9285771,208.3156047,209.9679788,8.0,0.0,0,0.424213723327645,0.4077,0.01651372332764497,0.434084525821564,-0.009870802493919029,4.5<= M < 5.0,200<= R < 250,,0.0,1.016650828522744,s1,0.000607293158002,0.00061143072579,0.0006368754026503,0.0006429054362895,0.0006732181172273,0.0007618204260958,0.0015886889439347,0.0019108781284403,0.0012667534301732,0.0012922438674821,0.0016316439113149,0.0008540754260958,0.0005026923659531,0.0004194451427115,0.0001481520764525,7.636570948012232e-05,4.719271355759429e-05,1.694342711518858e-05,1.21771753312946e-05,1.081214678899083e-05,6.357886850152905e-06,
1943,CO_20170429100634,143,3.816,-75.928,58.7,4.76,RNAC_87,CECAL,79,3.884,-76.561,0,0.18,1.61295882285451,1,70.3453635,91.30325272,93.08262071,5.0,0.0,0,-1.445844920875464,-0.5532,-0.8926449208754641,-0.5440062921248152,-0.9018386287506488,4.5<= M < 5.0,50<= R < 100,,0.0,0.4095710359067301,s1,0.0007381858878695,0.0007590746615698,0.0008179824209989,0.0013641508848114,0.0018113648746177,0.0029627632212028,0.00176582953211,0.0022228446697247,0.0016678969898063,0.001137612590214,0.0009849556605504,0.0007470801141692,0.0005256586432212,0.0002716672762487,0.0001573056004077,0.0001194336585117,2.834544138634047e-05,1.312129357798165e-05,8.521404689092762e-06,,,
1949,CO_20170206130245,132,3.45,-74.67,38.0,5.4809,RNAC_94,CFQNE,85,5.4674,-73.7349,0,0.32,7.46122733919554,3,246.7026093,245.8024203,250.3229352,10.0,0.0,0,-1.299094936848218,0.2141,-1.513194936848218,0.1866536457109755,-1.485748582559194,5.0<= M < 5.5,200<= R < 250,,0.0,0.2202053108135861,s3,0.00123938072579,0.0012825228786952,0.0012723608868501,0.0013037250254841,0.0014515808481141,0.0015231208491335,0.0023012570642201,0.0029534858481141,0.0038550415891946,0.0046949845810397,0.0036063374250764,0.0015807881610601,0.001158361061162,0.0012063285759429,0.0005046560479102,0.0002774871202854,0.0001426684291539,0.000134205745158,0.0001021850448521,6.666455453618756e-05,6.902457594291538e-05,4.478609174311927e-05
1951,CO_20170316153812,135,4.84,-72.64,15.4,4.8,RNAC_94,CFQNE,85,5.4674,-73.7349,0,0.32,7.46122733919554,3,139.5944436,139.1574366,139.6453526,5.714285714285714,0.0,0,-0.6264949368482182,0.3163,-0.9427949368482182,0.28052510160293,-0.9070200384511482,4.5<= M < 5.0,100<= R < 150,,0.0,0.3895375795353516,s3,0.0023804533710499,0.0023953179317023,0.0024140106187563,0.0024360723710499,0.0028307614067278,0.0031346821702344,0.003719904482161,0.0062531911529051,0.0092265246636085,0.0084232759255861,0.0052588670275229,0.0026843351732925,0.0008257692089704,0.0004702377920489,0.0002276837849133,0.0001075401529051,6.791996534148828e-05,4.592970336391437e-05,3.290663302752293e-05,,,
1955,CO_20170702192628,146,3.51,-74.16,17.0,4.7,RNAC_94,CFQNE,85,5.4674,-73.7349,0,0.32,7.46122733919554,3,222.6927787,221.7120134,223.6513658,4.0,0.0,0,-0.4374949368482183,0.6054,-1.042894936848218,0.5935994841208301,-1.031094420969048,4.5<= M < 5.0,200<= R < 250,,0.0,0.3524329326392574,s3,0.0010230358470948,0.0010305743363914,0.0010384477410805,0.0010637682283384,0.0011924532915392,0.0011410611783893,0.0016417777604485,0.0032992337155963,0.0027009848073394,0.0033170196024464,0.0025288407604485,0.0016916383129459,0.0006247439908256,0.0002592756727828,0.0001491439398572,8.146440366972477e-05,3.54178246687054e-05,1.985986340468909e-05,,,,
1970,CO_20170206130245,132,3.45,-74.67,38.0,5.4809,RNAC_100,CGUAD,91,5.0647,-74.5902,0,0.38,3.91108924429518,3,178.6541576,179.2876562,183.2779162,8.0,0.0,0,-0.8930093737386768,0.2141,-1.107109373738677,0.1866536457109755,-1.079663019449652,5.0<= M < 5.5,150<= R < 200,,0.0,0.330512971041572,s3,0.0021539018124362,0.0021740531467889,0.0021957260458715,0.0022611320723751,0.0025614699622833,0.0030025948114169,0.0056141861049949,0.0057066766921508,0.0046946565800203,0.0074644756442405,0.0084005321111111,0.0031401665810397,0.0020211262313965,0.0017458219092762,0.0006703405891946,0.0003489888878695,0.0001379079633027,6.566801732925586e-05,5.346838939857288e-05,4.106850764525994e-05,2.777081957186544e-05,
1971,CO_20170316153812,135,4.84,-72.64,15.4,4.8,RNAC_100,CGUAD,91,5.0647,-74.5902,0,0.38,3.91108924429518,3,217.2284523,215.8862183,217.2402018,5.0,0.0,0,-0.2184093737386767,0.3163,-0.5347093737386768,0.28052510160293,-0.4989344753416067,4.5<= M < 5.0,200<= R < 250,,0.0,0.585839525757232,s3,0.0009763663414882,0.0009816677777777,0.000980368277268,0.0010201435280326,0.0010229972731906,0.0011810571365953,0.0015992888542303,0.0015967078124362,0.0019220663149847,0.0019622340927624,0.002507697482161,0.0026025474811416,0.002053101551478,0.0014316869979612,0.0004824442558613,0.0002088124525993,5.86537003058104e-05,3.23737879714577e-05,1.978370234454638e-05,,,
1972,CO_20170702192628,146,3.51,-74.16,17.0,4.7,RNAC_100,CGUAD,91,5.0647,-74.5902,0,0.38,3.91108924429518,3,179.323652,178.7176362,180.3457947,6.274509803921569,0.0,0,-0.5408093737386767,0.6054,-1.146209373738677,0.5935994841208301,-1.134408857859507,4.5<= M < 5.0,150<= R < 200,,0.0,0.3178392987621788,s3,0.0009190938470948,0.0009248188593272,0.000945984825688,0.0010062346880733,0.001030182853211,0.0016493591681957,0.001842320617737,0.0031050128419979,0.0029034606391437,0.0024413272171253,0.0027085829775739,0.0015368870733944,0.0006954844994903,0.0004828088460754,0.0001657972680937,7.99869255861366e-05,3.74422996941896e-05,1.690121916411825e-05,1.112884199796126e-05,8.371527013251785e-06,,
1976,CO_20161031002012,122,3.45,-74.5,33.0,5.5725,RNAC_105,CIBA3,96,4.4318,-75.1881,0,0.14,1.71443527417372,1,131.4479689,134.1877559,136.4032968,13.33333333333333,0.0,0,1.778594685455524,0.2249,1.553694685455524,0.2105651267348564,1.568029558720668,5.5<= M < 6.0,100<= R < 150,,0.0,4.728909780023431,s1,0.0212552532415902,0.0216429202344546,0.0225610616717635,0.0261034532517838,0.0573506999592252,0.0597941988888888,0.057380711335372,0.0742647370132517,0.041394026972477,0.017298575922528,0.0109833256574923,0.0101901075545361,0.0056349907461773,0.0031822386880733,0.0029348843516819,0.0013425331019367,0.0004234903180428,0.0002385663690112,0.0001524286717635,0.0001001049571865,5.820167584097859e-05,3.358470234454638e-05
1977,CO_20161031020558,123,3.4,-74.5,36.2,5.0451,RNAC_105,CIBA3,96,4.4318,-75.1881,0,0.14,1.71443527417372,1,137.187564,140.9266171,142.5635092,6.666666666666667,0.0,0,1.140394685455524,0.0653,1.075094685455524,0.06349822280238836,1.076896462653136,5.0<= M < 5.5,100<= R < 150,,0.0,2.93027034138077,s1,0.0054828934159021,0.0056331239133537,0.0058689783822629,0.0077345487533129,0.0197819040672782,0.0144007396330275,0.0173003699286442,0.0103715804791029,0.0110613137308868,0.0051642696697247,0.004255884980632,0.0036900012395514,0.0027933133486238,0.0022040678715596,0.0010875187268093,0.0007157105667686,0.0001943306320081,9.278494189602448e-05,5.451516411824669e-05,3.648802854230377e-05,,
1980,CO_20170206130245,132,3.45,-74.67,38.0,5.4809,RNAC_105,CIBA3,96,4.4318,-75.1881,0,0.14,1.71443527417372,1,121.5790232,125.8657269,128.2860825,5.517241379310345,0.0,0,1.699594685455524,0.2141,1.485494685455524,0.1866536457109755,1.512941039744548,5.0<= M < 5.5,100<= R < 150,,0.0,4.417149972245269,s1,0.0202256289194699,0.0205850990723751,0.0212539880937818,0.0236847834862385,0.0459819999592252,0.0555005181957186,0.0700582303771661,0.0526038811926605,0.028282179745158,0.0337526049847094,0.0307936830479102,0.0120982840468909,0.0117212136901121,0.0065022016156982,0.0032117804169215,0.0012110853537206,0.0004786519887869,0.0002508682884811,0.0001390063781855,,,
1981,CO_20170429100634,143,3.816,-75.928,58.7,4.76,RNAC_105,CIBA3,96,4.4318,-75.1881,1,0.14,1.71443527417372,1,107.6639117,121.585171,123.5545317,7.272727272727272,0.0,0,-0.09110531454447601,-0.5532,0.462094685455524,-0.5440062921248152,0.4529009775803392,4.5<= M < 5.0,100<= R < 150,,0.0,1.587395599385478,s1,0.0017544763302752,0.0017960284954128,0.0018712337584097,0.0021212959582059,0.0038413187655453,0.0030916910948012,0.0065401132099898,0.0049544851600407,0.0035773176778797,0.004508580687054,0.0032495197492354,0.0041430229062181,0.0013612530530071,0.0007780537461773,0.0002464814882772,0.000114859482161,4.078947604485219e-05,2.073293577981652e-05,1.608161365953109e-05,1.16386493374108e-05,,
1982,CO_20170702192628,146,3.51,-74.16,17.0,4.7,RNAC_105,CIBA3,96,4.4318,-75.1881,0,0.14,1.71443527417372,1,153.3185288,153.6177465,154.5163994,6.666666666666667,0.0,0,2.214494685455524,0.6054,1.609094685455524,0.5935994841208301,1.620895201334694,4.5<= M < 5.0,150<= R < 200,,0.0,4.998284159585324,s1,0.0075409494067278,0.0076227074342507,0.0078317286799184,0.008406717941896,0.0107331847400611,0.0120625725076452,0.0223264912436289,0.0327425611314984,0.0135070126707441,0.012467063149847,0.0108297014373088,0.0055183567319062,0.0042568267196738,0.0018078827145769,0.0004946715484199,0.0002470048705402,0.0001075880754332,5.841535983690112e-05,3.754538634046891e-05,2.759207033639143e-05,,
1984,CO_20171111144520,158,2.73,-75.06,2.0,4.7,RNAC_105,CIBA3,96,4.4318,-75.1881,0,0.14,1.71443527417372,1,189.9744405,188.5958697,190.0199715,6.808510638297873,0.0,0,1.539994685455524,0.4077,1.132294685455524,0.434084525821564,1.10591015963396,4.5<= M < 5.0,150<= R < 200,,0.0,3.102768214524035,s1,0.002272938490316,0.0023554439092762,0.0024963806391437,0.002882628678899,0.0062652505871559,0.0069585538002038,0.0056996369683995,0.0048017104036697,0.0028394589877675,0.0027167847737003,0.0015837543710499,0.001053186914373,0.0006678576065239,0.0004293767227319,0.0001552395759429,6.691853822629968e-05,2.629175637104995e-05,1.398100101936799e-05,8.346595310907238e-06,5.770029561671764e-06,,
1988,CO_20170316153812,135,4.84,-72.64,15.4,4.8,RNAC_336,CLEJA,245,3.5363,-74.0414,0,0.15,1.60344457304293,2,212.4828525,210.2426333,212.4916847,4.037956793862306,0.0,0,1.206999741167889,0.3163,0.8906997411678894,0.28052510160293,0.9264746395649595,4.5<= M < 5.0,200<= R < 250,,0.0,2.436834208060752,s2,0.0019578232262996,0.00200194045158,0.0020645332415902,0.002469683687054,0.0037812893302752,0.0055732524057084,0.0047282488318042,0.0073536230336391,0.0055665889541284,0.0035202522782874,0.002195343933741,0.0019629502640163,0.0015498430326197,0.0011571936371049,0.0006608574403669,0.0003185536778797,0.0001495272099898,5.955899898063201e-05,,,,
1990,CO_20171111144520,158,2.73,-75.06,2.0,4.7,RNAC_132,CNEIV,104,2.9392,-75.2732,0,0.22,1.36942001241838,3,33.20220861,31.68809418,33.39589178,8.88888888888889,0.0,0,0.7582481187344738,0.4077,0.3505481187344738,0.434084525821564,0.3241635929129099,4.5<= M < 5.0,0<= R < 50,,0.0,1.419845579309252,s3,0.0248070031804281,0.0249659212742099,0.025284410254842,0.0284562082874617,0.0378272536391437,0.0550936772375127,0.0378581896126401,0.0447750722935779,0.0586519630988786,0.0495715014169215,0.0361613615494393,0.0286756743119266,0.0116927799388379,0.0050760012721712,0.0016996339949031,0.0008359747155963,0.0003717976360856,0.0002132726880733,0.0001369188073394,9.577571457696228e-05,6.116709785932721e-05,
1996,CO_20171014083543,154,7.38,-72.07,27.0,4.7,RNAC_138,CPAMP,110,7.379,-72.6372,0,0.34,2.41260504925588,3,61.8621971,60.72154579,61.94393283,7.272727272727272,0.0,0,0.1166637765117474,-0.0337,0.1503637765117474,0.04774692898594023,0.06891684752580714,4.5<= M < 5.0,50<= R < 100,,0.0,1.162256967620363,s3,0.0089838095524974,0.0092462689908256,0.0098404184841997,0.014075544617737,0.0221872259633027,0.0329753554943934,0.0204320435270132,0.0180081656472986,0.0185380665239551,0.0172064350050968,0.0111921133944954,0.008556476775739,0.0039042080438328,0.0026302745698267,0.0009852323944954,0.0003570746860346,0.0001315257115188,7.143580835881753e-05,4.320803363914373e-05,2.964291845056065e-05,,
1997,CO_20171118055454,159,8.34,-71.79,22.7999999999999,5.0427,RNAC_138,CPAMP,110,7.379,-72.6372,0,0.34,2.41260504925588,3,141.9686798,141.5598035,144.3692852,6.274509803921569,0.0,0,0.8202637765117473,0.1494,0.6708637765117473,0.2190940695783601,0.6011697069333872,5.0<= M < 5.5,100<= R < 150,,0.0,1.955926074179708,s3,0.0064834223904179,0.0066067128277268,0.0068577322120285,0.0081944571783894,0.0142294001630988,0.0207212947910295,0.0182375322324159,0.0141797141794087,0.0152631146687054,0.0105435756269113,0.0073166235086646,0.0055514635535168,0.0021613604260958,0.0019722492293577,0.0007987143486238,0.0004748843608562,0.0001103891671763,5.791048114169216e-05,4.230487155963303e-05,3.152558613659531e-05,,
1999,CO_20170206130245,132,3.45,-74.67,38.0,5.4809,RNAC_146,CPENS,116,5.3908,-75.1577,1,0.34,8.90608481499931,3,220.9328914,221.2716722,224.8816467,11.42857142857143,0.0,0,-0.2984467163279542,0.2141,-0.5125467163279542,0.1866536457109755,-0.4851003620389297,5.0<= M < 5.5,200<= R < 250,,0.0,0.5989682326011081,s3,0.0046827850540265,0.0047748503363914,0.0048849391049949,0.0054888274994903,0.0098744982181447,0.0121453835474006,0.0155788573190621,0.0101785752996941,0.013147828022426,0.014404191559633,0.0164717780428134,0.004355386030581,0.002166194678899,0.0010614746493374,0.0003594530214067,0.0001557465474006,8.904160652395514e-05,6.968828032619776e-05,4.374859327217126e-05,3.541410805300714e-05,2.605485728848115e-05,1.918259633027523e-05
2002,CO_20170702192628,146,3.51,-74.16,17.0,4.7,RNAC_146,CPENS,116,5.3908,-75.1577,1,0.34,8.90608481499931,3,236.5650819,235.9929992,237.4278804,5.333333333333333,0.0,0,0.8811532836720459,0.6054,0.2757532836720458,0.5935994841208301,0.2875537995512158,4.5<= M < 5.0,200<= R < 250,,0.0,1.317522769546196,s3,0.0037778656126401,0.0038163842018348,0.0038762182038735,0.0041299717767584,0.0057161406890927,0.0090047402996941,0.008594732432212,0.0098399959969418,0.0091957287492354,0.0106910515698267,0.0066476089989806,0.0024595762915392,0.0007356973343527,0.0003361264760448,0.0001428649622833,6.995043221202854e-05,3.249817329255861e-05,2.587519469928644e-05,1.650097349643221e-05,,,
2004,CO_20161031002012,122,3.45,-74.5,33.0,5.5725,RNAC_149,CPER3,119,4.8074,-75.738,1,0.34,7.81068516362955,3,202.2010595,203.4523727,205.4989317,6.153846153846153,28.4902723740909,1,0.1843438446056531,0.2249,-0.04055615539434686,0.2105651267348564,-0.02622128212920324,5.5<= M < 6.0,200<= R < 250,25.0,14.09007076646446,0.9602552394856897,s3,0.0075523326850152,0.0077311048460754,0.0078666158756371,0.0081821257808358,0.0105155714882772,0.0163920025280326,0.0244473699490316,0.0230858671355759,0.020331475953109,0.0279987960448521,0.0162703942609582,0.0078596360958205,0.0041821420662589,0.001498142706422,0.0007322185861365,0.0005377217492354,0.000199694374108,0.000108139207951,6.994654943934761e-05,3.74231875637105e-05,,
2005,CO_20170206130245,132,3.45,-74.67,38.0,5.4809,RNAC_149,CPER3,119,4.8074,-75.738,1,0.34,7.81068516362955,3,189.9399175,192.1253881,194.3512552,4.0,24.7674053268618,1,0.2425438446056531,0.2141,0.02844384460565314,0.1866536457109755,0.0558901988946777,5.0<= M < 5.5,150<= R < 200,0.0,13.03959991814875,1.028852233609385,s3,0.008349228540265,0.0084334982925586,0.0085640278460754,0.0090120936687054,0.0105474131600407,0.0142750049745158,0.0209054150356778,0.0180980095922528,0.0226787962691131,0.028214773088685,0.0199522834250764,0.0071893624892966,0.0062767906585117,0.0033066058583078,0.0014942168165137,0.000542934667686,0.0001997140856269,0.0001098205341488,,,,
2006,CO_20170429100634,143,3.816,-75.928,58.7,4.76,RNAC_149,CPER3,119,4.8074,-75.738,0,0.34,7.81068516362955,3,113.0664965,126.4425836,128.4013362,4.705882352941176,0.0,0,-0.1930561553943469,-0.5532,0.3601438446056531,-0.5440062921248152,0.3509501367304683,4.5<= M < 5.0,100<= R < 150,,0.0,1.433535606094163,s3,0.0061299398878695,0.0062117656717635,0.0062724482232415,0.0067156129153924,0.0083040790366972,0.0136079930275229,0.0169660349847094,0.0193071675127421,0.0149056627624872,0.0170163937206931,0.0111145489908256,0.0062443690907237,0.0022567724841997,0.0009312526585117,0.0003615542222222,0.0001746371457696,6.648948419979614e-05,3.460657798165138e-05,,,,
2007,CO_20170206130245,132,3.45,-74.67,38.0,5.4809,RNAC_153,CPLAT,122,2.3848,-75.9069,0,0.2,1.64174226592705,2,180.9606445,181.0844101,185.5350909,10.0,0.0,0,1.334743433746094,0.2141,1.120643433746094,0.1866536457109755,1.148089788035119,5.0<= M < 5.5,150<= R < 200,,0.0,3.066826868485879,s2,0.0090311311641182,0.0091213872915392,0.0093134622477064,0.0118535740672782,0.0189865845871559,0.0187565384505606,0.0179195804587155,0.0245573181549439,0.0231648980020387,0.0241608491641182,0.0312580992252803,0.0204519489092762,0.0123088342813455,0.0068067402945973,0.0031951442782874,0.0017813398705402,0.0005900975586136,0.0003154934311926,0.0001658629092762,0.0001018495739041,6.054034556574923e-05,3.042791845056065e-05
2008,CO_20170702192628,146,3.51,-74.16,17.0,4.7,RNAC_153,CPLAT,122,2.3848,-75.9069,0,0.2,1.64174226592705,2,230.8232374,230.1355501,231.6212871,8.0,0.0,0,1.372043433746094,0.6054,0.7666434337460943,0.5935994841208301,0.7784439496252642,4.5<= M < 5.0,200<= R < 250,,0.0,2.152529008203172,s2,0.0016964968277268,0.00172638990316,0.0018071534750254,0.0021535294913353,0.0037791455932721,0.0048843750856269,0.0058831696666666,0.0049906380723751,0.0031349027604485,0.0036107122283384,0.0028541466085626,0.0023526498562691,0.0014615856605504,0.0008853312803261,0.0003588518970438,0.0001956930632008,5.057678899082569e-05,2.700219164118246e-05,1.606074719673802e-05,1.567376452599388e-05,1.10658124362895e-05,
2010,CO_20171111144520,158,2.73,-75.06,2.0,4.7,RNAC_153,CPLAT,122,2.3848,-75.9069,0,0.2,1.64174226592705,2,101.3260556,100.5428614,101.4117235,6.666666666666667,0.0,0,0.4863434337460943,0.4077,0.07864343374609434,0.434084525821564,0.05225890792453036,4.5<= M < 5.0,100<= R < 150,,0.0,1.081818513316512,s2,0.002989870119266,0.0031800099062181,0.0034777638766564,0.0074835095423037,0.0092205328909276,0.0065140151630988,0.0078682697288481,0.0059697716799184,0.0043351351794087,0.003093002687054,0.0022102552538226,0.0021670601009174,0.0021252686197757,0.0014738040132517,0.0005571851243628,0.0002654626106014,7.50542629969419e-05,3.902047094801223e-05,2.342318960244648e-05,1.690987767584098e-05,,
2011,CO_20161031002012,122,3.45,-74.5,33.0,5.5725,RNAC_164,CPRAD,130,3.7551,-74.8905,0,0.28,1.27021717421609,1,53.14044715,63.66095974,64.04104122,11.42857142857143,0.0,0,0.7639203300609456,0.2249,0.5390203300609456,0.2105651267348564,0.5533552033260892,5.5<= M < 6.0,50<= R < 100,,0.0,1.71432656504945,s1,0.022619815667686,0.023812848980632,0.0256684631906218,0.0364242069826707,0.0417670927930683,0.0534673264016309,0.0422322559938837,0.0475973519062181,0.0656584391641182,0.0409482135270132,0.0295210226911314,0.0224163626197757,0.0113441456065239,0.0053249264841997,0.0027201451314984,0.0020060423068297,0.001145537980632,0.0007359097278287,0.000495973343527,0.0003225067471967,0.0001704553221202,7.816021712538226e-05
2012,CO_20161031020558,123,3.4,-74.5,36.2,5.0451,RNAC_164,CPRAD,130,3.7551,-74.8905,0,0.28,1.27021717421609,1,57.93422081,68.37289274,69.33330412,4.444444444444445,0.0,0,-0.01947966993905434,0.0653,-0.08477966993905434,0.06349822280238836,-0.0829778927414427,5.0<= M < 5.5,50<= R < 100,,0.0,0.91871468256544,s1,0.0055057116493374,0.0058338189979612,0.0063963239113149,0.0109713956880733,0.0152612904281345,0.0142568408460754,0.012139178246687,0.008545968324159,0.0079499470489296,0.0063250478195718,0.0040255547023445,0.0021916149174311,0.0025697325066258,0.0019362377186544,0.0010256817461773,0.00081014435474,0.0002948629072375,0.0001613839949031,,,,
2014,CO_20170206130245,132,3.45,-74.67,38.0,5.4809,RNAC_164,CPRAD,130,3.7551,-74.8905,0,0.28,1.27021717421609,1,39.93353167,55.89098233,56.69540274,6.666666666666667,0.0,0,0.9758203300609456,0.2141,0.7617203300609456,0.1866536457109755,0.7891666843499702,5.0<= M < 5.5,50<= R < 100,,0.0,2.141957927324999,s1,0.0315426542813455,0.0316564157390417,0.0361870743221202,0.0451432619775739,0.0487357686952089,0.0568940609480122,0.0488510553618756,0.0633232344342507,0.0668991227115188,0.0824915974209989,0.0578392562487257,0.0206238458613659,0.0118686029867482,0.0171135637206931,0.0059473562028542,0.0027600228756371,0.0011901069051987,0.0006869074393476,0.0004254882150866,0.0003206987849133,,
2015,CO_20170429100634,143,3.816,-75.928,58.7,4.76,RNAC_164,CPRAD,130,3.7551,-74.8905,1,0.28,1.27021717421609,1,115.647276,128.0495543,130.2500836,7.272727272727272,0.0,0,-0.1795796699390543,-0.5532,0.3736203300609457,-0.5440062921248152,0.3644266221857609,4.5<= M < 5.0,100<= R < 150,,0.0,1.452985390845422,s1,0.0014648844230377,0.0015700505035677,0.0017656608807339,0.0018494482405708,0.0017453551416921,0.0022530491141692,0.0023024311223241,0.0026673401763506,0.00400582608053,0.0051154753679918,0.0055547711997961,0.0027762746004077,0.0010660099857288,0.0006741887094801,0.0002387517645259,0.0001422413700305,4.793055657492355e-05,2.562383995922528e-05,2.227188379204893e-05,1.319773190621814e-05,,
2016,CO_20170702192628,146,3.51,-74.16,17.0,4.7,RNAC_164,CPRAD,130,3.7551,-74.8905,0,0.28,1.27021717421609,1,85.50382337,87.14140826,87.48458404,7.272727272727272,0.0,0,-0.08897966993905437,0.6054,-0.6943796699390544,0.5935994841208301,-0.6825791540598845,4.5<= M < 5.0,50<= R < 100,,0.0,0.4993841349119952,s1,0.0020490758053007,0.0021178966218144,0.002285652551478,0.0027189670591233,0.0032169741875637,0.0053226175056065,0.0054830473465851,0.005804126119266,0.0065342615443425,0.0056190934933741,0.0035493561804281,0.0025502879388379,0.0013341797930682,0.0006505629500509,0.0003080154260958,0.0001632259775739,6.066853516819572e-05,3.755079408766565e-05,2.2196874617737e-05,1.459733843017329e-05,,
2017,CO_20170206130245,132,3.45,-74.67,38.0,5.4809,RNAC_169,CQUET,134,4.3285,-73.8612,0,0.28,1.61866234246013,1,132.846011,134.3147914,139.1151738,7.272727272727272,0.0,0,0.1794832910470404,0.2141,-0.0346167089529596,0.1866536457109755,-0.007170354663935036,5.0<= M < 5.5,100<= R < 150,,0.0,0.9659755951071792,s1,0.0039874821753312,0.0040216203088685,0.00419221872579,0.0047459252629969,0.0058847313802242,0.0069991337573904,0.0114585603465851,0.0090279418797145,0.0125394706625891,0.0174675024260958,0.0064476964678899,0.002924309980632,0.0036194302915392,0.0023611758053007,0.0011406178358817,0.0007529171671763,0.0001679744179408,0.0001036856381243,6.234778491335372e-05,4.083984607543323e-05,,
2018,CO_20161031002012,122,3.45,-74.5,33.0,5.5725,RNAC_171,CREAC,135,4.6336,-74.088,0,0.38,2.9746036942033,3,138.8743283,139.4146518,143.9596643,4.050632911392404,0.0,0,-0.3496503216764928,0.2249,-0.5745503216764928,0.2105651267348564,-0.5602154484113492,5.5<= M < 6.0,100<= R < 150,,0.0,0.5629579618899619,s3,0.0050621633975535,0.0050817845096839,0.0051215149847094,0.0052706693822629,0.0060142281019367,0.0074680998470948,0.0088535385891947,0.015371527482161,0.0117036866360856,0.011252160285423,0.0154216716921508,0.01126669108053,0.0119621224362895,0.0073246223843017,0.0047982034209989,0.0028671513700305,0.001146052825688,0.0003833808807339,,,,
2019,CO_20161031020558,123,3.4,-74.5,36.2,5.0451,RNAC_171,CREAC,135,4.6336,-74.088,0,0.38,2.9746036942033,3,144.5128604,147.0369551,150.0197349,10.66666666666667,0.0,0,-0.3473503216764928,0.0653,-0.4126503216764928,0.06349822280238836,-0.4108485444788812,5.0<= M < 5.5,100<= R < 150,,0.0,0.6618936922427057,s3,0.0024434408430173,0.0024652980091743,0.0025090588939857,0.0025979660856269,0.0028566468226299,0.0042742020173292,0.004189539138634,0.0066676092099898,0.0069416401243628,0.0055093726167176,0.0071620376258919,0.0044361863384301,0.0059134489317023,0.0051876380203873,0.0042576026034658,0.0019838877706422,0.0013538551518858,0.0003428097879714,0.0001741227145769,9.123213863404688e-05,5.47471630988787e-05,3.088095616717635e-05
2020,CO_20170206130245,132,3.45,-74.67,38.0,5.4809,RNAC_171,CREAC,135,4.6336,-74.088,0,0.38,2.9746036942033,3,146.2263165,148.0389875,152.2578846,6.666666666666667,0.0,0,-0.3126503216764928,0.2141,-0.5267503216764928,0.1866536457109755,-0.4993039673874683,5.0<= M < 5.5,100<= R < 150,,0.0,0.5905208578134524,s3,0.0044207313516819,0.0044535675147808,0.0044889032293577,0.0045698759785932,0.0049124442762487,0.0065889813088685,0.0063172538379204,0.0094860166534148,0.0086982512793068,0.0115142666156982,0.0224542066768603,0.0083749336523955,0.0123924561671763,0.0123631190723751,0.0070138052956167,0.004244122393476,0.0023110811325178,0.0006330793679918,0.0003982071478083,0.0002017193221202,,
2029,CO_20161031002012,122,3.45,-74.5,33.0,5.5725,RNAC_176,CRU,140,1.5678,-76.952,1,0.52,3.49032415494454,4,342.8678224,339.5568996,344.9788561,13.33333333333333,81.3410515376985,1,1.010655023814067,0.2249,0.7857550238140668,0.2105651267348564,0.8000898970792104,5.5<= M < 6.0,,75.0,23.72373440246707,2.194062885243699,s4,0.0025491981875637,0.0026049109490316,0.0026008281936799,0.0026749905840978,0.0033907827706422,0.0038534034444444,0.0069728264638124,0.0078490109796126,0.0059906634057084,0.0063820352844036,0.0060823456187563,0.006205461061162,0.0030164621518858,0.0013129929673802,0.0009890001610601,0.0003677103985728,0.000146718883792,6.772355249745159e-05,3.726005198776759e-05,3.11716126401631e-05,2.742390214067278e-05,1.313514576962283e-05
2030,CO_20161031020558,123,3.4,-74.5,36.2,5.0451,RNAC_176,CRU,140,1.5678,-76.952,1,0.52,3.49032415494454,4,339.7880835,338.9184027,342.1878249,13.33333333333333,84.31126825580033,1,1.167855023814067,0.0653,1.102555023814067,0.06349822280238836,1.104356801011678,5.0<= M < 5.5,,75.0,24.81289731745414,3.011851553853974,s4,0.0013708184760448,0.0013764235647298,0.0013828517706422,0.0013921035076452,0.0017407095851172,0.0016261236952089,0.0027580460815494,0.0036201183995922,0.0033572869653414,0.0046601861702344,0.0046640990978593,0.0037385468103975,0.0016463854281345,0.0006099593985728,0.0004045135922528,0.0001368692640163,5.024700815494394e-05,2.507809276248726e-05,1.486698572884812e-05,9.861424057084607e-06,7.071814475025485e-06,4.501609582059123e-06
2039,CO_20170206130245,132,3.45,-74.67,38.0,5.4809,RNAC_176,CRU,140,1.5678,-76.952,1,0.52,3.49032415494454,4,328.2672092,325.9656187,331.0212696,8.0,69.02230439585064,1,1.251455023814067,0.2141,1.037355023814067,0.1866536457109755,1.064801378103091,5.0<= M < 5.5,,50.0,21.02625619051647,2.821743690462505,s4,0.0034628543944954,0.0034915438399592,0.0035261575891946,0.0036161852212028,0.0039063585188583,0.0041550487288481,0.006441082099898,0.0080483611946992,0.0110563921406727,0.0103232069622833,0.009187181590214,0.0089313602731906,0.0054929118613659,0.0025797092568807,0.0013819300784913,0.0005487258002038,0.0002363268623853,9.400202956167175e-05,6.140917431192661e-05,4.284163404689093e-05,2.737136289500509e-05,
2049,CO_20170429100634,143,3.816,-75.928,58.7,4.76,RNAC_176,CRU,140,1.5678,-76.952,0,0.52,3.49032415494454,4,273.7806462,279.0884193,280.7771156,8.88888888888889,47.1257477050199,1,-0.8657449761859333,-0.5532,-0.3125449761859332,-0.5440062921248152,-0.3217386840611181,4.5<= M < 5.0,250<= R < 300,25.0,17.21295802282313,0.7315827244060485,s4,0.0002762197818552,0.0002783558623853,0.0002812579643221,0.00029479453211,0.000431004991845,0.0004746564841997,0.0005318905637104,0.0006221895524974,0.0007341380621814,0.000702406,0.0008360370479102,0.0007738751274209,0.0004933829500509,0.0001940049184505,7.985780937818553e-05,2.927066972477064e-05,1.142860244648318e-05,5.161606523955148e-06,3.446799184505606e-06,2.167418960244648e-06,1.446424057084608e-06,
2061,CO_20171111144520,158,2.73,-75.06,2.0,4.7,RNAC_176,CRU,140,1.5678,-76.952,1,0.52,3.49032415494454,4,246.4752142,245.8717244,246.5442375,26.66666666666667,113.5507756489997,1,1.141955023814067,0.4077,0.7342550238140668,0.434084525821564,0.7078704979925028,4.5<= M < 5.0,200<= R < 250,100.0,46.0698557530657,2.08392893665106,s4,0.0010947056717635,0.0011072352986748,0.001094191022426,0.001211189207951,0.0014848454954128,0.0018171872283384,0.0031285258634046,0.0028728376880733,0.0030911014954128,0.0030309379602446,0.0034107425922528,0.0021190833425076,0.0012362645005096,0.0004751735524974,0.0001683583261977,6.682845769622833e-05,2.84729367991845e-05,1.810722629969419e-05,9.975324159021406e-06,6.503251783893986e-06,4.308924566768604e-06,2.212033639143731e-06
2063,CO_20170206130245,132,3.45,-74.67,38.0,5.4809,RNAC_179,CSAGU,142,1.8786,-76.2759,0,0.88,2.6703382082652,5,249.4025542,248.0731893,252.8252124,6.153846153846153,48.93249573532069,1,-0.1587255799485208,0.2141,-0.3728255799485208,0.1866536457109755,-0.3453792256594963,5.0<= M < 5.5,200<= R < 250,25.0,19.61988556704232,0.6887853603453383,s5,0.0013185156697247,0.0013279493007135,0.0013404514974515,0.0014144295891946,0.0017566603333333,0.002230953,0.002880777501529,0.0037201454556574,0.0044092591335372,0.0044546648786952,0.0037209676126401,0.0029506987013251,0.0037728958358817,0.0013874296422018,0.0004935871202854,0.0002827850479102,0.0001260786187563,8.04782008154944e-05,4.183932721712538e-05,2.623912640163099e-05,,
2064,CO_20171111144520,158,2.73,-75.06,2.0,4.7,RNAC_179,CSAGU,142,1.8786,-76.2759,0,0.88,2.6703382082652,5,164.6594126,164.1544772,164.7259786,7.272727272727272,34.55508431714733,1,0.1522744200514792,0.4077,-0.2554255799485208,0.434084525821564,-0.2818101057700848,4.5<= M < 5.0,150<= R < 200,25.0,20.98579350643653,0.7745867792035931,s5,0.0011235127013251,0.0011399701141692,0.0012064049704383,0.0013483304230377,0.0017759828664627,0.0018762467186544,0.0021945236513761,0.0021842202222222,0.0031120496860346,0.0032806594831804,0.0019889398634046,0.0010519309235474,0.0007964701202854,0.0006831045830784,0.0001538354220183,8.587197349643222e-05,3.586592252803262e-05,1.718288379204893e-05,9.746996941896023e-06,6.979042813455658e-06,,
2066,CO_20170808204340,148,6.54,-72.09,49.0999999999999,4.8203,RNAC_183,CSARD,146,8.0557,-72.7947,0,0.3,2.77638110350458,3,186.0145207,190.3134346,192.8370943,6.666666666666667,0.0,0,-0.2953604729822258,-0.5738,0.2784395270177742,-0.5027789500158876,0.2074184770336618,4.5<= M < 5.0,150<= R < 200,,0.0,1.321066714136458,s3,0.0012527921906218,0.001259523424057,0.0012629861019367,0.0013465080316004,0.0015705147859327,0.0018900519969418,0.0017216072446483,0.0018817137920489,0.002625995490316,0.003429148883792,0.0036755147991845,0.0031564417104994,0.0021086857227319,0.0008136571671763,0.000362737872579,0.0001548823792048,6.266944240570845e-05,3.302250356778798e-05,1.81089622833843e-05,1.313598674821611e-05,,
2068,CO_20171014083543,154,7.38,-72.07,27.0,4.7,RNAC_183,CSARD,146,8.0557,-72.7947,0,0.3,2.77638110350458,3,109.3860443,107.6974293,109.394637,4.705882352941176,0.0,0,-0.3946604729822258,-0.0337,-0.3609604729822258,0.04774692898594023,-0.442407401968166,4.5<= M < 5.0,100<= R < 150,,0.0,0.6970065485126153,s3,0.0023223299092762,0.0023698886768603,0.0024985927808358,0.0041754900397553,0.0052358045310907,0.0051347159745158,0.0050242301977573,0.005849972833843,0.009363820853211,0.0072239369286442,0.004539939099898,0.002944849216106,0.0008819530937818,0.0004870384943934,0.0002041973211009,0.0001065024199796,4.639231498470948e-05,2.375279102956167e-05,,,,
2069,CO_20171118055454,159,8.34,-71.79,22.7999999999999,5.0427,RNAC_183,CSARD,146,8.0557,-72.7947,0,0.3,2.77638110350458,3,115.7810307,115.3369919,118.3258147,4.102564102564102,0.0,0,0.1639395270177742,0.1494,0.01453952701777422,0.2190940695783601,-0.05515454256058583,5.0<= M < 5.5,100<= R < 150,,0.0,1.014645740078978,s3,0.0052601471783893,0.0054900930835881,0.0059145707849133,0.0088605202344546,0.0125547518042813,0.0166964701019367,0.0112339599490316,0.0092534385749235,0.0068975940366972,0.0078222838929663,0.0045930526462793,0.0023401887818552,0.0007612840163098,0.000365693412844,0.0002572820509683,9.2506247706422e-05,4.672578185524974e-05,2.108412334352701e-05,,,,
2070,CO_20161031002012,122,3.45,-74.5,33.0,5.5725,RNAC_202,CTOCH,159,3.624,-76.091,1,0.25,1.59856584543114,1,175.9328871,176.8825825,179.756823,5.714285714285714,0.0,0,0.0690175675482772,0.2249,-0.1558824324517228,0.2105651267348564,-0.1415475591865792,5.5<= M < 6.0,150<= R < 200,,0.0,0.8556597822804927,s1,0.0024330918868501,0.0025330791141692,0.0031932652701325,0.0057569286116207,0.0068466284495412,0.0071788398562691,0.0074282769011213,0.0068292036625891,0.005707341767584,0.0041570132028542,0.0028842601090723,0.0016523200662589,0.0008470118175331,0.0009017485739041,0.0003647732252803,0.0002999647838939,0.0001977422507645,7.179986544342509e-05,3.225369215086647e-05,,,
2071,CO_20161031020558,123,3.4,-74.5,36.2,5.0451,RNAC_202,CTOCH,159,3.624,-76.091,1,0.25,1.59856584543114,1,177.6240933,180.6455601,181.9043513,6.666666666666667,0.0,0,0.1189175675482772,0.0653,0.05361756754827721,0.06349822280238836,0.05541934474588885,5.0<= M < 5.5,150<= R < 200,,0.0,1.055081027765812,s1,0.0012560013190621,0.0012777760081549,0.0015022222130479,0.0022426149765545,0.003727651698267,0.0041554387247706,0.0031918493027522,0.0032398706727828,0.0023438563822629,0.0019419731376146,0.0017305902150866,0.0019206075963302,0.0014119841233435,0.0009985264740061,0.0002950619429153,0.0001550794393476,7.111139449541284e-05,3.158333231396534e-05,1.92727879714577e-05,1.82968379204893e-05,,
2072,CO_20170429100634,143,3.816,-75.928,58.7,4.76,RNAC_202,CTOCH,159,3.624,-76.091,0,0.25,1.59856584543114,1,27.14540602,66.20431107,66.82506589,8.88888888888889,0.0,0,-0.007282432451722887,-0.5532,0.5459175675482771,-0.5440062921248152,0.5367238596730923,4.5<= M < 5.0,50<= R < 100,,0.0,1.726191553283638,s1,0.0052164187910295,0.0053945829582059,0.0057980899398572,0.0070461623527013,0.0100610043017329,0.009637849316004,0.014360924424057,0.0122234707135575,0.0134708263098878,0.0078050451233435,0.0054028090509684,0.004077400687054,0.0021080609877675,0.001123895864424,0.0005473715096839,0.0002875199836901,9.01234006116208e-05,5.057891131498471e-05,3.701655351681957e-05,2.803934352701325e-05,1.787644546381243e-05,
2073,CO_20170702192628,146,3.51,-74.16,17.0,4.7,RNAC_202,CTOCH,159,3.624,-76.091,1,0.25,1.59856584543114,1,214.6571908,214.8118411,215.5547781,6.153846153846153,0.0,0,0.6110175675482773,0.6054,0.005617567548277219,0.5935994841208301,0.01741808342744722,4.5<= M < 5.0,200<= R < 250,,0.0,1.005633375668055,s1,0.0007769991641182,0.000781989316004,0.0007954887247706,0.0008532826218144,0.0010846726197757,0.0012318040672782,0.0015090550774719,0.0017060043272171,0.0017983862477064,0.0022791085963302,0.0019844466381243,0.0010142094913353,0.0005246561274209,0.0003314576207951,0.0001262118318042,4.838016921508665e-05,2.219283588175331e-05,1.134409582059123e-05,6.911273190621815e-06,4.920336391437308e-06,,
2074,CO_20171111144520,158,2.73,-75.06,2.0,4.7,RNAC_202,CTOCH,159,3.624,-76.091,1,0.25,1.59856584543114,1,151.5947704,150.0374087,151.6647735,8.88888888888889,0.0,0,0.6081175675482773,0.4077,0.2004175675482772,0.434084525821564,0.1740330417267133,4.5<= M < 5.0,150<= R < 200,,0.0,1.221912882813692,s1,0.001397098953109,0.0014344889051987,0.0015202769867482,0.0017706968073394,0.0023582242385321,0.0026199791304791,0.0034173459286442,0.004738641022426,0.003742217659531,0.0021559445891946,0.002072175698267,0.001536451158002,0.0006989728114169,0.0005735769867482,0.0001713824872579,5.99977879714577e-05,2.44656004077472e-05,1.949153007135576e-05,1.181399490316004e-05,1.027359836901121e-05,7.09174617737003e-06,
2078,CO_20170316153812,135,4.84,-72.64,15.4,4.8,RNAC_212,CTUN3,167,5.5543,-73.3584,0,0.2,3.09185769588223,2,112.116755,111.8662703,112.1862581,8.0,0.0,0,-0.1867782189131285,0.3163,-0.5030782189131285,0.28052510160293,-0.4673033205160585,4.5<= M < 5.0,100<= R < 150,,0.0,0.604666496188202,s2,0.001977706520897,0.0019989954811416,0.0020469596717635,0.0022091797471967,0.002438259961264,0.003249269825688,0.0046859897217125,0.0077658128053007,0.0069669891345565,0.0044993913873598,0.0026079219633027,0.0019684510958205,0.0007374666034658,0.0004281148481141,0.0002029135392456,8.955743017329256e-05,6.312730581039756e-05,2.531570744138634e-05,1.453158307849134e-05,1.493871865443425e-05,1.163295616717635e-05,
2093,CO_20170206130245,132,3.45,-74.67,38.0,5.4809,RNAC_218,CUIBA,247,4.4499,-75.2002,0,0.64,4.37046583555124,4,123.9833944,128.150612,130.5820602,5.333333333333333,0.0,0,0.8021452233461228,0.2141,0.5880452233461229,0.1866536457109755,0.6154915776351474,5.0<= M < 5.5,100<= R < 150,,0.0,1.800465465371615,s4,0.0218105282364933,0.0225457508358817,0.0241303297961264,0.0334727592252803,0.0744860327828746,0.0611124929255861,0.0628455235677879,0.0457733953720693,0.0414332510193679,0.0402017688277268,0.0341817231804281,0.0194413785423037,0.0112839776350662,0.0065630028460754,0.0021618908939857,0.000953981188583,0.0003871697217125,0.0001768888511722,0.000109486833843,,,
2094,CO_20170702192628,146,3.51,-74.16,17.0,4.7,RNAC_218,CUIBA,247,4.4499,-75.2002,0,0.64,4.37046583555124,4,155.6623668,155.9427596,156.8482216,8.0,0.0,0,1.133245223346123,0.6054,0.5278452233461228,0.5935994841208301,0.5396457392252929,4.5<= M < 5.0,150<= R < 200,,0.0,1.69527543023643,s4,0.0067667211284403,0.0068277231865443,0.0069321817981651,0.0084334512619775,0.0119635828134556,0.0131342786748216,0.0212356081141692,0.0189713140366972,0.017467428216106,0.0126620907237512,0.0169132857186544,0.020971081814475,0.007769869432212,0.0023832320988786,0.0007206755300713,0.0003726684454638,0.0001625024230377,8.685221916411825e-05,5.493255453618757e-05,3.77918623853211e-05,2.767125280326198e-05,
2107,CO_20171111144520,158,2.73,-75.06,2.0,4.7,RNAC_227,CVERS,178,4.574,-76.208,1,0.64,8.3053103810736,4,241.4734328,239.8645861,241.5257222,6.666666666666667,0.0,0,0.912719495281106,0.4077,0.5050194952811059,0.434084525821564,0.478634969459542,4.5<= M < 5.0,200<= R < 250,,0.0,1.657017824174245,s4,0.0030807253802242,0.0030909463425076,0.003118085786952,0.0031814315086646,0.0033269681906218,0.0038263899388379,0.006547746972477,0.0071084236809378,0.0077670712477064,0.0059173936299694,0.0070764631620795,0.0106376483486238,0.003617642914373,0.001206337108053,0.000379148795107,0.0002100577492354,8.729628032619775e-05,5.135298980632008e-05,3.504253109072375e-05,2.28105249745158e-05,,
2111,CO_20170206130245,132,3.45,-74.67,38.0,5.4809,RNAC_228,CVHER,179,5.0324,-75.1197,1,0.48,1.5079093611224,1,181.3035055,182.7320421,186.078846,4.705882352941176,0.0,0,-0.2027225793206244,0.2141,-0.4168225793206244,0.1866536457109755,-0.3893762250315999,5.0<= M < 5.5,150<= R < 200,,0.0,0.6591378542564357,s1,0.0016160930346585,0.0017914286238532,0.0028991018053007,0.0041089231926605,0.0042257862517838,0.0036585966544342,0.0043868402140672,0.0018524417522935,0.002158109119266,0.002164230520897,0.0023251765249745,0.0017065581376146,0.0010189016890927,0.0008070284485219,0.0002648977125382,0.0001349943588175,7.414635575942915e-05,6.938875229357797e-05,,,,
2112,CO_20170702192628,146,3.51,-74.16,17.0,4.7,RNAC_228,CVHER,179,5.0324,-75.1197,1,0.48,1.5079093611224,1,199.9364782,199.6396948,200.9493689,7.272727272727272,0.0,0,0.5200774206793757,0.6054,-0.0853225793206244,0.5935994841208301,-0.0735220634414544,4.5<= M < 5.0,150<= R < 200,,0.0,0.9182160391166402,s1,0.000826361717635,0.000837016285423,0.0011001035351681,0.0014457691712538,0.0018451212344546,0.0023548206309887,0.0026119004159021,0.0020273472099898,0.002041114667686,0.0021870521957186,0.0017840606218144,0.0012577382150866,0.0005251132721712,0.0002311168195718,7.370334250764526e-05,4.720581141692151e-05,1.911155453618757e-05,1.017765239551478e-05,7.66968501529052e-06,7.32946381243629e-06,,
2115,CO_20171111144520,158,2.73,-75.06,2.0,4.7,RNAC_230,CVIL1,181,4.177,-73.639,0,0.26,1.91145803653505,1,225.6155502,225.251969,225.6434857,4.705882352941176,0.0,0,1.492196176814635,0.4077,1.084496176814635,0.434084525821564,1.058111650993071,4.5<= M < 5.0,200<= R < 250,,0.0,2.957949159888895,s1,0.001497426235474,0.0015175841732925,0.001551054953109,0.0018909073710499,0.0029106908236493,0.0037940351732925,0.00390396780632,0.0055001828674821,0.0050309582120285,0.0048381152996941,0.0025294565494393,0.0020279720509683,0.0018800652028542,0.0010064341049949,0.0004529589561671,0.000190051745158,7.50108990825688e-05,3.468055147808359e-05,,,,
2164,CO_20161031002012,122,3.45,-74.5,33.0,5.5725,RNAC_244,FLO2,186,1.5825,-75.6525,0,0.5,1.83607985246559,1,244.0001479,240.9749721,246.6066707,20.0,0.0,0,1.14249571181047,0.2249,0.9175957118104703,0.2105651267348564,0.931930585075614,5.5<= M < 6.0,200<= R < 250,,0.0,2.50326457948286,s1,0.0040253500652395,0.0040456226738022,0.004070630590214,0.0044508924984709,0.0051817850407747,0.0061132591365953,0.0071447814892966,0.0094472002721712,0.0080007703088685,0.0075494819051987,0.009017551853211,0.0100570289123343,0.0082746408236493,0.0051724519286442,0.0017804932670744,0.0010521454036697,0.0003733537319062,0.0001701304954128,8.860621508664627e-05,7.023821202854231e-05,4.632395514780836e-05,2.095103465851172e-05
2165,CO_20161031020558,123,3.4,-74.5,36.2,5.0451,RNAC_244,FLO2,186,1.5825,-75.6525,0,0.5,1.83607985246559,1,239.1301563,238.7907166,242.1476589,16.0,0.0,0,1.64259571181047,0.0653,1.57729571181047,0.06349822280238836,1.579097489008082,5.0<= M < 5.5,200<= R < 250,,0.0,4.841844348154331,s1,0.0033058571141692,0.0033192238634046,0.0033469814016309,0.003503759362895,0.0039533947543323,0.0038465039347604,0.0049853341590214,0.0068667439898063,0.0062053941732925,0.0090379979571865,0.0104740324362895,0.008960242227319,0.0041217416839959,0.0039423687013251,0.0011929616156982,0.0005501237298674,0.0001867569510703,9.983699184505606e-05,5.857446381243629e-05,4.017671355759429e-05,2.543914780835882e-05,1.380047706422018e-05
2174,CO_20170206130245,132,3.45,-74.67,38.0,5.4809,RNAC_244,FLO2,186,1.5825,-75.6525,0,0.5,1.83607985246559,1,234.9181587,233.0306061,238.3439389,11.42857142857143,0.0,0,0.7927957118104703,0.2141,0.5786957118104703,0.1866536457109755,0.6061420660994948,5.0<= M < 5.5,200<= R < 250,,0.0,1.783710440433962,s1,0.0027774663180428,0.0028034765647298,0.0028320587482161,0.0029868454230377,0.0034334561243628,0.0038133967981651,0.0049443831926605,0.0068193790866462,0.0074284704831804,0.0105486309480122,0.0070895173129459,0.0073987763129459,0.0029061298674821,0.0032300462640163,0.0010794228603465,0.0006462199317023,0.0001979579174311,0.0001129666391437,5.898536901121304e-05,4.128937614678899e-05,2.385255147808359e-05,1.094305300713558e-05
2188,CO_20170702192628,146,3.51,-74.16,17.0,4.7,RNAC_244,FLO2,186,1.5825,-75.6525,0,0.5,1.83607985246559,1,270.9586372,269.8238016,271.5915546,8.88888888888889,0.0,0,1.17449571181047,0.6054,0.5690957118104703,0.5935994841208301,0.5808962276896403,4.5<= M < 5.0,250<= R < 300,,0.0,1.76666875119412,s1,0.0008259671997961,0.0008409119775739,0.0008658285586136,0.0009571250652395,0.0012592606065239,0.0021619735606523,0.0018388985657492,0.0028244130183486,0.0015569458073394,0.0013884724485219,0.0009952848369011,0.000956323011213,0.00089657180632,0.0007908704719673,0.0001760465637104,9.396839551478084e-05,3.574580835881753e-05,1.565773190621814e-05,9.501641182466871e-06,6.110592252803262e-06,3.906874617737003e-06,
2197,CO_20171111144520,158,2.73,-75.06,2.0,4.7,RNAC_244,FLO2,186,1.5825,-75.6525,0,0.5,1.83607985246559,1,143.2820416,142.698857,143.3244786,13.33333333333333,0.0,0,0.6925957118104703,0.4077,0.2848957118104703,0.434084525821564,0.2585111859889063,4.5<= M < 5.0,100<= R < 150,,0.0,1.329623356878068,s1,0.0016694793832823,0.0017093763333333,0.0017536486218144,0.0021979003995922,0.0035626138817533,0.0032825641508664,0.0050609869204892,0.005417080745158,0.003218411678899,0.0044924325565749,0.0036150853068297,0.0026587054678899,0.0017492233649337,0.0018424523109072,0.0005260890988786,0.0002705692762487,0.0001112850540265,4.630100917431193e-05,2.893894189602446e-05,1.894207645259939e-05,1.216819775739042e-05,6.773540265035678e-06
2210,CO_20161031002012,122,3.45,-74.5,33.0,5.5725,RNAC_245,GARC,187,2.1867,-75.4938,0,0.36,3.52981096785829,3,178.4830429,177.0476233,182.3436404,8.0,0.0,0,1.309737024025228,0.2249,1.084837024025228,0.2105651267348564,1.099171897290372,5.5<= M < 6.0,150<= R < 200,,0.0,2.958957540451209,s3,0.0201063903669724,0.0203521372171253,0.0206508605096839,0.0249432992762487,0.037036460285423,0.0429862033944954,0.068765956462793,0.0537783343425076,0.0663789753618756,0.0657235029255861,0.0349821276248725,0.0159741356778797,0.005253190640163,0.0020805505310907,0.000965777393476,0.0006125084954128,0.0002983346707441,0.0001472796941896,9.546174311926605e-05,6.266454740061162e-05,3.812488175331295e-05,
2211,CO_20161031020558,123,3.4,-74.5,36.2,5.0451,RNAC_245,GARC,187,2.1867,-75.4938,0,0.36,3.52981096785829,3,174.1169794,175.5197648,178.5792532,13.33333333333333,0.0,0,1.033137024025228,0.0653,0.9678370240252283,0.06349822280238836,0.9696388012228399,5.0<= M < 5.5,150<= R < 200,,0.0,2.632244815184621,s3,0.0079187498521916,0.0079963740234454,0.0082689544271151,0.0112437954536187,0.0163760044852191,0.017743465158002,0.0170208429969418,0.0178499573088685,0.0216622772986748,0.0224200513149847,0.0255462474617737,0.014171596207951,0.0028433454699286,0.0012051438154943,0.0005560860458715,0.0002986467054026,0.0001292677808358,6.940392252803262e-05,4.231572069317023e-05,2.823980632008155e-05,1.792893068297656e-05,1.006125688073394e-05
2220,CO_20170206130245,132,3.45,-74.67,38.0,5.4809,RNAC_245,GARC,187,2.1867,-75.4938,0,0.36,3.52981096785829,3,167.7863771,167.9014787,172.9215791,10.0,0.0,0,1.405937024025228,0.2141,1.191837024025228,0.1866536457109755,1.219283378314253,5.0<= M < 5.5,150<= R < 200,,0.0,3.293125204318045,s3,0.0224216049439347,0.0226353155759429,0.0230730589398572,0.0259833791233435,0.0296391991946992,0.0334538301630988,0.0521045463404689,0.0458045706422018,0.0636675753109072,0.0849059358817533,0.0630223929867482,0.0224707528236493,0.0069893319449541,0.0039537924067278,0.0015540308980632,0.0006964078134556,0.000313717520897,0.0001485790907237,9.776447808358816e-05,7.41474250764526e-05,4.768813353720694e-05,2.563990519877676e-05
2231,CO_20170429100634,143,3.816,-75.928,58.7,4.76,RNAC_245,GARC,187,2.1867,-75.4938,1,0.36,3.52981096785829,3,186.8242143,194.838928,196.6883364,16.0,0.0,0,-1.227462975974772,-0.5532,-0.6742629759747717,-0.5440062921248152,-0.6834566838499565,4.5<= M < 5.0,150<= R < 200,,0.0,0.5095318194441237,s3,0.0005546143007135,0.0005594547502548,0.00057633208053,0.0006465823873598,0.0007480164189602,0.0008932342895005,0.0016122778715596,0.0011087355382262,0.0013382424719673,0.0017378028430173,0.0021716225830784,0.001276983640163,0.0002806224220183,0.0001685208929663,7.393194495412844e-05,3.476952803261978e-05,1.766846381243629e-05,9.083485219164118e-06,6.113869520897044e-06,4.204056065239552e-06,2.407406727828746e-06,1.080535168195719e-06
2233,CO_20170702192628,146,3.51,-74.16,17.0,4.7,RNAC_245,GARC,187,2.1867,-75.4938,0,0.36,3.52981096785829,3,208.7798699,208.1362262,209.7445916,16.0,0.0,0,1.406737024025228,0.6054,0.8013370240252282,0.5935994841208301,0.8131375399043981,4.5<= M < 5.0,200<= R < 250,,0.0,2.228518520295309,s3,0.0044037783058103,0.0045319219021406,0.0047410128888888,0.0059863158409785,0.0104141711111111,0.011127708786952,0.0152456954536187,0.0107901849847094,0.0112684609276248,0.0084565655259938,0.0061013301019368,0.0026315098358817,0.0007133436075433,0.0003387121264016,0.0001330476156982,7.311480428134556e-05,2.75204750254842e-05,1.531290112130479e-05,9.67061875637105e-06,7.022868501529052e-06,4.344930682976555e-06,2.566181447502548e-06
2243,CO_20171111144520,158,2.73,-75.06,2.0,4.7,RNAC_245,GARC,187,2.1867,-75.4938,0,0.36,3.52981096785829,3,76.9711973,76.84825746,77.13671529,16.0,0.0,0,0.1655370240252282,0.4077,-0.2421629759747718,0.434084525821564,-0.2685475017963357,4.5<= M < 5.0,50<= R < 100,,0.0,0.7849282426814806,s3,0.0068654027930682,0.0073495997910295,0.0082329078868501,0.0161641734250764,0.0241794132008154,0.0145895964016309,0.0194389167991845,0.0103740781243628,0.0120685856574923,0.0110848695412844,0.0089260678042813,0.0050058917268093,0.0013242532833843,0.0006385357247706,0.0002144431814475,0.0001090856748216,4.588969418960245e-05,2.381989296636085e-05,1.532223445463812e-05,1.034564729867482e-05,6.54050866462793e-06,3.592340468909276e-06
2259,CO_20161031002012,122,3.45,-74.5,33.0,5.5725,RNAC_247,GUA,189,2.5421,-72.6239,0,0.36,5.23794459962821,3,233.3857904,232.7731733,236.0829271,4.705882352941176,0.0,0,1.285229430469431,0.2249,1.060329430469431,0.2105651267348564,1.074664303734575,5.5<= M < 6.0,200<= R < 250,,0.0,2.887322004455995,s3,0.0156237292456676,0.0159289467787971,0.0164726450560652,0.0204769172069317,0.0363566479102956,0.0458903079510703,0.0461573521814475,0.0384654931600407,0.0340795952191641,0.0437277211518858,0.0314050167380224,0.0129972353312945,0.0054241919429153,0.0018636893883792,0.0006474328491335,0.000385842617737,0.0001469728267074,7.367209683995922e-05,,,,
2260,CO_20161031020558,123,3.4,-74.5,36.2,5.0451,RNAC_247,GUA,189,2.5421,-72.6239,0,0.36,5.23794459962821,3,229.8631022,231.3489384,232.9719287,13.33333333333333,0.0,0,1.249129430469431,0.0653,1.183829430469431,0.06349822280238836,1.185631207667043,5.0<= M < 5.5,200<= R < 250,,0.0,3.26686049505618,s3,0.0074947127665647,0.0076638954811416,0.0079332676004077,0.0093941848786952,0.0148624356574923,0.0189596329051987,0.018795074138634,0.0249481315086646,0.0192295996330275,0.0156457081243628,0.0078673030733944,0.0050208278134556,0.0025471245392456,0.001049318424057,0.0002630080336391,0.0001322869306829,7.508354026503567e-05,3.663280937818552e-05,2.659810397553517e-05,2.157520489296636e-05,1.642842405708461e-05,1.583126401630989e-05
2271,CO_20170702192628,146,3.51,-74.16,17.0,4.7,RNAC_247,GUA,189,2.5421,-72.6239,0,0.36,5.23794459962821,3,201.7023532,201.855587,202.5357669,11.42857142857143,0.0,0,2.452829430469431,0.6054,1.847429430469431,0.5935994841208301,1.859229946348601,4.5<= M < 5.0,200<= R < 250,,0.0,6.343492158619997,s3,0.0175526330275229,0.0179728160244648,0.0188148339755351,0.0233647345871559,0.0365495012945973,0.0532213446279306,0.0405788921508664,0.0486976933843017,0.0355933851376146,0.0230218501630988,0.0112617259429153,0.0061484029266055,0.0026096052884811,0.0010129232344546,0.0003752743119266,0.0002004044220183,8.293793883792049e-05,4.696192966360857e-05,2.999357186544342e-05,2.040292252803262e-05,1.319535983690112e-05,7.362556574923547e-06
2288,CO_20160411092927,117,7.03,-76.61,22.8,5.2631,RNAC_248,GUY2C,190,5.226,-75.3829,1,0.92,1.95991916522137,1,241.2631789,240.1329814,242.8941057,20.0,11.62913057181995,1,-1.233978423555322,-0.6098,-0.6241784235553217,-0.7343293331781806,-0.4996490903771411,5.0<= M < 5.5,200<= R < 250,0.0,4.82010169344575,0.53570136739737,s1,0.0002100540020387,0.0002115877227319,0.0002123452579001,0.0002124563312945,0.0002149128103975,0.0002198480682976,0.0002426616901121,0.0002801498980632,0.0002973091518858,0.0003895048277268,0.0004631607033639,0.0004853770581039,0.0006363037492354,0.0005227148430173,0.0001830432609582,6.737603975535168e-05,3.682417023445464e-05,3.445683588175331e-05,3.314054026503568e-05,2.268191641182467e-05,1.307977166156982e-05,7.888346585117227e-06
2293,CO_20161031002012,122,3.45,-74.5,33.0,5.5725,RNAC_248,GUY2C,190,5.226,-75.3829,1,0.92,1.95991916522137,1,218.7771741,219.1101073,222.2077253,20.0,46.62257818136469,1,-0.6665784235553217,0.2249,-0.8914784235553217,0.2105651267348564,-0.8771435502901781,5.5<= M < 6.0,200<= R < 250,25.0,21.31053130801212,0.4100490781858354,s1,0.0006136899051987,0.000627380158002,0.0006520682711518,0.0008128944373088,0.0010582293598369,0.0019236928735983,0.0015540007380224,0.0017738533537206,0.0013308963690112,0.001400133767584,0.0011264592915392,0.001178330304791,0.0008272345779816,0.0005412699602446,0.0001707624057084,0.0001421268114169,9.888061365953108e-05,6.810375127420999e-05,4.340197247706422e-05,2.247010601427115e-05,1.39475993883792e-05,9.801201834862385e-06
2294,CO_20161031020558,123,3.4,-74.5,36.2,5.0451,RNAC_248,GUY2C,190,5.226,-75.3829,1,0.92,1.95991916522137,1,224.8511417,226.4294996,228.6024091,11.42857142857143,47.12268955755514,1,-1.006278423555322,0.0653,-1.071578423555322,0.06349822280238836,-1.06977664635771,5.0<= M < 5.5,200<= R < 250,25.0,20.95728276106643,0.3424675317597092,s1,0.0002018390774719,0.0002086557013251,0.000222260745158,0.000269512285423,0.0004103817502548,0.0004830875412844,0.0005888024342507,0.0004693230519877,0.0004813497135575,0.0004159928501529,0.0002905464638124,0.0003049161345565,0.0002691273445463,0.0002298848501529,8.85717869520897e-05,5.166858919469929e-05,3.296014780835882e-05,1.840543323139653e-05,1.244513557594292e-05,5.911221202854231e-06,3.122497451580021e-06,1.80219367991845e-06
2299,CO_20170316153812,135,4.84,-72.64,15.4,4.8,RNAC_248,GUY2C,190,5.226,-75.3829,1,0.92,1.95991916522137,1,306.5783818,305.3441402,306.6151983,10.0,18.61554252529857,1,-0.3950784235553217,0.3163,-0.7113784235553218,0.28052510160293,-0.6756035251582517,4.5<= M < 5.0,,0.0,6.072033656124728,0.4909669703784596,s1,0.0001325294566768,0.0001335997420998,0.0001333719347604,0.0001373577522935,0.0001437327553516,0.0001719651569826,0.0002544828685015,0.0002516629633027,0.0002828251070336,0.0003403873659531,0.0004286861019367,0.0003799266931702,0.0003127691335372,0.0001787251202854,6.30714118246687e-05,2.844029765545361e-05,1.25329622833843e-05,6.944864424057085e-06,5.166032619775739e-06,3.591505606523955e-06,1.81430377166157e-06,1.147380224260958e-06
2302,CO_20170702192628,146,3.51,-74.16,17.0,4.7,RNAC_248,GUY2C,190,5.226,-75.3829,1,0.92,1.95991916522137,1,234.0578683,233.8121397,235.0584849,13.33333333333333,32.9472923854005,1,0.1592215764446783,0.6054,-0.4461784235553218,0.5935994841208301,-0.4343779076761518,4.5<= M < 5.0,200<= R < 250,25.0,14.07655834204677,0.6400695583864846,s1,0.0003444510295616,0.0003472463567787,0.0003496109306829,0.0003980675779816,0.0004576398491335,0.0007045887624872,0.0008629953649337,0.000858560659531,0.0011164912629969,0.00133177072579,0.0005877181233435,0.0006279644638124,0.0003565034719673,0.0002219075300713,5.253474311926605e-05,3.046091539245668e-05,1.401366870540265e-05,5.6737125382263e-06,3.436374108053007e-06,2.189289500509684e-06,1.540059123343527e-06,8.207298674821611e-07
2322,CO_20161031002012,122,3.45,-74.5,33.0,5.5725,RNAC_249,IBA1C,194,4.447,-75.235,0,0.25,1.62034343045018,3,135.836466,138.5427627,140.6897143,16.0,0.0,0,1.249558779487477,0.2249,1.024658779487477,0.2105651267348564,1.038993652752621,5.5<= M < 6.0,100<= R < 150,,0.0,2.78614460865866,s3,0.0166207217533129,0.0169282193272171,0.0172675033843017,0.0174898367584097,0.0268721920285423,0.0349659087359836,0.0387913935474006,0.0504999343119266,0.0520941664729867,0.0293646541794087,0.0225144604791029,0.0210595363608562,0.0092869376299694,0.0044990196850152,0.0017718840632008,0.0008811041987767,0.0003665116717635,0.0002481466656472,0.0001494334260958,9.661183282364932e-05,5.559691539245668e-05,3.197097145769623e-05
2323,CO_20161031020558,123,3.4,-74.5,36.2,5.0451,RNAC_249,IBA1C,194,4.447,-75.235,0,0.25,1.62034343045018,3,141.5076037,145.1715137,146.7788694,16.0,0.0,0,0.7213587794874773,0.0653,0.6560587794874773,0.06349822280238836,0.6578605566850889,5.0<= M < 5.5,100<= R < 150,,0.0,1.927181898221019,s3,0.0047796583119266,0.0049848804597349,0.0049331289429153,0.0062289195993883,0.0095205556320081,0.0153671674617737,0.0106668235881753,0.009410057520897,0.0104274325280326,0.0068379363690112,0.0071401558858307,0.0057506340254841,0.0033505433414882,0.0022449101365953,0.0008654843608562,0.0003495320448521,0.0001618414311926,8.215629357798164e-05,4.918309785932722e-05,3.316980326197758e-05,1.980350458715596e-05,1.123248929663609e-05
2331,CO_20170316153812,135,4.84,-72.64,15.4,4.8,RNAC_249,IBA1C,194,4.447,-75.235,0,0.25,1.62034343045018,3,290.7010033,288.9174894,290.7116705,16.0,0.0,0,0.2693587794874773,0.3163,-0.0469412205125227,0.28052510160293,-0.01116632211545265,4.5<= M < 5.0,250<= R < 300,,0.0,0.9541434800068418,s3,0.0004540305647298,0.0006975291559633,0.0010027000621814,0.000922834216106,0.0009527933455657,0.0006969086432212,0.0009344547268093,0.0009926521151885,0.0006838111763506,0.0007460117003058,0.0010558558593272,0.0011631902252803,0.0011964933863404,0.0003911403149847,0.0001266238735983,5.436286544342507e-05,2.352014169215086e-05,1.04344250764526e-05,5.64125382262997e-06,3.839745158002038e-06,2.573418960244648e-06,2.450470948012232e-06
2335,CO_20170429100634,143,3.816,-75.928,58.7,4.76,RNAC_249,IBA1C,194,4.447,-75.235,1,0.25,1.62034343045018,3,104.8703431,119.3074534,121.2292153,13.33333333333333,5.039121889113573,1,-0.4259412205125228,-0.5532,0.1272587794874772,-0.5440062921248152,0.1180650716122924,4.5<= M < 5.0,100<= R < 150,0.0,4.805097170616173,1.135710878436336,s3,0.0017631071977573,0.0017855078756371,0.001895263933741,0.0021572523394495,0.0029927533221202,0.0041564475249745,0.0057432068185524,0.0051811694362895,0.0076052439561671,0.0048267661946992,0.0021698620958205,0.0024828027227319,0.0009520319123343,0.0004496065066258,0.0002398823200815,8.467284607543323e-05,3.712607339449541e-05,1.928360346585117e-05,1.080571151885831e-05,7.299849133537206e-06,4.677004077471967e-06,2.463941896024465e-06
2336,CO_20170702192628,146,3.51,-74.16,17.0,4.7,RNAC_249,IBA1C,194,4.447,-75.235,0,0.25,1.62034343045018,3,158.3322667,158.6373861,159.5169327,11.42857142857143,0.0,0,2.315158779487477,0.6054,1.709758779487477,0.5935994841208301,1.721559295366647,4.5<= M < 5.0,150<= R < 200,,0.0,5.527627939547488,s3,0.010955794362895,0.0110082225178389,0.011242825188583,0.0114994096126401,0.0125278960346585,0.0159057698776758,0.0175316543221202,0.0303340401732925,0.0366058007849133,0.0278416439041794,0.0277005681345565,0.0188571159429153,0.0061867739388379,0.0027951269113149,0.0009039851478083,0.0005170529408766,0.0002208297818552,0.0001183811630988,7.464402956167177e-05,5.164230377166157e-05,3.32538246687054e-05,1.861190621814476e-05
2350,CO_20170429100634,143,3.816,-75.928,58.7,4.76,RNAC_250,JAMC,248,3.2148,-76.6734,0,0.2,5.08515644189111,2,105.5815601,120.8953638,122.0998387,40.0,0.0,0,0.2779461816499024,-0.5532,0.8311461816499024,-0.5440062921248152,0.8219524737747176,4.5<= M < 5.0,100<= R < 150,,0.0,2.29594880710089,s2,0.0044341167726809,0.0045502391416921,0.0048282191182466,0.0067558240876656,0.0110002225586136,0.0178468154332313,0.0101118194495412,0.0168127381447502,0.0077549685739041,0.0037219230183486,0.0022378202793068,0.0012488077349643,0.0005426745045871,0.0003203729204892,0.000163763941896,9.693166870540264e-05,3.102218960244648e-05,1.676814882772681e-05,9.349464831804282e-06,6.401451580020387e-06,4.272666666666667e-06,2.3413374108053e-06
2353,CO_20170702192628,146,3.51,-74.16,17.0,4.7,RNAC_250,JAMC,248,3.2148,-76.6734,1,0.2,5.08515644189111,2,280.9026729,280.5686139,281.6076524,16.0,0.0,0,0.4176461816499025,0.6054,-0.1877538183500976,0.5935994841208301,-0.1759533024709276,4.5<= M < 5.0,250<= R < 300,,0.0,0.828818722079766,s2,0.0006122130958205,0.0006188602201834,0.0006276072069317,0.00064779735474,0.0007503868664627,0.0008829027930682,0.0014074345229357,0.0028262168012232,0.0021988555851172,0.0008405397614678,0.0005631056615698,0.000419510775739,0.00023179608053,0.0001070770774719,5.922157390417941e-05,2.694250968399592e-05,1.33330244648318e-05,6.079820591233435e-06,2.812594291539246e-06,2.089729867482161e-06,1.701539245667686e-06,1.343892966360856e-06
2363,CO_20171111144520,158,2.73,-75.06,2.0,4.7,RNAC_250,JAMC,248,3.2148,-76.6734,1,0.2,5.08515644189111,2,186.9580775,185.4648526,187.0215083,16.0,22.83466654393443,1,0.2051461816499025,0.4077,-0.2025538183500975,0.434084525821564,-0.2289383441716615,4.5<= M < 5.0,150<= R < 200,0.0,12.21378977002715,0.8166425310617806,s2,0.0009447575800203,0.0009504635963302,0.0009665545494393,0.0010116077115188,0.0011741482507645,0.0016368601488277,0.0025971215372069,0.0056673319255861,0.0041449097410805,0.0022381974026503,0.0008868778042813,0.0008251205616717,0.000524450030581,0.0001785118216106,9.57113231396534e-05,5.940607033639144e-05,2.549589908256881e-05,1.249997655453619e-05,7.304917431192659e-06,4.592492354740061e-06,2.752650356778797e-06,1.244543323139654e-06
2375,CO_20161031002012,122,3.45,-74.5,33.0,5.5725,RNAC_251,MACC,195,2.1452,-73.8477,0,0.14,2.26254199829521,2,163.8114303,162.8796078,167.6504593,13.33333333333333,0.0,0,2.186110771874131,0.2249,1.961210771874131,0.2105651267348564,1.975545645139274,5.5<= M < 6.0,150<= R < 200,,0.0,7.107927936488212,s2,0.0306485069317023,0.0310481304281345,0.0316576553414882,0.0362984530784913,0.051621964393476,0.074347836941896,0.0763654976146789,0.0700996194087665,0.0709337994189602,0.058667969041794,0.0672331237410805,0.0545831905198776,0.01920849490316,0.0099379364169215,0.0048024744179408,0.0017802539683995,0.0006569144220183,0.000347059030581,0.0002283783944954,0.0001571952538226,9.474320183486238e-05,4.940454536187564e-05
2376,CO_20161031020558,123,3.4,-74.5,36.2,5.0451,RNAC_251,MACC,195,2.1452,-73.8477,0,0.14,2.26254199829521,2,157.7865702,159.3949751,162.3026784,20.0,0.0,0,1.93371077187413,0.0653,1.868410771874131,0.06349822280238836,1.870212549071742,5.0<= M < 5.5,150<= R < 200,,0.0,6.477993205391268,s2,0.0128097676962283,0.0130385755555555,0.0134887718042813,0.0145233488990825,0.02218982235474,0.0221413386952089,0.0275455118858307,0.0382256729051987,0.0315510874923547,0.0250093810193679,0.0199511954740061,0.0147921870336391,0.0065542464006116,0.0036837357431192,0.0014454917614678,0.0005826181651376,0.0002268397737003,0.000128535864424,8.041945463812437e-05,5.508327319062181e-05,3.567695412844037e-05,1.950194393476045e-05
2383,CO_20170206130245,132,3.45,-74.67,38.0,5.4809,RNAC_251,MACC,195,2.1452,-73.8477,0,0.14,2.26254199829521,2,173.2979162,173.7911113,177.8942966,13.33333333333333,0.0,0,2.059210771874131,0.2141,1.84511077187413,0.1866536457109755,1.872557126163155,5.0<= M < 5.5,150<= R < 200,,0.0,6.328800804701154,s2,0.0223256597655453,0.0224719089296636,0.0227513724872579,0.0232676459836901,0.0273568369928644,0.0370940052803261,0.0470992205504587,0.0519504673802242,0.0611553966462793,0.0524757153007135,0.0745648068603465,0.0414718614475025,0.0161163789092762,0.0064898980030581,0.0034604501070336,0.0020350257665647,0.0006477387645259,0.0003238458715596,0.0001975336819571,0.0001306892864424,8.101040978593272e-05,4.605116819571865e-05
2386,CO_20170316153812,135,4.84,-72.64,15.4,4.8,RNAC_251,MACC,195,2.1452,-73.8477,0,0.14,2.26254199829521,2,328.3340803,326.0806553,328.3376376,20.0,0.0,0,1.211010771874131,0.3163,0.8947107718741305,0.28052510160293,0.9304856702712005,4.5<= M < 5.0,,,0.0,2.446628053472062,s2,0.0008202619113149,0.000833339512742,0.0008611422232415,0.0009930159765545,0.0014156878593272,0.0022441275718654,0.0025097242507645,0.0029167524138634,0.0024842822976554,0.0013805472884811,0.0008821210173292,0.0007958099745158,0.0004535142813455,0.0002568801732925,9.994041896024464e-05,3.733772884811417e-05,1.727095820591233e-05,8.893147808358819e-06,6.289522935779816e-06,5.813222222222222e-06,4.902776758409786e-06,3.526617737003058e-06
2394,CO_20170429100634,143,3.816,-75.928,58.7,4.76,RNAC_251,MACC,195,2.1452,-73.8477,1,0.14,2.26254199829521,2,296.2492316,299.608768,302.2354283,20.0,0.0,0,-0.7118892281258694,-0.5532,-0.1586892281258694,-0.5440062921248152,-0.1678829360010542,4.5<= M < 5.0,250<= R < 300,,0.0,0.8532614874413372,s2,0.0001987144342507,0.0002007584852191,0.0002031882426095,0.0002079155270132,0.0002808545168195,0.0004064080193679,0.0004975278348623,0.0005366263037716,0.0005662983323139,0.0005858274067278,0.0006100429235474,0.0004992008358817,0.0002378147074413,0.0002815167849133,0.0001099031763506,3.987213557594292e-05,1.546711009174312e-05,7.165387359836901e-06,4.610879714576963e-06,3.243069317023445e-06,1.760079510703364e-06,1.360494393476045e-06
2397,CO_20170702192628,146,3.51,-74.16,17.0,4.7,RNAC_251,MACC,195,2.1452,-73.8477,0,0.14,2.26254199829521,2,155.6822622,155.2620815,156.7708601,16.0,0.0,0,2.30621077187413,0.6054,1.700810771874131,0.5935994841208301,1.7126112877533,4.5<= M < 5.0,150<= R < 200,,0.0,5.478387313951698,s2,0.0106662390723751,0.0109040006014271,0.0113422296636085,0.0127266228440366,0.0242831712640163,0.0333970273190621,0.0367398486034658,0.0229806951987767,0.0151500578491335,0.0069422736656472,0.0042694066727828,0.0038173663302752,0.0011402105963302,0.0006905629969418,0.0002611536503567,0.0001278553863404,4.559933435270133e-05,2.372613863404689e-05,1.425277370030581e-05,9.679833843017329e-06,6.863664627930682e-06,4.669378185524975e-06
2405,CO_20171111144520,158,2.73,-75.06,2.0,4.7,RNAC_251,MACC,195,2.1452,-73.8477,0,0.14,2.26254199829521,2,149.6477012,148.2159478,149.6863091,80.0,0.0,0,-1.182389228125869,0.4077,-1.590089228125869,0.434084525821564,-1.616473753947433,4.5<= M < 5.0,100<= R < 150,,0.0,0.2039074166458305,s2,0.0003140979001019,0.0003241969571865,0.000343840520897,0.0004108694729867,0.0007369137308868,0.0010164739989806,0.0006847060387359,0.000436434393476,0.000477088169215,0.0001955866829765,0.000176666285423,0.0001161597859327,7.336295514780836e-05,3.578979204892966e-05,1.518929459734964e-05,6.190547400611621e-06,1.916531090723751e-06,1.236757390417941e-06,7.78250764525994e-07,5.565575942915392e-07,3.496778797145769e-07,1.970163098878695e-07
2411,CO_20161031002012,122,3.45,-74.5,33.0,5.5725,RNAC_252,MAL,196,4.01,-77.3318,1,0.22,1.97108042447752,3,318.556709,317.4208929,320.5244617,13.33333333333333,0.0,0,-0.7384328259918039,0.2249,-0.9633328259918039,0.2105651267348564,-0.9489979527266603,5.5<= M < 6.0,,,0.0,0.3816188947873914,s3,0.0005516557217125,0.0005572079908256,0.0005554299204892,0.000573348011213,0.0005959650907237,0.000660891235474,0.0009521269286442,0.0017433445800203,0.0025966268195718,0.0021421207482161,0.001277102745158,0.0007528116472986,0.0004617658817533,0.000334461659531,0.0002672137777777,0.0002406434984709,0.0001953715188583,0.000122619667686,9.198327013251784e-05,5.110702140672783e-05,2.392676350662589e-05,1.179187054026504e-05
2412,CO_20161031020558,123,3.4,-74.5,36.2,5.0451,RNAC_252,MAL,196,4.01,-77.3318,1,0.22,1.97108042447752,3,320.7440071,321.3589902,322.9649382,26.66666666666667,0.0,0,-1.198132825991804,0.0653,-1.263432825991804,0.06349822280238836,-1.261631048794192,5.0<= M < 5.5,,,0.0,0.2826819610053615,s3,0.0001588086534148,0.0001651413557594,0.0001611027013251,0.0001647624250764,0.000170482,0.0002126524525993,0.0003064351233435,0.0004445665718654,0.000657220030581,0.000628714316004,0.0003932542517838,0.0003536130152905,0.0003735187787971,0.000191501266055,0.0001589205881753,9.801582976554537e-05,6.115923343527014e-05,3.459336493374108e-05,2.744193170234454e-05,1.581973292558614e-05,7.250165137614679e-06,2.938693170234454e-06
2425,CO_20170429100634,143,3.816,-75.928,58.7,4.76,RNAC_252,MAL,196,4.01,-77.3318,0,0.22,1.97108042447752,3,156.9529948,165.6593324,167.9041226,20.0,0.0,0,-0.2766328259918039,-0.5532,0.2765671740081961,-0.5440062921248152,0.2673734661330113,4.5<= M < 5.0,150<= R < 200,,0.0,1.318595525089454,s3,0.0013201618287461,0.0013222419286442,0.0013368528042813,0.0014009564383282,0.0014972119775739,0.0019040736738022,0.0029743008583078,0.0052926966360856,0.0033310989398572,0.0026447622915392,0.0037805700050968,0.0018400501355759,0.0009064159001019,0.0005407818603465,0.0001986904566768,0.000139196745158,4.924346788990825e-05,2.694306931702344e-05,1.250625280326198e-05,8.90419367991845e-06,5.060245667686035e-06,3.168445463812436e-06
2436,CO_20171111144520,158,2.73,-75.06,2.0,4.7,RNAC_252,MAL,196,4.01,-77.3318,1,0.22,1.97108042447752,3,289.4925885,287.7965004,289.5101583,20.0,0.0,0,-0.436032825991804,0.4077,-0.843732825991804,0.434084525821564,-0.870117351813368,4.5<= M < 5.0,250<= R < 300,,0.0,0.4301020271523735,s3,0.0002005263516819,0.000204626158002,0.0002031473007135,0.0002062526799184,0.0002124996228338,0.0002245948919469,0.000297071169215,0.0005159917380224,0.0004758691987767,0.0005501504668705,0.0006268406809378,0.0003795235657492,0.0002892055881753,0.0001719686829765,0.0001168472140672,8.253736187563711e-05,6.299908358817533e-05,4.029688786952089e-05,2.385242915392457e-05,1.322812232415902e-05,6.862950050968399e-06,3.276659531090724e-06
2440,CO_20160807082010,119,6.92,-76.28,13.1,4.5,RNAC_253,MAN1C,197,5.0715,-75.5244,1,0.56,4.65837517476639,4,221.0257375,220.8651663,221.0388972,20.0,0.0,0,-1.317973026042516,-0.62,-0.6979730260425165,-0.5427118060677161,-0.7752612199748004,,200<= R < 250,,0.0,0.4975928901004852,s4,0.0002221215096839,0.0002532091916411,0.0002559954311926,0.0004599858154943,0.0004394918756371,0.0002802449276248,0.0002322895993883,0.0002670997624872,0.0003086560254841,0.0003391200774719,0.0005809512945973,0.0009909248562691,0.00050259090316,0.000370114362895,0.0002015626829765,0.0001056315606523,3.195045259938838e-05,1.298890723751274e-05,8.118923547400611e-06,5.282793068297655e-06,2.906680937818552e-06,2.43814373088685e-06
2445,CO_20170206130245,132,3.45,-74.67,38.0,5.4809,RNAC_253,MAN1C,197,5.0715,-75.5244,1,0.56,4.65837517476639,4,201.8807292,203.3528383,206.2144283,16.0,48.30663559854623,1,-0.2702730260425166,0.2141,-0.4843730260425166,0.1866536457109755,-0.456926671753492,5.0<= M < 5.5,200<= R < 250,25.0,23.92830449442731,0.6160833439118051,s4,0.0027150295035677,0.0027328684291539,0.0027707218685015,0.0029463935086646,0.0031142976799184,0.0029875090407747,0.003638656207951,0.0035328435005096,0.0047518045066258,0.0059227204169215,0.0088127453445463,0.0097327169082568,0.0079752493751274,0.0034739336411824,0.0014415332477064,0.0004414857094801,0.0001868847930682,0.0001115666452599,7.514914067278288e-05,4.73861997961264e-05,3.256506727828746e-05,1.635811009174312e-05
2447,CO_20170316153812,135,4.84,-72.64,15.4,4.8,RNAC_253,MAN1C,197,5.0715,-75.5244,1,0.56,4.65837517476639,4,320.3178732,318.9181779,320.3359745,13.33333333333333,28.77462710623787,1,0.4913269739574834,0.3163,0.1750269739574834,0.28052510160293,0.2108018723545534,4.5<= M < 5.0,,25.0,8.983147527416172,1.191278349670533,s4,0.0007782031039755,0.0007992787961264,0.0008289187798165,0.0009542066768603,0.0013927211824668,0.0009075414444444,0.0008844965361875,0.0008634633802242,0.0010093361029561,0.0012265225107033,0.0022552273598369,0.0031003662691131,0.0018854351284403,0.0009981318165137,0.000286391972477,0.0001160200030581,3.843385524974515e-05,2.505012028542304e-05,1.45789378185525e-05,9.818991845056066e-06,6.438832823649337e-06,3.809080530071356e-06
2452,CO_20170429100634,143,3.816,-75.928,58.7,4.76,RNAC_253,MAN1C,197,5.0715,-75.5244,0,0.56,4.65837517476639,4,147.4537766,157.9242045,159.8545675,26.66666666666667,0.0,0,-0.7390730260425167,-0.5532,-0.1858730260425166,-0.5440062921248152,-0.1950667339177015,4.5<= M < 5.0,150<= R < 200,,0.0,0.8303790247993604,s4,0.0016186773323139,0.0016300204760448,0.0016285858440366,0.0016618540489296,0.0017581616625891,0.0017859464209989,0.0021257370601427,0.0023578933690112,0.0030933929500509,0.0034335385810397,0.0052846439551478,0.0068969282497451,0.0028193030387359,0.0014021538103975,0.0003199666564729,0.0001522835280326,6.289259836901121e-05,3.60829245667686e-05,2.211515698267074e-05,1.528489704383283e-05,9.86333027522936e-06,6.011227319062181e-06
2453,CO_20170702192628,146,3.51,-74.16,17.0,4.7,RNAC_253,MAN1C,197,5.0715,-75.5244,1,0.56,4.65837517476639,4,230.2753922,230.0441479,231.170174,26.66666666666667,39.14253600638433,1,0.3533269739574835,0.6054,-0.2520730260425166,0.5935994841208301,-0.2402725101633466,4.5<= M < 5.0,200<= R < 250,25.0,16.9981410659755,0.7771879810340542,s4,0.001190549972477,0.0012140819582059,0.0012975215942915,0.0013385246523955,0.0015474919215086,0.0013310564230377,0.0015710575688073,0.0024007631926605,0.0033907556625891,0.0027092946299694,0.0034717886350662,0.0038861700061162,0.0022428859327217,0.0008003149490316,0.0003545092252803,0.0001082944260958,4.903284709480122e-05,2.66715993883792e-05,1.544519877675841e-05,1.187909785932722e-05,6.574361875637105e-06,4.245863404689093e-06
2461,CO_20171111144520,158,2.73,-75.06,2.0,4.7,RNAC_253,MAN1C,197,5.0715,-75.5244,1,0.56,4.65837517476639,4,265.591414,264.1322749,265.6438231,26.66666666666667,65.29181452538974,1,0.2056269739574834,0.4077,-0.2020730260425166,0.434084525821564,-0.2284575518640806,4.5<= M < 5.0,250<= R < 300,50.0,24.58355620087544,0.8170352609119387,s4,0.0005784859867482,0.0006076907655453,0.0006474072385321,0.0012415341753312,0.0015403700244648,0.0009228188032619,0.0006105388899082,0.0010212103445463,0.0009249464678899,0.000923183953109,0.0016509287543323,0.0023304803088685,0.0012033940183486,0.0005239466126401,0.000166042277268,7.62718358817533e-05,2.499379918450561e-05,1.328595820591234e-05,8.599498470948012e-06,6.410822629969419e-06,3.635679918450561e-06,2.367252803261977e-06
2467,CO_20170206130245,132,3.45,-74.67,38.0,5.4809,RNAC_257,MEDEC,199,6.276,-75.5893,1,0.3,2.45189041095234,3,328.7021018,327.4046977,331.2999151,40.0,33.43663517499464,1,-0.7192462783504592,0.2141,-0.9333462783504592,0.1866536457109755,-0.9058999240614346,5.0<= M < 5.5,,25.0,10.17232168333967,0.3932356303936802,s3,0.0004619432059123,0.0005462095881753,0.0008038515698267,0.001200052138634,0.0012127100479102,0.000715408432212,0.0013276885025484,0.0008843328318042,0.0012041357492354,0.001690327933741,0.0010888930020387,0.0006521876371049,0.0004688345229357,0.0003548184780835,0.0001691432110091,7.518854434250765e-05,7.108109785932722e-05,4.13070122324159e-05,2.577717023445464e-05,1.227932721712538e-05,9.569880733944957e-06,5.518826707441386e-06
2472,CO_20170429100634,143,3.816,-75.928,58.7,4.76,RNAC_257,MEDEC,199,6.276,-75.5893,0,0.3,2.45189041095234,3,276.9195303,280.8477031,283.57685,26.66666666666667,0.0,0,-0.3259462783504593,-0.5532,0.2272537216495408,-0.5440062921248152,0.218060013774356,4.5<= M < 5.0,250<= R < 300,,0.0,1.255148285837315,s3,0.0004809873700305,0.0006694125942915,0.0010798712793068,0.0014820620866462,0.0013323745830784,0.0005763379857288,0.0004267802008154,0.0004909488929663,0.0007439549490316,0.0007947427940876,0.0006986604780835,0.0005236849306829,0.0001458858491335,8.72629745158002e-05,2.513027013251784e-05,1.656667889908257e-05,6.385606523955148e-06,3.175556574923547e-06,1.727336391437309e-06,1.305387359836901e-06,6.739683995922528e-07,3.624393476044852e-07
2474,CO_20170702192628,146,3.51,-74.16,17.0,4.7,RNAC_257,MEDEC,199,6.276,-75.5893,1,0.3,2.45189041095234,3,345.9142735,344.8811375,346.4732349,26.66666666666667,0.0,0,1.049253721649541,0.6054,0.4438537216495407,0.5935994841208301,0.4556542375287107,4.5<= M < 5.0,,,0.0,1.55870246451968,s3,0.0007464500652395,0.0009858740907237,0.0015080345953109,0.002931736961264,0.0019199948695208,0.00070183645158,0.0005146143251783,0.0006290331610601,0.0007525406197757,0.0008461830570846,0.0006744832589194,0.000466062138634,0.0001218137033639,6.727948419979612e-05,2.297321712538226e-05,1.164672680937819e-05,5.878752293577981e-06,2.57510499490316e-06,1.552739041794088e-06,1.237601427115189e-06,6.907186544342508e-07,3.595504587155964e-07
2495,CO_20161031002012,122,3.45,-74.5,33.0,5.5725,RNAC_273,NIZA,204,5.0578,-75.4707,1,0.24,1.34633142205563,1,206.9714063,207.5625008,210.3572471,20.0,47.7202034241997,1,-0.9751781871581958,0.2249,-1.200078187158196,0.2105651267348564,-1.185743313893052,5.5<= M < 6.0,200<= R < 250,25.0,23.05642324091398,0.3011706633133187,s1,0.0004956327502548,0.0005117735005096,0.0005700651549439,0.0006938837308868,0.0010824592405708,0.0011659447492354,0.0014294211406727,0.0017240530733944,0.0011177119021406,0.0011896216962283,0.0007133672752293,0.0006058442895005,0.000532935099898,0.0003468315759429,0.0001573381518858,0.0001369955310907,7.865314475025485e-05,5.082741488277268e-05,2.844820897043833e-05,2.345047298674822e-05,1.277794291539246e-05,7.281184505606524e-06
2496,CO_20161031020558,123,3.4,-74.5,36.2,5.0451,RNAC_273,NIZA,204,5.0578,-75.4707,1,0.24,1.34633142205563,1,212.8716915,214.5682593,216.5858723,20.0,48.30400869278454,1,-1.244578187158196,0.0653,-1.309878187158196,0.06349822280238836,-1.308076409960584,5.0<= M < 5.5,200<= R < 250,25.0,22.69160749013194,0.2698529259344568,s1,0.0001762887533129,0.0002081160662589,0.000264491590214,0.0002556519133537,0.0004326407013251,0.0005368771824668,0.0004284819867482,0.0004000803792048,0.0004101924760448,0.0003193462110091,0.000333042216106,0.0002458273567787,0.0001927352038735,0.0001665620917431,8.871441794087665e-05,5.737912232415902e-05,2.116674923547401e-05,1.239609887869521e-05,7.111919469928644e-06,4.949890927624873e-06,3.236648318042813e-06,2.409021406727829e-06
2503,CO_20170206130245,132,3.45,-74.67,38.0,5.4809,RNAC_273,NIZA,204,5.0578,-75.4707,1,0.24,1.34633142205563,1,197.8351288,199.3524729,202.2640599,26.66666666666667,50.3181572881091,1,-0.9628781871581957,0.2141,-1.176978187158196,0.1866536457109755,-1.149531832869171,5.0<= M < 5.5,150<= R < 200,50.0,25.43438953098056,0.3082086817889466,s1,0.0004902679959225,0.0004998125412844,0.0005078975158002,0.0007477493995922,0.0010254300407747,0.0008018992436289,0.001297933640163,0.0012104239887869,0.0013589059979612,0.0014362917319062,0.0018749623771661,0.0010632153496432,0.0008062164699286,0.0009416119184505,0.000369566825688,0.0001574760570846,7.700642405708461e-05,5.332842915392456e-05,3.138961060142711e-05,1.637108664627931e-05,1.20648369011213e-05,7.018582059123344e-06
2506,CO_20170316153812,135,4.84,-72.64,15.4,4.8,RNAC_273,NIZA,204,5.0578,-75.4707,1,0.24,1.34633142205563,1,314.2714858,312.8698374,314.2903822,13.33333333333333,28.1234979476602,1,-0.1788781871581958,0.3163,-0.4951781871581958,0.28052510160293,-0.4594032887611257,4.5<= M < 5.0,,25.0,8.948790844345893,0.6094622992651849,s1,0.0001472758868501,0.0001555114413863,0.0001536358807339,0.0001607923425076,0.0002006634148827,0.000201267049949,0.0003091270377166,0.000336180196738,0.0003163253843017,0.0003482001732925,0.0006265373516819,0.0003624349072375,0.0002234318246687,0.0001299906197757,3.933082364933741e-05,2.615587665647298e-05,9.819372069317024e-06,5.258151885830785e-06,4.159138634046891e-06,2.931084607543323e-06,2.881676860346585e-06,1.897885830784913e-06
2514,CO_20170429100634,143,3.816,-75.928,58.7,4.76,RNAC_273,NIZA,204,5.0578,-75.4707,0,0.24,1.34633142205563,1,147.9524929,158.4597941,160.3305036,16.0,19.9419629793498,1,-1.556578187158196,-0.5532,-1.003378187158196,-0.5440062921248152,-1.01257189503338,4.5<= M < 5.0,150<= R < 200,0.0,13.47862586731028,0.3666387723531387,s1,0.0002240121845056,0.0002278009051987,0.0002343442956167,0.0002865133527013,0.0003493002008154,0.0003789983914373,0.0005191284006116,0.000800412570846,0.0007585238552497,0.0005918223007135,0.0005930167268093,0.0004450710825688,0.0003150052477064,0.000147505462793,4.575188175331295e-05,1.759398165137615e-05,7.657854230377167e-06,4.524574923547401e-06,3.324273190621815e-06,2.629966360856269e-06,2.537809378185525e-06,2.281406727828746e-06
2516,CO_20170702192628,146,3.51,-74.16,17.0,4.7,RNAC_273,NIZA,204,5.0578,-75.4707,1,0.24,1.34633142205563,1,225.2434134,225.0193932,226.1617923,20.0,30.8248043981983,1,0.1639218128418042,0.6054,-0.4414781871581958,0.5935994841208301,-0.4296776712790258,4.5<= M < 5.0,200<= R < 250,25.0,13.68510800511528,0.6430851179913122,s1,0.00038034880632,0.0003862910642201,0.0003918907686034,0.0004480513394495,0.0005322344209989,0.0007143762813455,0.0009210537889908,0.0013292397961264,0.0016217593649337,0.001096590490316,0.000580088540265,0.0006431032497451,0.0002411661906218,0.0001349174617737,7.881450764525993e-05,3.94020122324159e-05,1.369648012232416e-05,7.013375127421e-06,3.869585117227319e-06,4.011057084607543e-06,2.121726809378186e-06,1.523601427115189e-06
2525,CO_20171111144520,158,2.73,-75.06,2.0,4.7,RNAC_273,NIZA,204,5.0578,-75.4707,1,0.24,1.34633142205563,1,263.0046616,261.5627813,263.0584116,16.0,65.56847247021135,1,-0.5036781871581959,0.4077,-0.9113781871581959,0.434084525821564,-0.9377627129797599,4.5<= M < 5.0,250<= R < 300,50.0,24.93053623891028,0.401969852418878,s1,0.0001022162120285,0.0001035230438328,0.0001037801457696,0.0001369398236493,0.0002087538022426,0.0002022089021406,0.0001714317145769,0.0003447832844036,0.0002168704525993,0.0002464431630988,0.0002663503088685,0.0001993832579001,0.000131133443425,6.773886238532111e-05,3.10953873598369e-05,1.581243934760448e-05,6.800720693170235e-06,4.037180428134557e-06,3.065245667686034e-06,2.640432212028543e-06,2.098949031600408e-06,2.324238532110092e-06
2535,CO_20160411092927,117,7.03,-76.61,22.8,5.2631,RNAC_274,NOR,205,5.5635,-74.8691,1,0.15,2.70488481760605,2,251.1195153,250.1248811,252.3708969,40.0,28.93413019465782,1,-1.724588474695276,-0.6098,-1.114788474695276,-0.7343293331781806,-0.9902591415170952,5.0<= M < 5.5,250<= R < 300,25.0,11.52205560770203,0.327984648615348,s2,0.0001504228440366,0.0001530928103975,0.0001535948491335,0.0001585948960244,0.0001792991467889,0.0001982648358817,0.0005236307767584,0.0003583132752293,0.0004068058175331,0.0004054941029561,0.0004162397737003,0.0002482916197757,0.0002035111569826,0.0001674750632008,8.614010805300713e-05,4.549354026503568e-05,3.583180733944954e-05,2.185186136595311e-05,1.156861365953109e-05,1.070759327217125e-05,6.858955147808359e-06,4.147641182466871e-06
2538,CO_20160914064659,120,7.23,-76.31,15.1,4.7,RNAC_274,NOR,205,5.5635,-74.8691,1,0.15,2.70488481760605,2,243.9510989,242.3894844,243.954617,20.0,28.83505319182294,1,-0.7756884746952758,-0.2332,-0.5424884746952758,-0.3494829484595947,-0.4262055262356811,4.5<= M < 5.0,200<= R < 250,25.0,11.82001365103215,0.5812999009346045,s2,0.0001759457400611,0.0001798083068297,0.0001799279215086,0.0001840151121304,0.0002062085117227,0.0002607780071355,0.0005344928195718,0.0005340421926605,0.0005699226534148,0.0006451902762487,0.0003201686065239,0.0003251048501529,0.0002434602915392,0.000173611833843,9.576406829765544e-05,4.802320387359837e-05,1.616456676860347e-05,7.115693170234454e-06,4.693153924566769e-06,2.749211009174312e-06,1.783283384301733e-06,1.115360856269113e-06
2540,CO_20161031002012,122,3.45,-74.5,33.0,5.5725,RNAC_274,NOR,205,5.5635,-74.8691,1,0.15,2.70488481760605,2,237.2547152,235.8659248,239.9547903,16.0,1.222492172237115,1,0.2047115253047242,0.2249,-0.02018847469527576,0.2105651267348564,-0.005853601430132138,5.5<= M < 6.0,200<= R < 250,0.0,0.5152657013398378,0.9800139480690574,s2,0.0022827152334352,0.0023132811182466,0.0023726666340468,0.0029917399938837,0.0045792644597349,0.0049272149694189,0.0115276249847094,0.0068913735524974,0.0065434186330275,0.0024251118460754,0.0011831814597349,0.0008922791508664,0.0006008262752293,0.0002117430183486,0.0001069048297655,6.81522874617737e-05,5.142983792048929e-05,2.420779918450561e-05,1.801696432212029e-05,1.154614475025484e-05,7.017720693170235e-06,4.294709480122324e-06
2541,CO_20161031020558,123,3.4,-74.5,36.2,5.0451,RNAC_274,NOR,205,5.5635,-74.8691,1,0.15,2.70488481760605,2,243.6204668,243.895221,246.6040348,13.33333333333333,1.225535825221589,1,0.1928115253047242,0.0653,0.1275115253047242,0.06349822280238836,0.1293133025023359,5.0<= M < 5.5,200<= R < 250,0.0,0.5030512589189362,1.135997960888379,s2,0.0010303285881753,0.0010462788287461,0.0010751260733944,0.0012493710489296,0.0020619903720693,0.0023699077543323,0.004071979432212,0.0024951730948012,0.0020989896768603,0.0009753013639143,0.0004239238379204,0.0003606714383282,0.0002625644536187,0.0001498769898063,7.198495107033638e-05,3.768108562691131e-05,1.637908664627931e-05,7.317118246687054e-06,4.855145769622833e-06,2.66908256880734e-06,1.480215086646279e-06,1.191498470948012e-06
2549,CO_20170316153812,135,4.84,-72.64,15.4,4.8,RNAC_274,NOR,205,5.5635,-74.8691,1,0.15,2.70488481760605,2,259.3400072,258.3504111,259.3459256,16.0,1.08761729812766,1,0.1507115253047243,0.3163,-0.1655884746952758,0.28052510160293,-0.1298135762982057,4.5<= M < 5.0,250<= R < 300,0.0,0.4193789110559028,0.8473948868838227,s2,0.0005184820795107,0.0005292797818552,0.0005392426941896,0.0006093512038735,0.000699365864424,0.0008708952884811,0.0019316280428134,0.0009195114016309,0.0010437589989806,0.0014932060530071,0.0013139931345565,0.0008130592446483,0.0003945153608562,0.0002252090927624,7.08357737003058e-05,3.891882364933741e-05,1.261726809378185e-05,6.808795107033639e-06,5.722103975535168e-06,4.482159021406728e-06,4.460221202854231e-06,4.043627930682976e-06
2554,CO_20170429100634,143,3.816,-75.928,58.7,4.76,RNAC_274,NOR,205,5.5635,-74.8691,0,0.15,2.70488481760605,2,227.8562383,233.4783291,235.6436749,16.0,93.95078098110692,1,-0.6926884746952757,-0.5532,-0.1394884746952758,-0.5440062921248152,-0.1486821825704605,4.5<= M < 5.0,200<= R < 250,75.0,41.23248135844737,0.8698030478918066,s2,0.0002268247859327,0.0002303838705402,0.0002326311253822,0.0002406549561671,0.0002711787696228,0.0003809743343527,0.0006603130214067,0.0007332163802242,0.0005343509296636,0.0003303135351681,0.000325864069317,0.0003589332252803,0.0001990378399592,0.0001198743190621,5.167529357798165e-05,2.530768399592253e-05,7.906135575942915e-06,4.630874617737003e-06,2.760594291539246e-06,1.888174311926605e-06,1.118976554536188e-06,7.429826707441386e-07
2557,CO_20170702192628,146,3.51,-74.16,17.0,4.7,RNAC_274,NOR,205,5.5635,-74.8691,1,0.15,2.70488481760605,2,241.474934,240.5603416,242.1953362,10.0,1.12394016136508,1,0.5234115253047242,0.6054,-0.08198847469527576,0.5935994841208301,-0.07018795881610584,4.5<= M < 5.0,200<= R < 250,0.0,0.4654479629612737,0.9212825766975943,s2,0.0007751624087665,0.0007841778022426,0.000794648404689,0.0008738112201834,0.001327882914373,0.0014766444740061,0.0032662187135575,0.0023943165453618,0.0021252648562691,0.0012774133333333,0.0007227523211009,0.0006209358542303,0.0003074205453618,0.0001626961314984,4.950503261977574e-05,2.186846483180428e-05,8.153979612640163e-06,4.792514780835882e-06,2.791872579001019e-06,2.043859327217125e-06,1.615766564729867e-06,1.552294597349643e-06
2568,CO_20171111144520,158,2.73,-75.06,2.0,4.7,RNAC_274,NOR,205,5.5635,-74.8691,1,0.15,2.70488481760605,2,316.0208244,314.7147228,316.0415939,20.0,1.488964021786001,1,0.9125115253047242,0.4077,0.5048115253047242,0.434084525821564,0.4784269994831603,4.5<= M < 5.0,,0.0,0.471160096684439,1.656673250048265,s2,0.0005398414943934,0.0005475965626911,0.0005558007900101,0.0006103092232415,0.0009663693221202,0.0010338258022426,0.0027582994067278,0.0020660366778797,0.0008558327319062,0.0004214359317023,0.0002236728318042,0.00023344345158,0.0001208790682976,7.037187054026504e-05,2.312170234454638e-05,1.2561e-05,5.096409785932722e-06,3.534786952089705e-06,2.344420998980632e-06,1.613818552497452e-06,8.847482161060142e-07,7.115993883792049e-07
2579,CO_20160914064659,120,7.23,-76.31,15.1,4.7,RNAC_275,OCA,206,8.2389,-73.3196,0,0.28,1.94396107870031,3,348.6109721,347.0166257,348.6166946,8.0,0.0,0,0.1832144287595512,-0.2332,0.4164144287595512,-0.3494829484595947,0.5326973772191459,4.5<= M < 5.0,,,0.0,1.516514225766417,s3,0.0002590594954128,0.0002614709123343,0.0002629505372069,0.0002703347104994,0.0002803052283384,0.0003214634974515,0.000530536049949,0.0006093661987767,0.0006268959388379,0.0007365621233435,0.0006842119327217,0.0005727832935779,0.0006361561518858,0.0005646375351681,0.0001455945891946,6.845221304791029e-05,2.053735270132518e-05,1.28318878695209e-05,6.54150254841998e-06,4.791889908256881e-06,4.177841997961264e-06,
2592,CO_20161031002012,122,3.45,-74.5,33.0,5.5725,RNAC_276,ORTC,207,3.9093,-75.2461,0,0.3,3.35383265285822,3,95.37406275,101.3032683,101.8787735,16.0,0.0,0,-0.5658711297468667,0.2249,-0.7907711297468667,0.2105651267348564,-0.7764362564817231,5.5<= M < 6.0,100<= R < 150,,0.0,0.453494956962956,s3,0.0072282302405708,0.0075280528246687,0.0078545897420998,0.0139860122018348,0.0176583869826707,0.0147873236391437,0.0206531291437308,0.0127842697145769,0.0144279653414882,0.022126233853211,0.0186287466768603,0.0067936359796126,0.0049955278042813,0.003330981617737,0.0013002430285423,0.0007448276330275,0.0002487778236493,0.0001627748154943,0.0001044179622833,5.955329969418961e-05,3.345800509683995e-05,1.685400815494394e-05
2593,CO_20161031020558,123,3.4,-74.5,36.2,5.0451,RNAC_276,ORTC,207,3.9093,-75.2461,0,0.3,3.35383265285822,3,99.5902736,105.9757991,106.6539089,16.0,0.0,0,0.09792887025313332,0.0653,0.03262887025313332,0.06349822280238836,0.03443064745074496,5.0<= M < 5.5,100<= R < 150,,0.0,1.033167029061723,s3,0.0072282302405708,0.0075280528246687,0.0078545897420998,0.0139860122018348,0.0176583869826707,0.0147873236391437,0.0206531291437308,0.0127842697145769,0.0144279653414882,0.022126233853211,0.0186287466768603,0.0067936359796126,0.0049955278042813,0.003330981617737,0.0013002430285423,0.0007448276330275,0.0002487778236493,0.0001627748154943,0.0001044179622833,5.955329969418961e-05,3.345800509683995e-05,1.685400815494394e-05
2601,CO_20170206130245,132,3.45,-74.67,38.0,5.4809,RNAC_276,ORTC,207,3.9093,-75.2461,0,0.3,3.35383265285822,3,79.83436518,88.7561123,89.44078068,5.333333333333333,0.0,0,0.9700288702531334,0.2141,0.7559288702531334,0.1866536457109755,0.783375224542158,5.0<= M < 5.5,50<= R < 100,,0.0,2.129588716545376,s3,0.0381916542303771,0.038683225188583,0.0396535957900101,0.0597235455861365,0.0626660645973496,0.0662701791946992,0.103817739551478,0.081728259296636,0.0759877198776758,0.0856147954230377,0.1333120160040774,0.0484998260244648,0.0216100130988786,0.0142863129459734,0.0057936861427115,0.0028088571447502,0.0012316430356778,0.0005533858634046,0.0003445418909276,,,
2603,CO_20170316153812,135,4.84,-72.64,15.4,4.8,RNAC_276,ORTC,207,3.9093,-75.2461,0,0.3,3.35383265285822,3,306.7552129,304.7077513,306.7597935,10.0,0.0,0,-0.3143711297468667,0.3163,-0.6306711297468667,0.28052510160293,-0.5948962313497966,4.5<= M < 5.0,,,0.0,0.5322344827231806,s3,0.0003693319245667,0.0003711603955147,0.0003756536156982,0.0003925494760448,0.0005013481131498,0.0006767780917431,0.0007461075565749,0.0012077592640163,0.0009936490672782,0.0011493154362895,0.0008839385270132,0.0007174524892966,0.0004738076299694,0.0003016921457696,0.0001687807533129,0.0001498629102956,3.170513965341488e-05,2.657804179408766e-05,1.67091875637105e-05,1.110758205912334e-05,8.336845056065239e-06,5.107681957186544e-06
2611,CO_20170429100634,143,3.816,-75.928,58.7,4.76,RNAC_276,ORTC,207,3.9093,-75.2461,1,0.3,3.35383265285822,3,76.84332016,95.49016904,97.49503474,11.42857142857143,0.0,0,-0.7481711297468667,-0.5532,-0.1949711297468667,-0.5440062921248152,-0.2041648376220515,4.5<= M < 5.0,50<= R < 100,,0.0,0.8228584138437994,s3,0.003180159061162,0.0032398120530071,0.0033875551610601,0.0078142964362895,0.008825665617737,0.0051602413792048,0.0067571456065239,0.0081878896738022,0.0113640608358817,0.0081887722844036,0.0070552684138634,0.0047447587145769,0.0014030318409785,0.0008537974189602,0.0004276455779816,0.0002764201997961,0.0001317639836901,5.188625178389398e-05,2.902214475025484e-05,1.929925993883792e-05,1.196340978593272e-05,6.47565749235474e-06
2614,CO_20170702192628,146,3.51,-74.16,17.0,4.7,RNAC_276,ORTC,207,3.9093,-75.2461,0,0.3,3.35383265285822,3,128.4147032,129.4483157,129.7534306,10.0,0.0,0,0.9846288702531334,0.6054,0.3792288702531333,0.5935994841208301,0.3910293861323033,4.5<= M < 5.0,100<= R < 150,,0.0,1.461157412944443,s3,0.0069902783211009,0.0070725565871559,0.0071491735667686,0.0077632215565749,0.0087072232731906,0.00875693472579,0.0142038457288481,0.0238753033639143,0.0238448741794087,0.0278707498267074,0.0090140361213047,0.0063484400784913,0.0022188260265035,0.0011408482915392,0.0003736356574923,0.0002241086299694,7.869356574923548e-05,3.983690112130479e-05,2.647315902140673e-05,1.802794291539246e-05,1.157193476044852e-05,6.508725790010193e-06
2626,CO_20171111144520,158,2.73,-75.06,2.0,4.7,RNAC_276,ORTC,207,3.9093,-75.2461,0,0.3,3.35383265285822,3,132.9401031,131.4972428,132.9874273,16.0,0.0,0,-0.06007112974686662,0.4077,-0.4677711297468666,0.434084525821564,-0.4941556555684306,4.5<= M < 5.0,100<= R < 150,,0.0,0.626396870863371,s3,0.0021112835820591,0.0022020013394495,0.002608248687054,0.0048287509286442,0.0061496609001019,0.0050518386258919,0.0067587740081549,0.0050081671661569,0.0058938352140672,0.0048331272344546,0.0027832507940876,0.0015897101182466,0.0008265234750254,0.0003930851508664,0.0001978071987767,9.278136799184506e-05,3.251526707441386e-05,1.66070132517839e-05,1.030827115188583e-05,6.185164118246688e-06,4.233254841997961e-06,2.378363914373089e-06
2637,CO_20160411092927,117,7.03,-76.61,22.8,5.2631,RNAC_277,PAL,208,4.9056,-76.2825,1,0.26,3.48117656755492,3,238.5303177,236.4650023,239.8652736,13.33333333333333,0.0,0,-0.3143716464412282,-0.6098,0.2954283535587718,-0.7343293331781806,0.4199576867369524,5.0<= M < 5.5,200<= R < 250,,0.0,1.343701814882456,s3,0.0013734453455657,0.0013842868817533,0.0013995323679918,0.0015153503343527,0.0017761986126401,0.0019773719398572,0.0033516351997961,0.0032812363751274,0.0032616443109072,0.0042351884087665,0.005847563404689,0.0019414597879714,0.0007438682731906,0.0005320996697247,0.0002641345830784,9.367588990825688e-05,5.096387563710499e-05,2.833684913353721e-05,1.779878389398573e-05,1.118525688073394e-05,6.141858307849134e-06,3.938036697247706e-06
2640,CO_20160914064659,120,7.23,-76.31,15.1,4.7,RNAC_277,PAL,208,4.9056,-76.2825,1,0.26,3.48117656755492,3,257.7287792,256.5570808,257.7330313,26.66666666666667,0.0,0,-1.240271646441228,-0.2332,-1.007071646441228,-0.3494829484595947,-0.8907886979816335,4.5<= M < 5.0,250<= R < 300,,0.0,0.3652871046772141,s3,0.0001933036381243,0.0001998118715596,0.0001997912864424,0.0002069163088685,0.0001997693649337,0.0002194600183486,0.0003195547003058,0.0005037575535168,0.0007242163098878,0.000813722277268,0.0007247278093781,0.0005728712945973,0.0002245631865443,0.0001748471314984,9.509981039755353e-05,6.379929459734965e-05,2.199830784913354e-05,8.410432212028543e-06,5.846300713557595e-06,4.074571865443425e-06,1.908764525993884e-06,1.339178389398573e-06
2642,CO_20161031002012,122,3.45,-74.5,33.0,5.5725,RNAC_277,PAL,208,4.9056,-76.2825,1,0.26,3.48117656755492,3,253.5921132,254.4930182,256.143937,10.0,0.0,0,-0.7668716464412282,0.2249,-0.9917716464412282,0.2105651267348564,-0.9774367731760846,5.5<= M < 6.0,250<= R < 300,,0.0,0.3709189712951936,s3,0.001268803099898,0.0012771049602446,0.00128686562895,0.0013346691335372,0.0014312870815494,0.0017451753445463,0.0026748954016309,0.0040681779775739,0.0047347787961264,0.0042964171957186,0.0024720857217125,0.001745495756371,0.000569636767584,0.0003619520407747,0.0002461947930682,0.0001868588083588,7.346694699286442e-05,4.694809887869521e-05,2.798577879714577e-05,2.085588175331295e-05,1.031650662589195e-05,6.016821610601426e-06
2643,CO_20161031020558,123,3.4,-74.5,36.2,5.0451,RNAC_277,PAL,208,4.9056,-76.2825,1,0.26,3.48117656755492,3,258.3444133,259.6726287,261.1848176,20.0,0.0,0,-1.197671646441228,0.0653,-1.262971646441228,0.06349822280238836,-1.261169869243617,5.0<= M < 5.5,250<= R < 300,,0.0,0.2828123582110451,s3,0.0003827018491335,0.000385121404689,0.0003859742385321,0.0003968888746177,0.0004299258572884,0.0005317622171253,0.0007832923516819,0.0012006688409785,0.0017173937991845,0.0014814774974515,0.0009133394475025,0.0008296098603465,0.0003752817247706,0.0002424084230377,0.0002054703363914,0.0001116494831804,2.728188073394496e-05,1.526884709480122e-05,9.800913353720696e-06,6.28120998980632e-06,5.000985728848114e-06,3.81688379204893e-06
2651,CO_20170206130245,132,3.45,-74.67,38.0,5.4809,RNAC_277,PAL,208,4.9056,-76.2825,1,0.26,3.48117656755492,3,239.211406,240.784991,242.6275432,13.33333333333333,0.0,0,-0.7598716464412283,0.2141,-0.9739716464412282,0.1866536457109755,-0.9465252921522037,5.0<= M < 5.5,200<= R < 250,,0.0,0.3775804401732079,s3,0.001306605795107,0.00131379008053,0.001322759069317,0.0013548819541284,0.0014360536992864,0.0015694433455657,0.0024553183557594,0.0035468747003058,0.0058271007227319,0.0053545880142711,0.0040477274199796,0.0023425162385321,0.0012548977584097,0.0012094539174311,0.0009656262762487,0.0002894981651376,0.0001174443904179,7.230337410805301e-05,4.408019979612641e-05,2.301702854230377e-05,1.529957696228338e-05,9.748444444444444e-06
2657,CO_20170429100634,143,3.816,-75.928,58.7,4.76,RNAC_277,PAL,208,4.9056,-76.2825,0,0.26,3.48117656755492,3,127.9961637,138.9552865,141.4672611,10.0,0.0,0,0.01692835355877187,-0.5532,0.5701283535587719,-0.5440062921248152,0.5609346456835871,4.5<= M < 5.0,100<= R < 150,,0.0,1.768494029369047,s3,0.0036466444556574,0.0036593425127421,0.0036820250122324,0.0038069166697247,0.0042545133323139,0.0048409144057084,0.0072340730346585,0.0130764384199796,0.0169672625382263,0.0155525793170234,0.0082239441213047,0.0041391862986748,0.0012683155932721,0.0005600385891946,0.0002137814750254,0.0001427924138634,5.143881855249746e-05,2.689759531090724e-05,1.798998674821611e-05,1.25540998980632e-05,7.922072375127421e-06,4.243321100917431e-06
2660,CO_20170702192628,146,3.51,-74.16,17.0,4.7,RNAC_277,PAL,208,4.9056,-76.2825,1,0.26,3.48117656755492,3,281.9039512,281.728831,282.5325851,13.33333333333333,0.0,0,0.04672835355877181,0.6054,-0.5586716464412282,0.5935994841208301,-0.5468711305620583,4.5<= M < 5.0,250<= R < 300,,0.0,0.5719683356206152,s3,0.0005733903955147,0.0011957948817533,0.0009702324209989,0.0006230169520897,0.00063274062895,0.0006585149541284,0.0010883794332313,0.0020658776748216,0.0022926182650356,0.0020531260183486,0.001166988470948,0.0005223622823649,0.0003026418093781,0.000160455540265,6.431943323139654e-05,2.962271355759429e-05,1.120097043832824e-05,5.325943934760448e-06,3.470778797145769e-06,2.48118246687054e-06,1.55350254841998e-06,9.278572884811416e-07
2672,CO_20171111144520,158,2.73,-75.06,2.0,4.7,RNAC_277,PAL,208,4.9056,-76.2825,1,0.26,3.48117656755492,3,277.4345797,275.7796237,277.4605138,16.0,0.0,0,-0.4529716464412282,0.4077,-0.8606716464412282,0.434084525821564,-0.8870561722627921,4.5<= M < 5.0,250<= R < 300,,0.0,0.4228779624358319,s3,0.0003230035066258,0.0003267633700305,0.0003289929051987,0.0003316508491335,0.0003743259602446,0.0004015814311926,0.0007101310642201,0.0009824663700305,0.0012583386340468,0.0012615225474006,0.0007779550407747,0.0004837867349643,0.0003146478195718,0.0001308188124362,9.048065953109073e-05,4.509441692150866e-05,1.093355861365953e-05,5.12532008154944e-06,4.259859327217125e-06,3.048585117227319e-06,2.455890927624873e-06,1.64034250764526e-06
2696,CO_20170316153812,135,4.84,-72.64,15.4,4.8,RNAC_278,PAM,209,7.3395,-72.6996,0,0.26,1.46409378623116,3,277.8151443,276.4172378,277.8580958,13.33333333333333,0.0,0,-0.2101305193937215,0.3163,-0.5264305193937215,0.28052510160293,-0.4906556209966515,4.5<= M < 5.0,250<= R < 300,,0.0,0.590709737932342,s3,0.0002903903027522,0.0002935127940876,0.000295970246687,0.0003074282130479,0.0003109879245667,0.0004219157104994,0.0005181031039755,0.0006297055963302,0.0008906567533129,0.0008124624159021,0.0007093710672782,0.0006020987074413,0.0004446851957186,0.0002703769857288,8.29289633027523e-05,4.720246075433232e-05,1.745759225280326e-05,1.069245463812436e-05,8.880059123343528e-06,8.493563710499491e-06,8.589671763506626e-06,6.80939245667686e-06
2704,CO_20170808204340,148,6.54,-72.09,49.0999999999999,4.8203,RNAC_278,PAM,209,7.3395,-72.6996,0,0.26,1.46409378623116,3,111.8287418,121.6952236,124.1602602,11.42857142857143,0.0,0,-0.6215305193937215,-0.5738,-0.04773051939372157,-0.5027789500158876,-0.1187515693778339,4.5<= M < 5.0,100<= R < 150,,0.0,0.953390672759611,s3,0.0013339785820591,0.0013441627074413,0.0013683169989806,0.001659221540265,0.0024361400050968,0.0029909003190621,0.0061218254383282,0.0029997646136595,0.0023218253802242,0.0023656725168195,0.0025031706992864,0.0018285986228338,0.001229260737003,0.0006081099928644,0.0001961178511722,7.824485321100917e-05,4.316987869520897e-05,4.1253125382263e-05,3.199581141692151e-05,2.153287665647299e-05,1.489824668705403e-05,9.47255759429154e-06
2710,CO_20171014083543,154,7.38,-72.07,27.0,4.7,RNAC_278,PAM,209,7.3395,-72.6996,0,0.26,1.46409378623116,3,68.87130139,67.88559492,69.01660387,16.0,0.0,0,-0.1674305193937216,-0.0337,-0.1337305193937216,0.04774692898594023,-0.2151774483796618,4.5<= M < 5.0,50<= R < 100,,0.0,0.8748257814233178,s3,0.0040157944719673,0.0041140252313965,0.0043265660428134,0.0066158137329255,0.0103259284505606,0.0101482307716615,0.0123204437003058,0.0093629451284403,0.0109211360040774,0.0083422091630988,0.0052652978552497,0.0021489359204892,0.0015171334872579,0.000716870041794,0.0002441002629969,0.0001125800550458,5.061614067278288e-05,2.583876452599388e-05,1.491118552497452e-05,9.824667686034658e-06,6.301988786952089e-06,3.43579001019368e-06
2714,CO_20171118055454,159,8.34,-71.79,22.7999999999999,5.0427,RNAC_278,PAM,209,7.3395,-72.6996,0,0.26,1.46409378623116,3,149.8378912,149.5196985,152.342902,20.0,0.0,0,0.2762694806062784,0.1494,0.1268694806062785,0.2190940695783601,0.05717541102791837,5.0<= M < 5.5,100<= R < 150,,0.0,1.135268833511375,s3,0.0024175219928644,0.0024776885973496,0.0026140524536187,0.0031570423567787,0.0047329766901121,0.0064207698674821,0.0097567567339449,0.0076348527940876,0.0065777237981651,0.0035719335351681,0.0033122079317023,0.0018322463588175,0.0015329436136595,0.0008757543312945,0.0003023149949031,0.0001700771416921,5.621968909276248e-05,2.602382772680938e-05,1.354748623853211e-05,8.856039755351681e-06,7.041897043832824e-06,4.137980632008155e-06
2735,CO_20171111144520,158,2.73,-75.06,2.0,4.7,RNAC_280,PAS2,211,1.2097,-77.2563,1,1.0,3.21114041359097,5,296.5919953,296.0323851,296.6468299,8.0,114.0594292910512,1,0.3060005398984978,0.4077,-0.1016994601015022,0.434084525821564,-0.1280839859230662,4.5<= M < 5.0,250<= R < 300,100.0,38.45667823087442,0.9033009888654865,s5,0.0002685961916411,0.0003395678134556,0.0004640055494393,0.0008790318195718,0.0002607074444444,0.0002850728797145,0.0004559784220183,0.0005655751916411,0.000623724196738,0.0005344883129459,0.0004300600448521,0.0004189753730886,0.0006773891335372,0.0006345467339449,0.0001315890713557,4.966344852191641e-05,1.782596330275229e-05,9.643902140672784e-06,6.725173292558614e-06,3.960024464831804e-06,2.862786952089705e-06,
2748,CO_20170206130245,132,3.45,-74.67,38.0,5.4809,RNAC_285,PIZC,212,4.9653,-77.3597,1,0.24,1.4704388834763,3,340.5950884,340.4862071,342.9287966,16.0,0.0,0,-0.9529798563117902,0.2141,-1.16707985631179,0.1866536457109755,-1.139633502022766,5.0<= M < 5.5,,,0.0,0.3112745819056214,s3,0.0002814428685015,0.0002874872517838,0.0002833287787971,0.0002823009622833,0.0002834278053007,0.0002841719816513,0.0003035418715596,0.0003202626452599,0.0004092710846075,0.0004679159184505,0.0004583649490316,0.0005192136819571,0.0009836581243628,0.0010828518746177,0.0005812031875637,0.0004871861681957,0.0002540408307849,0.0001931676167176,0.0001279169082568,5.794425280326198e-05,4.789677268093782e-05,2.029235983690112e-05
2758,CO_20170429100634,143,3.816,-75.928,58.7,4.76,RNAC_285,PIZC,212,4.9653,-77.3597,0,0.24,1.4704388834763,3,203.9745788,209.5816393,212.5084499,16.0,0.0,0,-1.25427985631179,-0.5532,-0.70107985631179,-0.5440062921248152,-0.7102735641869748,4.5<= M < 5.0,200<= R < 250,,0.0,0.4960493524440714,s3,0.0002536659215086,0.0002596849714576,0.0002580215555555,0.0002624249582059,0.0002812505178389,0.0003212087145769,0.0004873848022426,0.0005662944159021,0.0007798379857288,0.0007429827573904,0.0006874431702344,0.0006883882456676,0.0006234175769622,0.0003239169317023,0.0001430246666666,0.0001278660336391,5.876388583078492e-05,2.915870642201835e-05,1.97575249745158e-05,1.193817023445464e-05,5.627359836901121e-06,3.693937818552497e-06
2777,CO_20170429100634,143,3.816,-75.928,58.7,4.76,RNAC_287,POP2,249,2.5403,-76.6761,0,0.4,4.51257043046719,3,163.5172729,173.5514532,174.7058768,20.0,0.0,0,-1.071913365584027,-0.5532,-0.5187133655840268,-0.5440062921248152,-0.5279070734592117,4.5<= M < 5.0,150<= R < 200,,0.0,0.5952859708723485,s3,0.000966212149847,0.000982411304791,0.0010401817818552,0.0011745380795107,0.0022685382150866,0.0033642907910295,0.0022118724587155,0.0021940121783893,0.0016639570519877,0.0015070150795107,0.0015968953251783,0.0005147877145769,0.0002064461090723,0.0001140530550458,3.956114475025484e-05,2.448570540265035e-05,8.780102956167177e-06,5.203256880733946e-06,2.990936799184506e-06,1.906371049949032e-06,1.245927624872579e-06,1.101934760448522e-06
2779,CO_20170702192628,146,3.51,-74.16,17.0,4.7,RNAC_287,POP2,249,2.5403,-76.6761,1,0.4,4.51257043046719,3,299.454683,298.7772697,300.1287536,16.0,7.139210965703525,1,0.7854866344159732,0.6054,0.1800866344159732,0.5935994841208301,0.1918871502951431,4.5<= M < 5.0,250<= R < 300,0.0,2.384070569269917,1.197321087841858,s3,0.0012015673221202,0.0012133192782874,0.0012128237104994,0.0012590294678899,0.0014227728695208,0.0019584567818552,0.0019418670988786,0.0031076795606523,0.0022500852609582,0.00259821708053,0.0052617490846075,0.0016324058939857,0.0004122697859327,0.000205246362895,6.681369418960245e-05,3.835625993883792e-05,1.621525382262997e-05,9.36239245667686e-06,5.904536187563711e-06,3.933234454638125e-06,2.439804281345565e-06,1.560316004077472e-06
2796,CO_20160411092927,117,7.03,-76.61,22.8,5.2631,RNAC_289,PTA,215,7.1422,-77.8085,0,0.24,8.07555177555453,3,134.0548632,134.1951912,136.2993187,20.0,0.0,0,-0.3224628722195172,-0.6098,0.2873371277804828,-0.7343293331781806,0.4118664609586634,5.0<= M < 5.5,100<= R < 150,,0.0,1.332873486420367,s3,0.0068933865463812,0.0069558809102956,0.007033467235474,0.0078252698929663,0.0086367610295616,0.0141200642201834,0.0175735576758409,0.0203917447502548,0.0254195376860346,0.0130016366156982,0.003113155227319,0.0026784514332313,0.001201034196738,0.0006104034933741,0.0003982652691131,0.0003144226167176,0.0001199591977573,7.391691539245667e-05,3.894814475025484e-05,2.542103363914373e-05,1.502839449541284e-05,7.34698369011213e-06
2797,CO_20160807082010,119,6.92,-76.28,13.1,4.5,RNAC_289,PTA,215,7.1422,-77.8085,0,0.24,8.07555177555453,3,170.9673084,169.4433634,170.9675559,16.0,0.0,0,0.3860371277804827,-0.62,1.006037127780483,-0.5427118060677161,0.9287489338481988,,150<= R < 200,,0.0,2.734742079526567,s3,0.0031722459021406,0.0112685770132517,0.0067916751070336,0.001286909266055,0.0009563628878695,0.0005441784954128,0.0007233826911314,0.0013287776422018,0.0015170025688073,0.0011134016748216,0.0003364577115188,0.0002064630703363,9.814403160040774e-05,5.030502956167176e-05,5.701124974515801e-05,3.541003363914373e-05,1.344515800203874e-05,7.004676860346585e-06,3.447334352701325e-06,1.988283384301733e-06,1.418479102956167e-06,1.171189602446483e-06
2819,CO_20160411092927,117,7.03,-76.61,22.8,5.2631,RNAC_290,PTB,216,6.5395,-74.4564,0,0.09,2.07488520140718,2,242.7371403,243.0988508,244.0042217,26.66666666666667,0.0,0,-1.598028430095178,-0.6098,-0.9882284300951782,-0.7343293331781806,-0.8636990969169978,5.0<= M < 5.5,200<= R < 250,,0.0,0.3722355485389514,s2,0.0001939728409785,0.0001983679357798,0.0002029469745158,0.000362127617737,0.0006121602538226,0.0004909450275229,0.000409720579001,0.0003944070377166,0.0004594802945973,0.0004551844077471,0.0004839654026503,0.0004905361090723,0.0003360571814475,0.0003572605229357,0.0001638388613659,0.0001535841314984,7.999111416921508e-05,4.285127217125382e-05,2.763657900101937e-05,2.455828338430173e-05,1.426067787971458e-05,6.708407747196738e-06
2822,CO_20160914064659,120,7.23,-76.31,15.1,4.7,RNAC_290,PTB,216,6.5395,-74.4564,0,0.09,2.07488520140718,2,218.5919788,217.1512071,218.5944693,20.0,0.0,0,-0.09212843009517821,-0.2332,0.1410715699048218,-0.3494829484595947,0.2573545183644165,4.5<= M < 5.0,200<= R < 250,,0.0,1.151507058286223,s2,0.0004732984750254,0.0004800714964322,0.0005029035300713,0.0007902211997961,0.0014609003720693,0.0011689372895005,0.0013550539480122,0.0010800982874617,0.0013958956901121,0.0015902860754332,0.0010917553017329,0.0009266923088685,0.0005549088695208,0.0002489248552497,0.0001766716921508,5.27062629969419e-05,2.726222629969419e-05,1.573717838939857e-05,9.116448521916412e-06,5.769659531090724e-06,3.1687624872579e-06,1.986661569826708e-06
2824,CO_20161031002012,122,3.45,-74.5,33.0,5.5725,RNAC_290,PTB,216,6.5395,-74.4564,0,0.09,2.07488520140718,2,342.5604577,339.5334922,344.4083231,16.0,0.0,0,-0.5789284300951781,0.2249,-0.8038284300951781,0.2105651267348564,-0.7894935568300345,5.5<= M < 6.0,,,0.0,0.4476120282698707,s2,0.0004440648481141,0.0004704584984709,0.0005194503190621,0.0009281144209989,0.0013557274301732,0.001303906296636,0.0008952078899082,0.0008619340336391,0.0009680368083588,0.0005649104281345,0.0004643294026503,0.0002964828501529,0.00021233280632,0.0001425266839959,6.337769317023445e-05,6.567258002038737e-05,3.046051885830785e-05,2.353589398572885e-05,1.296757084607543e-05,9.955863404689094e-06,9.69219367991845e-06,4.412815494393476e-06
2825,CO_20161031020558,123,3.4,-74.5,36.2,5.0451,RNAC_290,PTB,216,6.5395,-74.4564,0,0.09,2.07488520140718,2,348.8424899,347.6380347,350.9036514,26.66666666666667,0.0,0,-0.4833284300951781,0.0653,-0.5486284300951781,0.06349822280238836,-0.5468266528975665,5.0<= M < 5.5,,,0.0,0.5777416803053369,s2,0.0002142962619775,0.0002209495188583,0.0002382008542303,0.000429226756371,0.0006470191427115,0.0005698002986748,0.0004277889673802,0.0003616718440366,0.0003914417023445,0.0002739228542303,0.0001928508623853,0.0002187067512742,0.0001744927645259,0.0001053563608562,4.080022018348623e-05,2.348374209989806e-05,1.266566156982671e-05,8.663422018348625e-06,4.015129459734964e-06,3.507470948012232e-06,1.87059123343527e-06,1.160076452599388e-06
2832,CO_20170206130245,132,3.45,-74.67,38.0,5.4809,RNAC_290,PTB,216,6.5395,-74.4564,0,0.09,2.07488520140718,2,343.2688188,340.8501293,345.6070623,26.66666666666667,0.0,0,-0.6173284300951782,0.2141,-0.8314284300951782,0.1866536457109755,-0.8039820758061537,5.0<= M < 5.5,,,0.0,0.4354268650464466,s2,0.0003846367787971,0.0003983952171253,0.0004360257716615,0.0009188685810397,0.0013393515066258,0.0010033938888888,0.0007196018460754,0.0005174797400611,0.0007275082670744,0.0008915858685015,0.0005932800723751,0.0003908861661569,0.0003499215219164,0.0004023057573904,0.0001437768216106,6.117227217125383e-05,4.756963608562691e-05,3.121257900101937e-05,1.671280733944954e-05,1.271177879714577e-05,7.946825688073394e-06,3.067844036697248e-06
2835,CO_20170316153812,135,4.84,-72.64,15.4,4.8,RNAC_290,PTB,216,6.5395,-74.4564,0,0.09,2.07488520140718,2,275.5650403,275.2057119,275.5690437,20.0,0.0,0,0.3837715699048219,0.3163,0.06747156990482184,0.28052510160293,0.1032464683018919,4.5<= M < 5.0,250<= R < 300,,0.0,1.069799844654149,s2,0.0005218627553516,0.0005369490856269,0.0005522068766564,0.0009743094026503,0.0011842159174311,0.0013360010978593,0.0008109997104994,0.001427051922528,0.0017607332579001,0.0013367748501529,0.0008942437767584,0.0006514745066258,0.0002090416829765,0.0001248239755351,4.850584097859327e-05,1.961327624872579e-05,1.010693170234455e-05,4.652224260958207e-06,4.28016004077472e-06,2.56868501529052e-06,1.375583078491335e-06,1.231290519877676e-06
2846,CO_20170702192628,146,3.51,-74.16,17.0,4.7,RNAC_290,PTB,216,6.5395,-74.4564,0,0.09,2.07488520140718,2,338.4523423,336.9782724,338.9521199,20.0,0.0,0,-0.2963284300951782,0.6054,-0.9017284300951782,0.5935994841208301,-0.8899279142160083,4.5<= M < 5.0,,,0.0,0.4058675394626235,s2,0.0001417905800203,0.000147742304791,0.0001603637961264,0.0002890712956167,0.000512320579001,0.0004496196422018,0.0003211315484199,0.0003250464403669,0.00033166972579,0.0002938195524974,0.0002169320468909,0.0001559923098878,4.802219877675841e-05,3.816980428134557e-05,2.223548521916412e-05,9.599233435270131e-06,4.892380224260958e-06,2.996850152905199e-06,2.001418960244648e-06,1.297076452599388e-06,8.380560652395514e-07,6.783180428134557e-07
2848,CO_20170808204340,148,6.54,-72.09,49.0999999999999,4.8203,RNAC_290,PTB,216,6.5395,-74.4564,0,0.09,2.07488520140718,2,261.2801589,263.2998632,266.1243237,26.66666666666667,0.0,0,-0.2962284300951781,-0.5738,0.2775715699048218,-0.5027789500158876,0.2065505199207094,4.5<= M < 5.0,250<= R < 300,,0.0,1.319920582353808,s2,0.0003978146890927,0.0004174554016309,0.0004640585993883,0.0009058832456676,0.0017127901855249,0.0013387917471967,0.0006877307767584,0.0004170790733944,0.0003912179969418,0.0003211879683995,0.0002957529673802,0.0003584134719673,0.0001790228695208,0.000123487756371,0.0001472291865443,8.678515596330276e-05,4.518546585117228e-05,1.817101121304791e-05,9.788167176350664e-06,6.536560652395515e-06,3.997611620795107e-06,2.758420998980632e-06
2849,CO_20171014083543,154,7.38,-72.07,27.0,4.7,RNAC_290,PTB,216,6.5395,-74.4564,0,0.09,2.07488520140718,2,278.7239427,277.8615628,278.72602,20.0,0.0,0,0.05597156990482183,-0.0337,0.08967156990482184,0.04774692898594023,0.008224640918881608,4.5<= M < 5.0,250<= R < 300,,0.0,1.093814982946892,s2,0.0003502786697247,0.0003650529021406,0.0003811585963302,0.0005859939092762,0.0008100020632008,0.0008557572558613,0.0006251966228338,0.0006906970010193,0.000673486362895,0.00057833135474,0.0003973091049949,0.0003876942844036,0.0001812566829765,9.939070948012233e-05,3.373367176350663e-05,1.871181141692151e-05,1.206643221202854e-05,6.391457696228338e-06,5.398882772680938e-06,3.067233435270133e-06,1.454705402650357e-06,8.527288481141692e-07
2861,CO_20171111144520,158,2.73,-75.06,2.0,4.7,RNAC_291,PTLC,250,-0.17042,-74.797,0,0.24,2.28342937990249,3,323.628293,322.3233761,323.645143,20.0,0.0,0,1.283661630805042,0.4077,0.8759616308050424,0.434084525821564,0.8495771049834784,4.5<= M < 5.0,,,0.0,2.401183235863391,s3,0.000941451324159,0.000951998914373,0.0009837296422018,0.001055764490316,0.001675783374108,0.0024016393017329,0.0045479107502548,0.0032703530479102,0.0026234820519877,0.0020619405637104,0.0013009241916411,0.0009084061365953,0.0004840177553516,0.0003270851987767,8.537979408766564e-05,3.720723343527014e-05,1.863606829765546e-05,8.120128440366973e-06,4.819505606523956e-06,3.496356778797145e-06,2.238293577981652e-06,1.452349643221203e-06
2864,CO_20161031002012,122,3.45,-74.5,33.0,5.5725,RNAC_306,RAC2C,227,3.3721,-76.53,1,0.88,3.55128668283877,5,223.938719,223.2480087,226.8759781,26.66666666666667,0.0,0,-0.519212237056544,0.2249,-0.744112237056544,0.2105651267348564,-0.7297773637914003,5.5<= M < 6.0,200<= R < 250,,0.0,0.4751559385892789,s5,0.0019160510540265,0.0024015015922528,0.0019574601437308,0.0020317487961264,0.0022977375871559,0.0025843870326197,0.0041014855891946,0.0034001915086646,0.0046786033761467,0.0051644075331294,0.004728838041794,0.0040946958888888,0.0056425363944954,0.005992789853211,0.0014978241610601,0.0005081322619775,0.000288268756371,0.0001438985107033,9.240340570846077e-05,5.571807645259939e-05,3.666064322120285e-05,2.491632823649337e-05
2865,CO_20161031020558,123,3.4,-74.5,36.2,5.0451,RNAC_306,RAC2C,227,3.3721,-76.53,1,0.88,3.55128668283877,5,224.6893185,226.2040203,228.0041294,20.0,0.0,0,-0.509012237056544,0.0653,-0.574312237056544,0.06349822280238836,-0.5725104598589323,5.0<= M < 5.5,200<= R < 250,,0.0,0.5630920094790671,s5,0.0009308116320081,0.0011742678970438,0.0010209528409785,0.0010235602293577,0.0011361025535168,0.0010360532477064,0.0012718169276248,0.0014979783017329,0.0016397510540265,0.0024382783302752,0.0014666114342507,0.0022174907737003,0.0022475928042813,0.0025708727166156,0.0007331630234454,0.0002328183730886,9.518576146788991e-05,4.781221916411825e-05,2.787685219164118e-05,1.986383995922528e-05,1.205205300713558e-05,7.218813455657493e-06
2871,CO_20170206130245,132,3.45,-74.67,38.0,5.4809,RNAC_306,RAC2C,227,3.3721,-76.53,1,0.88,3.55128668283877,5,205.1030898,205.4284419,209.1401892,16.0,0.0,0,0.386187762943456,0.2141,0.172087762943456,0.1866536457109755,0.1995341172324806,5.0<= M < 5.5,200<= R < 250,,0.0,1.187782071890506,s5,0.0050912650591233,0.0052338577920489,0.0050916211457696,0.0051797310346585,0.0055768322803261,0.0058312604913353,0.0059302030030581,0.006523897659531,0.0083523446452599,0.0095803415382263,0.0076544256799184,0.0101613196432212,0.0145243429561671,0.0214950255249745,0.004020760088685,0.0018128225677879,0.0006259925127421,0.0003797562548419,0.0002185769011213,0.0001457420071355,9.280016615698268e-05,5.565628236493375e-05
2874,CO_20170429100634,143,3.816,-75.928,58.7,4.76,RNAC_306,RAC2C,227,3.3721,-76.53,0,0.88,3.55128668283877,5,82.29988668,101.1765004,102.1874,13.33333333333333,0.0,0,-0.522912237056544,-0.5532,0.030287762943456,-0.5440062921248152,0.02109405506827122,4.5<= M < 5.0,100<= R < 150,,0.0,1.030751103252086,s5,0.003385090775739,0.0035630896065239,0.0038276389011213,0.0052740419398572,0.0099137374719673,0.0121878348623853,0.0082720259510703,0.0072242189551478,0.0069782220336391,0.0080813104638124,0.0056550833965341,0.0043344981447502,0.0046150489276248,0.0029002706941896,0.0007250090795107,0.000360573235474,0.0001416276574923,6.54985372069317e-05,3.619544138634047e-05,2.59988256880734e-05,1.761772273190622e-05,8.620165137614678e-06
2875,CO_20170702192628,146,3.51,-74.16,17.0,4.7,RNAC_306,RAC2C,227,3.3721,-76.53,1,0.88,3.55128668283877,5,263.4852753,263.2245065,264.1809742,20.0,0.0,0,-0.04681223705654391,0.6054,-0.652212237056544,0.5935994841208301,-0.640411721177374,4.5<= M < 5.0,250<= R < 300,,0.0,0.5208921642511056,s5,0.0005577124984709,0.0006928690591233,0.000609052551478,0.0008517469266055,0.001138572980632,0.0006359497645259,0.0007887479979612,0.0011936929092762,0.0017777018878695,0.001644807659531,0.0014541122925586,0.0018610172823649,0.0011331769255861,0.0013426579949031,0.0003181944169215,0.0001150151325178,4.215127726809378e-05,2.414825484199796e-05,1.356504383282365e-05,8.946658511722731e-06,5.648091743119266e-06,3.336503567787972e-06
2878,CO_20171111144520,158,2.73,-75.06,2.0,4.7,RNAC_306,RAC2C,227,3.3721,-76.53,1,0.88,3.55128668283877,5,178.0545412,176.4872293,178.1021203,20.0,0.0,0,0.723287762943456,0.4077,0.315587762943456,0.434084525821564,0.289203237121892,4.5<= M < 5.0,150<= R < 200,,0.0,1.371064935337788,s5,0.0024807297441386,0.0025569075056065,0.0029391370346585,0.002474920706422,0.0026475444811416,0.002475729972477,0.0035351517849133,0.0048542576126401,0.0055254750468909,0.0068578453007135,0.0041577218593272,0.0059108311722731,0.0050636851019367,0.0052416663404689,0.0011282836758409,0.0005887982986748,0.0001878507145769,9.129668195718656e-05,5.417952293577981e-05,3.41275127420999e-05,2.295162283384302e-05,1.201259123343527e-05
2884,CO_20161031002012,122,3.45,-74.5,33.0,5.5725,RNAC_313,RECRC,228,4.9604,-75.3525,1,0.22,4.65843213964135,3,191.0437007,192.2876436,195.081624,20.0,34.00685596889804,1,0.6240693073614475,0.2249,0.3991693073614475,0.2105651267348564,0.4135041806265911,5.5<= M < 6.0,150<= R < 200,25.0,17.80056387323638,1.490585964421445,s3,0.0088101170927624,0.009080187872579,0.0094577492436289,0.0110985703567787,0.0208127820183486,0.0315747111722731,0.0324633698572884,0.0248143725076452,0.0211881347502548,0.0124658221508664,0.0056561167023445,0.0034365830866462,0.0010824773690112,0.0007065665188583,0.0004120677706422,0.0003482809215086,0.0001795642528032,8.006364729867483e-05,3.654662181447503e-05,3.04777747196738e-05,2.3506249745158e-05,1.367184811416921e-05
2885,CO_20161031020558,123,3.4,-74.5,36.2,5.0451,RNAC_313,RECRC,228,4.9604,-75.3525,1,0.22,4.65843213964135,3,197.0126307,199.4259462,201.4053159,16.0,36.2673666199936,1,0.2127693073614475,0.0653,0.1474693073614475,0.06349822280238836,0.1492710845590592,5.0<= M < 5.5,150<= R < 200,25.0,18.40865049673874,1.158897714655207,s3,0.0027122014444444,0.0027764993985728,0.0029085093567787,0.0036338509235474,0.0054128765494393,0.0144773312334352,0.0104208821508664,0.0061239474393476,0.0054244450203873,0.0033760498430173,0.0016922591620795,0.0010743179989806,0.0005521652609582,0.0003435693027522,0.0001940523211009,0.0001295043700305,5.54363384301733e-05,2.315128338430173e-05,1.28842629969419e-05,8.221512742099899e-06,5.384682976554537e-06,3.409932721712538e-06
2887,CO_20170316153812,135,4.84,-72.64,15.4,4.8,RNAC_313,RECRC,228,4.9604,-75.3525,1,0.22,4.65843213964135,3,300.569384,299.1938032,300.6168586,20.0,16.50866570985515,1,-0.1385306926385524,0.3163,-0.4548306926385525,0.28052510160293,-0.4190557942414824,4.5<= M < 5.0,250<= R < 300,0.0,5.492464165896268,0.6345553937533904,s3,0.0005276069204892,0.000533681980632,0.0005360459317023,0.0005566005565749,0.0006581997777777,0.0008093386768603,0.0013446934250764,0.0018467182059123,0.0010792206564729,0.0012142941202854,0.0014556779092762,0.0009372453465851,0.0005901704454638,0.0002731358165137,0.0001435463211009,4.82088379204893e-05,1.921296941896025e-05,8.57226605504587e-06,6.743373088685015e-06,4.195885830784914e-06,2.808183486238532e-06,2.163823649337411e-06
2894,CO_20170429100634,143,3.816,-75.928,58.7,4.76,RNAC_313,RECRC,228,4.9604,-75.3525,0,0.22,4.65843213964135,3,143.2140592,155.0339703,156.7291799,26.66666666666667,38.87234718115695,1,-1.484030692638552,-0.5532,-0.9308306926385524,-0.5440062921248152,-0.9400244005137373,4.5<= M < 5.0,150<= R < 200,25.0,27.14282899199951,0.3942260936021406,s3,0.0006564765942915,0.0006747043985728,0.0006836590733944,0.000747659737003,0.001336122883792,0.0015026624281345,0.0018948831141692,0.0016695119174311,0.0017006131406727,0.0013363712099898,0.0011732221304791,0.0008572830448521,0.0004585564311926,0.0002286808817533,6.811671457696228e-05,3.444244444444444e-05,1.374570438328236e-05,7.75437003058104e-06,4.310902140672783e-06,2.931168195718654e-06,2.543178389398573e-06,1.79456880733945e-06
2909,CO_20170429100634,143,3.816,-75.928,58.7,4.76,RNAC_317,ROSC,232,4.8449,-74.3211,1,0.8,2.57210556818155,4,212.4753575,219.0131239,221.4905345,20.0,0.0,0,-1.75483334540173,-0.5532,-1.20163334540173,-0.5440062921248152,-1.210827053276915,4.5<= M < 5.0,200<= R < 250,,0.0,0.3007026592780461,s4,0.0002040035861365,0.0002151645178389,0.0001970619001019,0.0001962193639143,0.0001966164087665,0.0002050506248725,0.0002697810968399,0.0002992650214067,0.0004519921671763,0.0005096422945973,0.0009474425810397,0.0005824713690112,0.0002582421743119,0.0001866153904179,7.464043221202854e-05,3.957083078491335e-05,1.325621610601427e-05,7.096519877675841e-06,4.904602446483181e-06,2.997229357798165e-06,2.244180428134556e-06,1.354512742099898e-06
2911,CO_20170702192628,146,3.51,-74.16,17.0,4.7,RNAC_317,ROSC,232,4.8449,-74.3211,0,0.8,2.57210556818155,4,149.4965486,149.2605398,150.9832403,20.0,0.0,0,-0.7119333454017297,0.6054,-1.31733334540173,0.5935994841208301,-1.30553282952256,4.5<= M < 5.0,100<= R < 150,,0.0,0.267848610197839,s4,0.0008103050081549,0.0008215414301732,0.0008096933557594,0.0008156649113149,0.0008653500917431,0.0009376153904179,0.0014637967278287,0.0013889979439347,0.0020025233904179,0.0030361314872579,0.0027034937624872,0.0020640290091743,0.0015053005433231,0.0004542572731906,0.0002110997206931,9.035242099898064e-05,4.368777981651376e-05,2.037943221202854e-05,1.224119266055046e-05,7.777477064220183e-06,4.59491743119266e-06,2.523675840978593e-06
2918,CO_20171111144520,158,2.73,-75.06,2.0,4.7,RNAC_317,ROSC,232,4.8449,-74.3211,0,0.8,2.57210556818155,4,249.3278411,248.4577802,249.4022674,16.0,0.0,0,-0.003933345401729793,0.4077,-0.4116333454017298,0.434084525821564,-0.4380178712232938,4.5<= M < 5.0,200<= R < 250,,0.0,0.6625671648189033,s4,0.0005141072813455,0.000538241374108,0.0005073398328236,0.0005106522558613,0.0005260723506625,0.0005886329551478,0.0008499219847094,0.0009908529571865,0.0015676680326197,0.0016506705891946,0.0015972701427115,0.0013961905035677,0.0004862113506625,0.0003204484831804,0.0001443478083588,8.882956676860347e-05,4.631288175331294e-05,2.214638939857289e-05,1.102877981651376e-05,6.497147808358817e-06,4.25719877675841e-06,2.082439347604485e-06
2956,CO_20170212093228,133,12.29,-72.99,7.4,5.26,RNAC_320,SMAR,234,11.1638,-74.2245,0,0.12,1.55575890659825,1,184.2451636,180.8055448,184.4249019,10.0,0.0,0,-0.1232352901943208,-0.0121,-0.1111352901943208,0.03032311204194176,-0.1535584022362626,5.0<= M < 5.5,150<= R < 200,,0.0,0.8948176806816411,s1,0.001031953590214,0.0010788745657492,0.0011210003598369,0.0012951406034658,0.0019839560815494,0.0024796105820591,0.001616143551478,0.0030682099306829,0.0027660727808358,0.0015024816085626,0.0008516502701325,0.0005095139194699,0.0003378092568807,0.0003070553639143,0.0002536452548419,0.0001617901314984,6.767445259938838e-05,3.241024566768603e-05,2.03718491335372e-05,1.442439551478084e-05,1.245302140672783e-05,8.538343527013251e-06
2972,CO_20160411092927,117,7.03,-76.61,22.8,5.2631,RNAC_322,SOL,235,6.2236,-77.4054,1,0.58,2.57307893177713,4,126.1782484,124.8206334,128.5568427,20.0,0.0,0,-1.54079508566424,-0.6098,-0.9309950856642403,-0.7343293331781806,-0.8064657524860597,5.0<= M < 5.5,100<= R < 150,,0.0,0.3941612909085096,s4,0.001028620343527,0.0010469532599388,0.0010397309041794,0.0011117199215086,0.0012809704342507,0.001523463108053,0.0023789462640163,0.0021042048481141,0.0028606766534148,0.0028429061213047,0.0030084433149847,0.0023284611529051,0.0012691865932721,0.0005958945229357,0.0002112253863404,0.0001079395035677,5.405387054026504e-05,3.693700509683996e-05,2.635925484199796e-05,1.998856269113149e-05,2.842891131498471e-05,1.822293883792049e-05
2973,CO_20160807082010,119,6.92,-76.28,13.1,4.5,RNAC_322,SOL,235,6.2236,-77.4054,1,0.58,2.57307893177713,4,146.3761198,145.1084269,146.3763743,13.33333333333333,0.0,0,-2.39359508566424,-0.62,-1.77359508566424,-0.5427118060677161,-1.850883279596524,,100<= R < 150,,0.0,0.1697217265675881,s4,0.0001194425158002,0.0001252439775739,0.0001299368827726,0.0001299937655453,0.0001323699367991,0.0001316812212028,0.0001872955586136,0.0002115406717635,0.0002875679041794,0.0002920804118246,0.0003928980550458,0.000557207069317,0.0002184594638124,0.000129198609582,5.006794087665647e-05,3.879337920489296e-05,1.015802854230377e-05,7.332390417940877e-06,7.787925586136595e-06,8.59650866462793e-06,5.344937818552498e-06,3.997932721712538e-06
2974,CO_20160914064659,120,7.23,-76.31,15.1,4.7,RNAC_322,SOL,235,6.2236,-77.4054,1,0.58,2.57307893177713,4,164.0411212,162.7833843,164.0431931,10.0,0.0,0,-1.47119508566424,-0.2332,-1.23799508566424,-0.3494829484595947,-1.121712137204646,4.5<= M < 5.0,150<= R < 200,,0.0,0.2899649905112238,s4,0.0003166435412844,0.0003255866748216,0.0003234340876656,0.0003249336829765,0.0003242905412844,0.0003440156340468,0.0004239970825688,0.0004685824892966,0.0005968555474006,0.0008997327920489,0.0009279959643221,0.0013298455310907,0.000516255061162,0.0004075417339449,0.0001062736055045,6.423803465851171e-05,2.126312232415902e-05,1.765660856269113e-05,1.018808154943935e-05,8.724773700305812e-06,7.685903160040775e-06,5.143400611620795e-06
2985,CO_20170316153812,135,4.84,-72.64,15.4,4.8,RNAC_323,SPBC,251,5.6522,-74.0724,0,0.12,2.42343295672946,2,182.2203968,181.6912451,182.231256,16.0,0.0,0,1.542143792347542,0.3163,1.225843792347542,0.28052510160293,1.261618690744612,4.5<= M < 5.0,150<= R < 200,,0.0,3.407039704280654,s2,0.0042215491141692,0.0042960119255861,0.0044196570733944,0.0049440337787971,0.0074368156207951,0.0099660319826707,0.0092442575423037,0.0088343899235474,0.0104144381039755,0.0116175191335372,0.0066531279704383,0.0059515854444444,0.0026226669051987,0.0010166188960244,0.0003803533863404,0.0002006837074413,7.890835983690112e-05,4.030326911314985e-05,2.60021865443425e-05,1.789517635066259e-05,1.105298980632008e-05,6.313025484199797e-06
2996,CO_20170702192628,146,3.51,-74.16,17.0,4.7,RNAC_323,SPBC,251,5.6522,-74.0724,0,0.12,2.42343295672946,2,238.3936191,237.2263848,239.1419457,26.66666666666667,0.0,0,0.5369437923475423,0.6054,-0.06845620765245775,0.5935994841208301,-0.05665569177328778,4.5<= M < 5.0,200<= R < 250,,0.0,0.9338343540066738,s2,0.0007855968909276,0.0007935377054026,0.0008204913598369,0.0009430568053007,0.0015263174750254,0.0019895121875637,0.0020210324067278,0.0014647239989806,0.0013314548715596,0.0011500758909276,0.0016118610346585,0.0008427928226299,0.0004201695351681,0.0001700572884811,6.338092864424057e-05,3.735248216106014e-05,1.277288277268094e-05,6.561732925586136e-06,3.988921508664628e-06,3.596667686034659e-06,2.714829765545362e-06,2.361545361875637e-06
2998,CO_20170808204340,148,6.54,-72.09,49.0999999999999,4.8203,RNAC_323,SPBC,251,5.6522,-74.0724,0,0.12,2.42343295672946,2,240.0463564,243.0380948,245.4145293,20.0,0.0,0,-0.9119562076524577,-0.5738,-0.3381562076524577,-0.5027789500158876,-0.4091772576365701,4.5<= M < 5.0,200<= R < 250,,0.0,0.7130838900374414,s2,0.0002703205005096,0.0002793800091743,0.0003032822538226,0.0004239789898063,0.0009522597706422,0.0011394807838939,0.000663059108053,0.000538458501529,0.000469302953109,0.0003914568511722,0.0004333331916411,0.0002967752069317,0.0002131739021406,0.0001853826411824,7.581050662589195e-05,4.512769317023446e-05,2.207667686034659e-05,8.658269113149848e-06,5.919287461773701e-06,4.139737003058104e-06,3.258939857288481e-06,2.775048929663608e-06
3004,CO_20171111144520,158,2.73,-75.06,2.0,4.7,RNAC_323,SPBC,251,5.6522,-74.0724,0,0.12,2.42343295672946,2,343.1727744,342.1702805,343.194488,20.0,0.0,0,0.5415437923475422,0.4077,0.1338437923475423,0.434084525821564,0.1074592665259783,4.5<= M < 5.0,,,0.0,1.143214226885594,s2,0.000293359432212,0.000298549277268,0.0003099426615698,0.0003879160846075,0.0007857960448521,0.0009154215331294,0.0007711657787971,0.0008821600948012,0.0007065062293577,0.0006510762212028,0.0003784389673802,0.0002969534791029,0.0001837412568807,7.438500509683997e-05,2.992699796126402e-05,1.584851885830785e-05,6.967852191641183e-06,6.248383282364933e-06,5.792900101936799e-06,5.328322120285423e-06,5.527556574923548e-06,4.917012232415902e-06
3028,CO_20170316153812,135,4.84,-72.64,15.4,4.8,RNAC_324,TAM,236,6.4354,-71.7913,0,0.46,2.01231858625836,4,200.6664471,198.8708527,200.6731682,16.0,0.0,0,0.4138037070172823,0.3163,0.0975037070172823,0.28052510160293,0.1332786054143523,4.5<= M < 5.0,150<= R < 200,,0.0,1.102415528229167,s4,0.0013608657013251,0.001399589207951,0.0014028369816513,0.0017826983098878,0.0023262623272171,0.0037879050101936,0.0037283792293577,0.0024704960040774,0.0026641698369011,0.0022164347787971,0.0032273171987767,0.002156911462793,0.0010193712497451,0.000528811196738,0.0002556189153924,0.0001125076554536,5.57198501529052e-05,3.350255453618756e-05,1.990574006116208e-05,1.301038328236493e-05,7.334012232415901e-06,4.660897043832824e-06
3031,CO_20170808204340,148,6.54,-72.09,49.0999999999999,4.8203,RNAC_324,TAM,236,6.4354,-71.7913,0,0.46,2.01231858625836,4,34.95335461,59.36061159,61.58300994,20.0,0.0,0,-0.9582962929827177,-0.5738,-0.3844962929827177,-0.5027789500158876,-0.4555173429668301,4.5<= M < 5.0,50<= R < 100,,0.0,0.6807934703016797,s4,0.0037705905820591,0.003813528590214,0.003829864648318,0.0049672362293577,0.0070155140509683,0.0111102439959225,0.0075580990815494,0.0111775362589194,0.0095370437787971,0.0075551656534148,0.007285560980632,0.0050018016911314,0.0037742480784913,0.0028973976941896,0.0014968509908256,0.0007363068552497,0.0002693081325178,0.0001353528226299,0.000121603872579,9.645207135575944e-05,7.749012130479103e-05,2.68228256880734e-05
3037,CO_20171014083543,154,7.38,-72.07,27.0,4.7,RNAC_324,TAM,236,6.4354,-71.7913,0,0.46,2.01231858625836,4,109.3077842,107.810186,109.3147392,20.0,0.0,0,-0.0006962929827177208,-0.0337,0.03300370701728228,0.04774692898594023,-0.04844322196865795,4.5<= M < 5.0,100<= R < 150,,0.0,1.033554370638118,s4,0.0027261502996941,0.0028104246004077,0.0029710548491335,0.0040677043455657,0.0050659228012232,0.0065944726952089,0.0103083568807339,0.0075753007013251,0.0075654248929663,0.0066428786136595,0.0028096648807339,0.002180378490316,0.0008300048399592,0.0003650737166156,0.000168124914373,9.840611518858308e-05,5.019157084607544e-05,2.636982670744138e-05,1.430873496432212e-05,7.207814475025485e-06,4.864489296636086e-06,3.619538226299694e-06
3041,CO_20171118055454,159,8.34,-71.79,22.7999999999999,5.0427,RNAC_324,TAM,236,6.4354,-71.7913,0,0.46,2.01231858625836,4,211.0166311,210.0076722,212.4077503,16.0,0.0,0,0.6256037070172823,0.1494,0.4762037070172823,0.2190940695783601,0.4065096374389222,5.0<= M < 5.5,200<= R < 250,,0.0,1.609950940861135,s4,0.0022308770316004,0.0022500594108053,0.0022884765341488,0.0025978596371049,0.0032615977696228,0.0058081830458715,0.006259055991845,0.0065610188776758,0.0050779604403669,0.0046360506299694,0.0033959933476044,0.0034957212048929,0.0016722850591233,0.0016561222171253,0.0009187409694189,0.0005561668827726,0.0002024253853211,0.0001022373761467,6.147442711518858e-05,3.912996738022426e-05,2.292931090723751e-05,1.363487767584098e-05
3071,CO_20160411092927,117,7.03,-76.61,22.8,5.2631,RNAC_328,URE,239,7.7517,-75.5326,0,0.25,7.64397119427602,3,142.5351856,142.0726394,144.6732209,20.0,0.0,0,-1.100577869752353,-0.6098,-0.4907778697523533,-0.7343293331781806,-0.3662485365741726,5.0<= M < 5.5,100<= R < 150,,0.0,0.6121500359392414,s3,0.0027688016248725,0.0027820668501529,0.0028094160519877,0.0028942614740061,0.0031502451355759,0.0039880108511722,0.00590511808053,0.0083194050530071,0.0152268331600407,0.0100399462181447,0.0034775271539245,0.0017699087308868,0.0006244140020387,0.0004126222517838,0.0003016486085626,0.0001813790479102,6.877387155963302e-05,4.491803058103976e-05,2.958517940876657e-05,1.997747400611621e-05,1.235208154943935e-05,6.979462793068298e-06
3072,CO_20160914064659,120,7.23,-76.31,15.1,4.7,RNAC_328,URE,239,7.7517,-75.5326,0,0.25,7.64397119427602,3,104.1812909,102.7405294,104.1859896,16.0,0.0,0,0.2061221302476467,-0.2332,0.4393221302476467,-0.3494829484595947,0.5556050787072414,4.5<= M < 5.0,100<= R < 150,,0.0,1.551655041913282,s3,0.0083887363924566,0.0084348776534148,0.0085044577135575,0.0087933957655453,0.0097326830234454,0.0108583701427115,0.0137101124057084,0.0198604394699286,0.043835884933741,0.0329380333843017,0.0112992276758409,0.0050886663955147,0.0017911648572884,0.001020747961264,0.0003950120407747,0.0002156305667686,8.598424260958206e-05,4.892120897043833e-05,3.231085932721713e-05,2.08796004077472e-05,1.440395412844037e-05,8.820969418960245e-06
3100,CO_20170212093228,133,12.29,-72.99,7.4,5.26,RNAC_329,URI,240,11.7017,-71.9925,0,0.06,1.84743639882318,1,124.6479542,124.0026702,124.9122398,20.0,0.0,0,0.3211493848498326,-0.0121,0.3332493848498326,0.03032311204194176,0.2908262728078909,5.0<= M < 5.5,100<= R < 150,,0.0,1.395495270456994,s1,0.0030894897482161,0.0031972748369011,0.0033499423792048,0.0070478288735983,0.0055181970560652,0.007574838412844,0.0066629557798165,0.0071879372823649,0.0074762845270132,0.0079089604678899,0.006665233883792,0.0072888474475025,0.0026450669775739,0.0011778427614678,0.0004057831223241,0.000195537324159,7.858138226299693e-05,4.299560448521916e-05,2.467989194699286e-05,1.596948929663609e-05,1.052394597349643e-05,6.243758409785933e-06
3125,CO_20170212093228,133,12.29,-72.99,7.4,5.26,RNAC_331,VALLC,241,10.5086,-73.2581,0,0.02,1.99435931977842,2,199.4185329,196.3481104,199.5941203,16.0,0.0,0,-0.01210562780973432,-0.0121,-5.627809734315425e-06,0.03032311204194176,-0.04242873985167608,5.0<= M < 5.5,150<= R < 200,,0.0,0.9999943722061018,s2,0.0012480523139653,0.0012540758899082,0.0013029700733944,0.0023140317420998,0.0027656252538226,0.002351192432212,0.0032121911518858,0.0026006343516819,0.0024118513068297,0.0014278954780835,0.0021920929949031,0.0019211801865443,0.0007345944209989,0.0007222938807339,0.0003683538226299,0.0003806133608562,0.0001495411060142,7.632075127420998e-05,3.395296636085627e-05,2.095994087665648e-05,1.174189092762487e-05,6.377891946992865e-06
3153,CO_20161031002012,122,3.45,-74.5,33.0,5.5725,RNAC_332,VIL,242,4.1111,-73.6934,0,1.0,6.1960647683681,5,116.4034839,116.5240674,121.9799283,16.0,0.0,0,0.7362731171748884,0.2249,0.5113731171748884,0.2105651267348564,0.525707990440032,5.5<= M < 6.0,100<= R < 150,,0.0,1.667579405517949,s5,0.0283404391946992,0.0285018657594291,0.0286904297553516,0.0294138551987767,0.0323075264729867,0.0356741824974515,0.0453494653109072,0.0795599973496432,0.0804830045259938,0.0532548612028542,0.054004845382263,0.0852748941794087,0.0457330449541284,0.0408157232823649,0.0089058042395514,0.003159966196738,0.0011748332884811,0.0006128636371049,0.000378939246687,0.0002754702874617,0.0001777052599388,9.45407747196738e-05
3154,CO_20161031020558,123,3.4,-74.5,36.2,5.0451,RNAC_332,VIL,242,4.1111,-73.6934,0,1.0,6.1960647683681,5,119.7279727,122.7420834,125.8605831,26.66666666666667,0.0,0,0.09507311717488845,0.0653,0.02977311717488846,0.06349822280238836,0.03157489437250009,5.0<= M < 5.5,100<= R < 150,,0.0,1.030220768037443,s5,0.0074250840193679,0.00747574053211,0.0075769778124362,0.0081151169633027,0.009108259335372,0.0124055618756371,0.012818396207951,0.020028103149847,0.0159343578899082,0.0126096102956167,0.0140218221304791,0.0205070565239551,0.0126398639245667,0.0160374287665647,0.004298816648318,0.0013459679571865,0.0004756052028542,0.0002524521039755,0.0001360973384301,9.291895412844037e-05,6.094242303771662e-05,3.471811926605504e-05
3160,CO_20170316153812,135,4.84,-72.64,15.4,4.8,RNAC_332,VIL,242,4.1111,-73.6934,0,1.0,6.1960647683681,5,142.0618328,139.8969898,142.0807165,16.0,0.0,0,0.3339731171748885,0.3163,0.01767311717488846,0.28052510160293,0.0534480155719585,4.5<= M < 5.0,100<= R < 150,,0.0,1.01783021079029,s5,0.0046559244148827,0.0046946727889908,0.0047572067543323,0.0053531187329255,0.0073811141090723,0.012195360795107,0.0142915742303771,0.0186101930275229,0.0099990901804281,0.00544303772579,0.0068490647206931,0.0052972830846075,0.0043946624566768,0.0047979998613659,0.0008202181294597,0.0003629315647298,0.0001371711763506,7.281862793068298e-05,4.900070948012233e-05,3.116819164118247e-05,1.88030866462793e-05,1.057740672782874e-05
3168,CO_20170702192628,146,3.51,-74.16,17.0,4.7,RNAC_332,VIL,242,4.1111,-73.6934,0,1.0,6.1960647683681,5,84.54871672,84.8695399,86.70817748,20.0,0.0,0,-0.09762688282511145,0.6054,-0.7030268828251115,0.5935994841208301,-0.6912263669459415,4.5<= M < 5.0,50<= R < 100,,0.0,0.4950844708328017,s5,0.006443936099898,0.0064857596513761,0.0066146609235474,0.0069264547441386,0.0107552211722731,0.0162317545871559,0.0219502434352701,0.0154373765239551,0.0165606482262996,0.0177319601325178,0.0145270532619775,0.012689621559633,0.0062857060825688,0.0039842012895005,0.0011416827471967,0.0004574027186544,0.0001806906269113,0.0001004411814475,6.114299082568808e-05,4.062620285423038e-05,2.674724260958206e-05,1.604472680937819e-05
3169,CO_20170808204340,148,6.54,-72.09,49.0999999999999,4.8203,RNAC_332,VIL,242,4.1111,-73.6934,0,1.0,6.1960647683681,5,322.67515,324.7122097,326.7396267,26.66666666666667,0.0,0,-0.6089268828251115,-0.5738,-0.03512688282511155,-0.5027789500158876,-0.106147932809224,4.5<= M < 5.0,,,0.0,0.9654829052868421,s5,0.0004219371151885,0.0005468870662589,0.0007077447930682,0.0005979166360856,0.0004616123639143,0.0005020595800203,0.0006083655963302,0.0007553314271151,0.0007038119092762,0.0008380622028542,0.0011015787135575,0.0011665978766564,0.0011459326656472,0.0010656762028542,0.00035000145158,0.0001467087420998,5.582656472986748e-05,2.646709582059124e-05,1.68427380224261e-05,1.26305249745158e-05,8.120999999999999e-06,5.610032619775739e-06
3177,CO_20171111144520,158,2.73,-75.06,2.0,4.7,RNAC_332,VIL,242,4.1111,-73.6934,0,1.0,6.1960647683681,5,216.1614601,215.8149042,216.2020168,26.66666666666667,0.0,0,1.111373117174888,0.4077,0.7036731171748885,0.434084525821564,0.6772885913533244,4.5<= M < 5.0,200<= R < 250,,0.0,2.021163058338214,s5,0.0034037463567787,0.0034217532089704,0.0034418528939857,0.0035642695076452,0.0036975760448521,0.0049264932650356,0.0049386634831804,0.0076658498032619,0.0074774335524974,0.0059190146819571,0.0070943201610601,0.0078250435667686,0.0082121261845056,0.003693794216106,0.0011792857849133,0.0005248666391437,0.0001830011997961,0.0001008041223241,6.25475871559633e-05,4.189808053007135e-05,2.600640774719674e-05,1.42220122324159e-05
3187,CO_20160411092927,117,7.03,-76.61,22.8,5.2631,RNAC_333,YOT,243,3.9834,-76.3451,1,0.1,1.74629315889836,2,339.6556169,336.9401938,340.6200653,20.0,0.0,0,-0.3365339800031518,-0.6098,0.2732660199968482,-0.7343293331781806,0.3977953531750288,5.0<= M < 5.5,,,0.0,1.314249815058001,s2,0.000313947559633,0.0003277212517838,0.0003400782976554,0.0004319787798165,0.0008448377359836,0.0016097224638124,0.0007039668053007,0.0005165261702344,0.0003876301039755,0.000227870775739,0.0002708759765545,9.841883690112133e-05,7.298363200815495e-05,4.637812436289501e-05,3.1171249745158e-05,2.637429153924567e-05,1.163544648318043e-05,1.046199898063201e-05,4.714290519877676e-06,4.295363914373089e-06,3.792602446483181e-06,2.678711518858308e-06
3191,CO_20161031002012,122,3.45,-74.5,33.0,5.5725,RNAC_333,YOT,243,3.9834,-76.3451,1,0.1,1.74629315889836,2,211.3304675,212.1201989,214.4438901,11.42857142857143,0.0,0,-0.6648339800031519,0.2249,-0.8897339800031518,0.2105651267348564,-0.8753991067380082,5.5<= M < 6.0,200<= R < 250,,0.0,0.4107650099260505,s2,0.0010170394862385,0.0010630086258919,0.001155165030581,0.0018682212762487,0.0028729148165137,0.0041751311722731,0.0024053966605504,0.0022651265372069,0.0015986362609582,0.00118189417737,0.0006771612874617,0.0006515791722731,0.0004464421906218,0.0002384799480122,0.0001359781029561,0.0001187584994903,6.434276656472987e-05,3.549324872579001e-05,2.371655861365953e-05,1.466700305810398e-05,1.046867380224261e-05,9.221777777777778e-06
3192,CO_20161031020558,123,3.4,-74.5,36.2,5.0451,RNAC_333,YOT,243,3.9834,-76.3451,1,0.1,1.74629315889836,2,214.0441376,216.5448648,217.5247938,13.33333333333333,0.0,0,-0.7336339800031518,0.0653,-0.7989339800031519,0.06349822280238836,-0.7971322028055402,5.0<= M < 5.5,200<= R < 250,,0.0,0.4498082131772895,s2,0.0004532756034658,0.000466494030581,0.0004948044668705,0.0008136761681957,0.0014309709072375,0.0016984471223241,0.0009355782201834,0.0006557448939857,0.0003639836126401,0.0003263989255861,0.0002553020061162,0.0002605573292558,0.0002329447584097,0.0002431387889908,0.0001512076258919,5.581076554536187e-05,3.416913557594292e-05,1.72575372069317e-05,1.168471865443425e-05,8.119443425076452e-06,6.941204892966361e-06,6.562405708460755e-06
3200,CO_20170206130245,132,3.45,-74.67,38.0,5.4809,RNAC_333,YOT,243,3.9834,-76.3451,1,0.1,1.74629315889836,2,193.2267789,194.9387768,197.5109251,26.66666666666667,0.0,0,-0.5796339800031518,0.2141,-0.7937339800031519,0.1866536457109755,-0.7662876257141272,5.0<= M < 5.5,150<= R < 200,,0.0,0.4521533078476768,s2,0.0011904932813455,0.0012148044026503,0.001329696512742,0.0020461901610601,0.0033298915239551,0.0047660258623853,0.0025543629857288,0.0017277740132517,0.0013289258797145,0.001450678895005,0.0012045710040774,0.0008081015412844,0.0010018784342507,0.0008799350509683,0.0003956620927624,0.0001884467217125,0.0001263567961264,5.564766055045872e-05,3.292400305810397e-05,2.068063506625892e-05,1.250594903160041e-05,7.184122324159021e-06
3205,CO_20170429100634,143,3.816,-75.928,58.7,4.76,RNAC_333,YOT,243,3.9834,-76.3451,0,0.1,1.74629315889836,2,49.82181823,76.61618591,78.44507777,16.0,0.0,0,1.302766019996848,-0.5532,1.855966019996848,-0.5440062921248152,1.846772312121663,4.5<= M < 5.0,50<= R < 100,,0.0,6.397875742254643,s2,0.0185136587767584,0.0199569617838939,0.0230586164525993,0.0342501795107033,0.0635086998878695,0.0888823570948012,0.0312327321100917,0.0223895380122324,0.0172259049541284,0.0109174811009174,0.0042690288613659,0.0026426112507645,0.001118015099898,0.0007582798797145,0.0002760730152905,0.0001403535688073,5.053212945973497e-05,2.649607747196738e-05,1.634444648318043e-05,1.132896024464832e-05,7.25398878695209e-06,4.042930682976554e-06
3207,CO_20170702192628,146,3.51,-74.16,17.0,4.7,RNAC_333,YOT,243,3.9834,-76.3451,1,0.1,1.74629315889836,2,248.0811798,248.2492071,248.821493,20.0,0.0,0,-0.1427339800031519,0.6054,-0.7481339800031519,0.5935994841208301,-0.7363334641239819,4.5<= M < 5.0,200<= R < 250,,0.0,0.4732488210834493,s2,0.0003224674525993,0.0003242989633027,0.0003276550968399,0.0003749544485219,0.0005884820458715,0.0009857588134556,0.0010141530356778,0.0008933579979612,0.0006296443211009,0.0007982410152905,0.0004847854108053,0.0004160361906218,0.0001520066952089,9.726847808358816e-05,5.919859021406728e-05,4.35384250764526e-05,1.465669724770642e-05,5.417249745158002e-06,3.097318042813456e-06,2.460844036697248e-06,2.00679001019368e-06,1.781735983690112e-06
3216,CO_20171111144520,158,2.73,-75.06,2.0,4.7,RNAC_333,YOT,243,3.9834,-76.3451,1,0.1,1.74629315889836,2,199.4395378,197.8321215,199.4824301,20.0,0.0,0,-0.08793398000315183,0.4077,-0.4956339800031518,0.434084525821564,-0.5220185058247158,4.5<= M < 5.0,150<= R < 200,,0.0,0.6091845740073101,s2,0.0004885891172273,0.0005118702344546,0.0005061167818552,0.0006793403486238,0.0010047810744138,0.0012911848501529,0.0016204644862385,0.0014760844576962,0.0009260592538226,0.0008871248603465,0.0005168633965341,0.0003794279938837,0.0003276446330275,0.0001929111794087,0.0001042851202854,5.243288277268094e-05,2.847866360856269e-05,1.260358103975535e-05,7.238335372069317e-06,5.062010193679918e-06,3.18244750254842e-06,2.540272171253823e-06
3224,CO_20170702192628,146,3.51,-74.16,17.0,4.7,RNAC_334,YPLC,252,5.3969,-72.3802,0,0.5,2.82795864194599,4,288.0152059,286.6916999,288.6292253,40.0,0.0,0,0.779593882584823,0.6054,0.1741938825848229,0.5935994841208301,0.1859943984639929,4.5<= M < 5.0,250<= R < 300,,0.0,1.190286319238359,s4,0.0009784773088685,0.0009803758002038,0.0009924638654434,0.0010317533516819,0.0010911902059123,0.001303711266055,0.0018212202721712,0.0031506801253822,0.0025154494607543,0.0031582097359836,0.0030934003985728,0.0024137929877675,0.0016985691569826,0.0005974689908256,0.0001953670825688,0.0001019452905198,3.73299367991845e-05,2.275260346585117e-05,1.260745463812436e-05,8.509111111111112e-06,4.530352701325178e-06,3.02196126401631e-06
3226,CO_20170808204340,148,6.54,-72.09,49.0999999999999,4.8203,RNAC_334,YPLC,252,5.3969,-72.3802,0,0.5,2.82795864194599,4,130.5521223,139.6103398,140.146422,20.0,0.0,0,-0.850606117415177,-0.5738,-0.276806117415177,-0.5027789500158876,-0.3478271673992894,4.5<= M < 5.0,100<= R < 150,,0.0,0.7582014849245731,s4,0.0012927774852191,0.0013023003027522,0.001321385922528,0.0014908983068297,0.0015902228399592,0.0020377450203873,0.0022731011732925,0.0028464607543323,0.0037668370591233,0.0033909038980632,0.0035898954811416,0.0040130817390417,0.0022309871549439,0.0009914238042813,0.0005059323577981,0.0002063551457696,0.0001043674373088,4.692209276248726e-05,3.078538124362895e-05,3.401575331294597e-05,1.9541250764526e-05,9.93165749235474e-06
3232,CO_20171014083543,154,7.38,-72.07,27.0,4.7,RNAC_334,YPLC,252,5.3969,-72.3802,0,0.5,2.82795864194599,4,222.7087986,221.1830131,222.7138036,26.66666666666667,0.0,0,-0.02080611741517707,-0.0337,0.01289388258482294,0.04774692898594023,-0.06855304640111728,4.5<= M < 5.0,200<= R < 250,,0.0,1.012977367116255,s4,0.0008542852579001,0.0008580619571865,0.0008629315616717,0.0008871299357798,0.0009080249235474,0.0010650219480122,0.0014251688318042,0.0021635226819571,0.0030622319001019,0.0032864522140672,0.0020703656391437,0.0018479604179408,0.0011769648654434,0.0005178036952089,0.0002172758246687,0.0001029555361875,3.607964016309888e-05,1.752513149847095e-05,1.178158307849134e-05,8.048724770642202e-06,4.616808358817533e-06,2.612708460754332e-06
3236,CO_20171118055454,159,8.34,-71.79,22.7999999999999,5.0427,RNAC_334,YPLC,252,5.3969,-72.3802,0,0.5,2.82795864194599,4,333.1277345,331.1722062,334.0296533,40.0,0.0,0,-0.4840061174151771,0.1494,-0.633406117415177,0.2190940695783601,-0.7031001869935372,5.0<= M < 5.5,,,0.0,0.5307808167616599,s4,0.000340771737003,0.0003439056432212,0.0003464331345565,0.0003455523679918,0.0003791106574923,0.0004309187492354,0.0006296482375127,0.0008214777584097,0.0008574720744138,0.0009232466615698,0.0010266105035677,0.0010615751325178,0.0008964882548419,0.0003904757145769,0.0002474964444444,0.0001719283822629,0.0001083631641182,2.880038226299694e-05,1.765176758409786e-05,1.125301427115189e-05,6.535098878695209e-06,3.82148114169215e-06
3449,CO_20180719053934,179,3.43,-74.6,47.8,4.8688,RNAC_4,ARMEC,24,4.5561,-75.6604,1,0.5,5.46994864512126,4,172.406211,177.026398,179.6498062,8.88888888888889,0.0,0,0.9539071801082044,0.0868,0.8671071801082044,0.1316574873149184,0.8222496927932861,4.5<= M < 5.0,150<= R < 200,,0.0,2.380015928024373,s4,0.0083107835616717,0.0083951427482161,0.0085092095188583,0.0093281136952089,0.0111860288481141,0.0178765338939857,0.0241169017329255,0.0371009315290519,0.0151208450662589,0.0154733823955147,0.0171770268501529,0.0216436403567787,0.0044112217828746,0.001593050138634,0.0006906567023445,0.0003740958470948,0.0001152749500509,6.163446483180429e-05,3.788144648318043e-05,2.650549337410805e-05,1.701669317023445e-05,
3481,CO_20181213092820,211,4.89,-73.28,7.5,4.5,RNAC_4,ARMEC,24,4.5561,-75.6604,1,0.5,5.46994864512126,4,266.8167145,266.2347617,266.8269468,20.0,32.08790392127348,1,-0.7084928198917957,-0.4036,-0.3048928198917956,-0.2892772565418929,-0.4192155633499028,,250<= R < 300,25.0,12.0261970774224,0.7372023835886865,s4,0.0002391447186544,0.0002421344413863,0.000243070991845,0.0002604053098878,0.000281466393476,0.0004381739378185,0.0004884121121304,0.0005870511661569,0.000489993,0.0005703439571865,0.0010055504373088,0.0010921008817533,0.0002281751845056,0.0001362746534148,9.49392629969419e-05,6.167294087665647e-05,1.358904383282365e-05,7.024724770642201e-06,4.20416004077472e-06,2.756034658511723e-06,2.059569826707441e-06,1.300768603465851e-06
3484,CO_20190126123226,215,3.03,-75.72,10.0,5.6148,RNAC_4,ARMEC,24,4.5561,-75.6604,1,0.5,5.46994864512126,4,169.7359399,167.3816403,170.3773155,5.333333333333333,0.0,0,0.2927071801082044,0.0052,0.2875071801082044,0.0717015906062698,0.2210055895019346,5.5<= M < 6.0,150<= R < 200,,0.0,1.333100163932264,s4,0.0092683455188583,0.0094367551243628,0.0096993449541284,0.0104327196839959,0.0136499408664627,0.0304484763914373,0.0224225025688073,0.0361220404383282,0.0177248628950051,0.0193398450560652,0.022752301304791,0.0294001593374108,0.0058076673516819,0.0034399267522935,0.0023231767512742,0.0011902217400611,0.0005208601264016,0.0002960831151885,0.0001659990835881,,,
3485,CO_20190128210709,216,3.08,-75.65,13.1,5.4808,RNAC_4,ARMEC,24,4.5561,-75.6604,1,0.5,5.46994864512126,4,164.3190133,162.0772282,165.2378732,8.0,0.0,0,0.2517071801082045,-0.1838,0.4355071801082044,-0.0999893309835159,0.3516965110917204,5.0<= M < 5.5,150<= R < 200,,0.0,1.545746832223055,s4,0.0080957092558613,0.0081888584016309,0.0084463013873598,0.0089640900020387,0.0114199499286442,0.0243604783384301,0.0206655194189602,0.019024973598369,0.0122206263098878,0.014190864648318,0.01646044,0.020534710540265,0.0067999253465851,0.0041428576911314,0.0029164775932721,0.0013664540907237,0.0004241068307849,0.0001883571437308,0.0001201738267074,8.318221508664628e-05,5.610808970438328e-05,
3560,CO_20181213092820,211,4.89,-73.28,7.5,4.5,RNAC_5,BAR2,30,6.5918,-73.1838,0,0.44,4.0430049717822,4,189.5068665,187.8038992,189.5241806,16.0,0.0,0,0.2719421716959814,-0.4036,0.6755421716959814,-0.2892772565418929,0.5612194282378743,,150<= R < 200,,0.0,1.96509810777546,s4,0.0013332330397553,0.001343556737003,0.0013625700958205,0.001469255775739,0.0015975331447502,0.0022145257849133,0.0028310931243628,0.0031471874393476,0.0031310086106014,0.0031680614159021,0.0043117736962283,0.0024133755137614,0.002331686490316,0.000704472678899,0.0002529244016309,0.0001797445229357,5.416100305810397e-05,2.392052599388379e-05,1.504342813455658e-05,1.049204077471967e-05,7.285936799184505e-06,3.707901121304791e-06
3599,CO_20191224190352,250,3.49,-74.0,10.0,5.9519,RNAC_5,BAR2,30,6.5918,-73.1838,0,0.44,4.0430049717822,4,356.130647,349.3685503,356.4963465,10.0,0.0,0,-0.2588578283040187,0.5689,-0.8277578283040187,0.6123475250898605,-0.8712053533938792,5.5<= M < 6.0,,,0.0,0.4370280805917225,s4,0.0016941456136595,0.0017003496452599,0.0017083857818552,0.0018233368022426,0.001902662266055,0.0024556644036697,0.0031458264760448,0.0042683019113149,0.0050295622996941,0.0047742847696228,0.0053550602833843,0.0047547556952089,0.0024491847278287,0.0026931955005096,0.0018376487145769,0.0011334591314984,0.0003822834954128,0.0003257229836901,0.0001399371049949,0.0001006774332313,5.677874413863405e-05,3.242860244648318e-05
3630,CO_20180719053934,179,3.43,-74.6,47.8,4.8688,RNAC_6,BET,31,2.7225,-75.4179,0,0.44,1.56993292190735,4,120.5999684,127.6760724,130.3625967,20.0,0.0,0,-0.1675624231960829,0.0868,-0.2543624231960829,0.1316574873149184,-0.2992199105110013,4.5<= M < 5.0,100<= R < 150,,0.0,0.7754107242820305,s4,0.0021153200846075,0.0021603590856269,0.0022387777471967,0.0026953010050968,0.0051903311416921,0.0045023307859327,0.005125739814475,0.008072679304791,0.0038425795158002,0.002871542482161,0.0046570536106014,0.003435517579001,0.0013820807288481,0.001362193914373,0.000544924795107,0.0003210458583078,0.0002034523119266,9.97751488277268e-05,5.409025280326198e-05,2.768509785932722e-05,1.357389704383282e-05,7.335332313965341e-06
3666,CO_20190126123226,215,3.03,-75.72,10.0,5.6148,RNAC_6,BET,31,2.7225,-75.4179,0,0.44,1.56993292190735,4,47.91203033,44.56444229,49.85114151,8.0,0.0,0,-0.7123624231960829,0.0052,-0.7175624231960829,0.0717015906062698,-0.7840640138023527,5.5<= M < 6.0,0<= R < 50,,0.0,0.4879401992316276,s4,0.0095836527441386,0.0097769208695208,0.0104393479510703,0.0127207010907237,0.0182823601223241,0.0170773570030581,0.0200367681345565,0.0153341807033639,0.0167360119673802,0.0167433063098878,0.0213035343221202,0.0151082581753312,0.014744714138634,0.0120123211518858,0.0072219314882772,0.0055157625290519,0.0024032145637104,0.0010868346819571,0.0007485010937818,0.0005653303527013,0.0003055035535168,
3667,CO_20190128210709,216,3.08,-75.65,13.1,5.4808,RNAC_6,BET,31,2.7225,-75.4179,0,0.44,1.56993292190735,4,47.31144743,45.53748561,50.07348215,10.0,0.0,0,-0.829762423196083,-0.1838,-0.645962423196083,-0.0999893309835159,-0.729773092212567,5.0<= M < 5.5,0<= R < 50,,0.0,0.524157837614566,s4,0.0074919477971457,0.0076785373720693,0.0080908454862385,0.010467720285423,0.0134773178389398,0.0128079641896024,0.0157671576044852,0.016332869745158,0.0165902821100917,0.0135499721100917,0.0078096897879714,0.0135797399694189,0.009540958227319,0.005593811412844,0.0028743549979612,0.0026266256625891,0.0013144873231396,0.0006149993598369,0.0004489960479102,0.0003133528369011,0.0001963322242609,9.001249847094802e-05
3701,CO_20191224190352,250,3.49,-74.0,10.0,5.9519,RNAC_6,BET,31,2.7225,-75.4179,0,0.44,1.56993292190735,4,178.0573955,172.1673816,178.6811771,16.0,0.0,0,0.07193757680391705,0.5689,-0.4969624231960829,0.6123475250898605,-0.5404099482859435,5.5<= M < 6.0,150<= R < 200,,0.0,0.6083758442014688,s4,0.0047304268603465,0.0047960792405708,0.005081134617737,0.0065251168409785,0.0111141067074413,0.008926366737003,0.0097928557624872,0.0084733652640163,0.0122470461671763,0.011682248470948,0.0106637255963302,0.0098709465005096,0.0056491186880733,0.008895214706422,0.0042106791335372,0.0038038390438328,0.0015493938501529,0.0012534410764525,0.0006287306075433,0.0004765821111111,0.0003383756106014,0.0002787473710499
3702,CO_20191224191904,251,3.48,-74.12,10.0,5.7499,RNAC_6,BET,31,2.7225,-75.4179,0,0.44,1.56993292190735,4,166.0912903,162.2320481,166.6892689,11.42857142857143,0.0,0,0.02263757680391709,0.4666,-0.4439624231960829,0.4667847875209912,-0.4441472107170741,5.5<= M < 6.0,150<= R < 200,,0.0,0.6414895255005433,s4,0.0038084225586136,0.0038714939469928,0.0040215185178389,0.0051964053965341,0.0072206083975535,0.0074458214220183,0.0077780284495412,0.0073631817084607,0.0084739721824668,0.0083941256931702,0.0127052859734964,0.0069557279408766,0.0049719547706422,0.0071831659928644,0.0042916806014271,0.002477225343527,0.0009325124230377,0.0005835919633027,0.00034691062895,0.0001889111304791,0.0001435298929663,8.780911518858309e-05
3705,CO_20191225021122,254,3.43,-74.16,10.0,4.7,RNAC_6,BET,31,2.7225,-75.4179,0,0.44,1.56993292190735,4,160.6230362,160.2194702,161.0434459,13.33333333333333,0.0,0,-0.7490624231960831,0.2955,-1.044562423196083,0.3075230193465084,-1.056585442542592,4.5<= M < 5.0,150<= R < 200,,0.0,0.3518457452350903,s4,0.0004606638501529,0.0004716475657492,0.0004898022028542,0.0006966146024464,0.001260449551478,0.0010563439204892,0.001139836011213,0.0010103827247706,0.0012088415219164,0.0006586610621814,0.0012849217278287,0.0010978823751274,0.0004474594536187,0.0004655537635066,0.0002360786381243,0.0002047265840978,5.77671875637105e-05,4.023490723751274e-05,4.507788073394496e-05,2.845244648318043e-05,1.365447604485219e-05,6.374700305810398e-06
3707,CO_20191226034829,256,3.43,-74.17,19.0,4.6,RNAC_6,BET,31,2.7225,-75.4179,0,0.44,1.56993292190735,4,159.4776184,158.9734302,160.7859219,16.0,0.0,0,-0.797562423196083,0.287,-1.084562423196083,0.3195715874731849,-1.117134010669268,4.5<= M < 5.0,150<= R < 200,,0.0,0.3380496762325537,s4,0.0004216867777777,0.0004314958623853,0.0004510636850152,0.0006040264974515,0.0009847155942915,0.0008637685056065,0.001132752640163,0.0009650500754332,0.0008608457471967,0.0006948475932721,0.0007989050642201,0.0008120167614678,0.0004052963914373,0.0003851503873598,0.0001758329235474,0.0001374547227319,3.855457084607543e-05,2.642597043832824e-05,2.689098470948012e-05,1.525532415902141e-05,7.740963302752294e-06,4.330601427115189e-06
3730,CO_20180719053934,179,3.43,-74.6,47.8,4.8688,RNAC_7,BOG,32,4.641,-74.08,0,1.3,3.00465025008449,5,146.3476823,152.5189078,155.1530601,7.272727272727272,0.0,0,0.121052040372163,0.0868,0.03425204037216303,0.1316574873149184,-0.01060544694275535,4.5<= M < 5.0,150<= R < 200,,0.0,1.03484539668085,s5,0.0029502846299694,0.0029700805423037,0.0030084929153924,0.0030898956758409,0.0030825633863404,0.003231664296636,0.0033933421274209,0.0046480706432212,0.0059834976921508,0.0062191818470948,0.011432358980632,0.0078176687268093,0.0072306273761467,0.0057278414668705,0.0043088530265035,0.0028733071916411,0.0011991618766564,0.0003389948205912,0.0001810304271151,0.0001151409592252,,
3762,CO_20181213092820,211,4.89,-73.28,7.5,4.5,RNAC_7,BOG,32,4.641,-74.08,0,1.3,3.00465025008449,5,93.28378024,92.55506375,93.3443719,8.0,0.0,0,-1.709847959627837,-0.4036,-1.306247959627837,-0.2892772565418929,-1.420570703085944,,50<= R < 100,,0.0,0.2708343337443627,s5,0.000526399991845,0.0013856208358817,0.0010171911977573,0.0008359590061162,0.0015663756207951,0.0011707456901121,0.0006954582548419,0.000967239745158,0.0010364739898063,0.0013220078348623,0.0013672265667686,0.0007415054148827,0.0004565263924566,0.0005609352405708,0.0004455885188583,0.0004709698491335,0.0002224814607543,8.406304892966361e-05,4.746395107033639e-05,2.900028848114169e-05,1.818682976554536e-05,
3766,CO_20190126123226,215,3.03,-75.72,10.0,5.6148,RNAC_7,BOG,32,4.641,-74.08,0,1.3,3.00465025008449,5,255.2181388,255.1606435,255.7064696,5.714285714285714,0.0,0,0.9068520403721629,0.0052,0.901652040372163,0.0717015906062698,0.8351504497658931,5.5<= M < 6.0,250<= R < 300,,0.0,2.463669833065545,s5,0.0048706560632008,0.0049122697696228,0.0049079929001019,0.0050137679378185,0.0050758772242609,0.0049671957971457,0.0052386174260958,0.0058587073995922,0.0061578360764525,0.0063974744668705,0.008654027980632,0.0099858522171253,0.0123205618960244,0.0173040400713557,0.0112172494087665,0.0113900627420998,0.0032565682925586,0.0011482186921508,0.0005765226513761,,,
3767,CO_20190128210709,216,3.08,-75.65,13.1,5.4808,RNAC_7,BOG,32,4.641,-74.08,0,1.3,3.00465025008449,5,246.1359767,245.9254172,246.8248295,11.42857142857143,0.0,0,0.661352040372163,-0.1838,0.845152040372163,-0.0999893309835159,0.7613413713556789,5.0<= M < 5.5,200<= R < 250,,0.0,2.328331788092,s5,0.0034802561090723,0.0035940423924566,0.0035161913893985,0.0035856545484199,0.0036043013200815,0.0035903061936799,0.0037777330275229,0.0042015132640163,0.0046877287339449,0.0055532427308868,0.0064485597043832,0.0055095999520897,0.0090878472864424,0.0093230156238532,0.0080550410458715,0.0090111904393476,0.0021101276656472,0.0007656374566768,0.0004345480662589,0.0002608370621814,0.0001562015188583,9.713859531090724e-05
3801,CO_20191224190352,250,3.49,-74.0,10.0,5.9519,RNAC_7,BOG,32,4.641,-74.08,0,1.3,3.00465025008449,5,127.3224183,122.4631134,128.4449639,7.272727272727272,0.0,0,-0.144547959627837,0.5689,-0.7134479596278369,0.6123475250898605,-0.7568954847176974,5.5<= M < 6.0,100<= R < 150,,0.0,0.4899519471986673,s5,0.0092068139510703,0.0092847097645259,0.0093791341355759,0.0098899924852191,0.0100757675963302,0.0105693895922528,0.0113404266666666,0.0152866630275229,0.015629657227319,0.0144747781651376,0.0294855255045871,0.0175514225484199,0.0235012095412844,0.0205329747604485,0.0226693283486238,0.0101892610662589,0.0041085548165137,0.0012485478277268,0.0006541811834862,0.0004639354077471,,
3802,CO_20191224191904,251,3.48,-74.12,10.0,5.7499,RNAC_7,BOG,32,4.641,-74.08,0,1.3,3.00465025008449,5,128.8618953,124.5645781,129.867935,6.153846153846153,0.0,0,-0.1963479596278369,0.4666,-0.6629479596278369,0.4667847875209912,-0.6631327471488281,5.5<= M < 6.0,100<= R < 150,,0.0,0.5153299212582345,s5,0.0066571239398572,0.0067070344913353,0.006717302404689,0.0069216717166156,0.0069953681090723,0.0070699708165137,0.007888536196738,0.008783144374108,0.0091241464841997,0.0097080550917431,0.0182408752701325,0.013692189745158,0.0207387791029561,0.01838923362895,0.0156813399592252,0.0145183470336391,0.0055305916340468,0.0016699135626911,0.0008449010489296,0.0005537234862385,,
3805,CO_20191225021122,254,3.43,-74.16,10.0,4.7,RNAC_7,BOG,32,4.641,-74.08,0,1.3,3.00465025008449,5,134.8279129,134.1189148,135.5177117,13.33333333333333,0.0,0,-0.215347959627837,0.2955,-0.510847959627837,0.3075230193465084,-0.5228709789743455,4.5<= M < 5.0,100<= R < 150,,0.0,0.5999865986325583,s5,0.0015759983394495,0.0016662076330275,0.0015754525820591,0.0018228128175331,0.0020377477849133,0.001866512362895,0.0017249396605504,0.0021886433822629,0.00268385390316,0.0023742359194699,0.0039696532120285,0.0032325167390417,0.0051172904852191,0.0031435556004077,0.0018448755647298,0.001159884551478,0.000368564482161,0.0001331890265035,7.370420998980632e-05,4.737994291539246e-05,2.980639347604485e-05,2.375117023445464e-05
3807,CO_20191226034829,256,3.43,-74.17,19.0,4.6,RNAC_7,BOG,32,4.641,-74.08,0,1.3,3.00465025008449,5,135.2644164,135.3109144,137.1224141,16.0,0.0,0,-0.614047959627837,0.287,-0.9010479596278369,0.3195715874731849,-0.9336195471010218,4.5<= M < 5.0,100<= R < 150,,0.0,0.406143814324662,s5,0.0009895362956167,0.0012194649123343,0.0009747898501529,0.0010431785474006,0.001324979914373,0.0009640733679918,0.0010386575800203,0.0015065420672782,0.0019058658491335,0.0021342676513761,0.0032451923700305,0.0023983355637104,0.0014047919847094,0.0013930466126401,0.0007075992895005,0.0004046784026503,0.0001073997441386,4.561573904179409e-05,2.753337104994903e-05,2.192676656472987e-05,1.373223955147808e-05,1.508629255861366e-05
3952,CO_20180719053934,179,3.43,-74.6,47.8,4.8688,RNAC_65,CCALA,64,4.509,-75.6276,1,0.16,2.21326314149803,2,166.1053602,171.0910392,173.6863884,11.42857142857143,0.0,0,0.8719531657103614,0.0868,0.7851531657103614,0.1316574873149184,0.7402956783954431,4.5<= M < 5.0,150<= R < 200,,0.0,2.19274276801765,s2,0.0033703002538226,0.0034328698348623,0.0035066529011213,0.0048295011896024,0.0075461360428134,0.011067492895005,0.0141918911518858,0.0062237995280326,0.0060874911416921,0.0042751224016309,0.0021672755412844,0.001275485617737,0.000732300099898,0.0006774412538226,0.0001874779255861,0.0001068565504587,3.76890621814475e-05,2.250587971457696e-05,1.289225076452599e-05,7.885529051987767e-06,4.594175331294598e-06,2.519544342507645e-06
3984,CO_20190128210709,216,3.08,-75.65,13.1,5.4808,RNAC_65,CCALA,64,4.509,-75.6276,1,0.16,2.21326314149803,2,159.1006584,156.9788187,160.0774062,20.0,0.0,0,0.2046531657103614,-0.1838,0.3884531657103614,-0.0999893309835159,0.3046424966938773,5.0<= M < 5.5,150<= R < 200,,0.0,1.474697915418058,s2,0.0033619320489296,0.0034275058318042,0.0035445343374108,0.0043297084159021,0.0085080222446483,0.0105354297247706,0.0128936310091743,0.0076808668195718,0.0050680341906218,0.0047482053343527,0.0052328615851172,0.0032230573853211,0.0018390795555555,0.0011309151253822,0.0014147817706422,0.0004917356024464,0.0001769880061162,0.0001297695657492,7.11275739041794e-05,6.795946788990826e-05,4.888413047910296e-05,2.232394393476045e-05
4022,CO_20191224190352,250,3.49,-74.0,10.0,5.9519,RNAC_336,CLEJA,245,3.5363,-74.0414,0,0.15,1.60344457304293,2,5.203698184,12.53589223,15.96329978,6.956521739130434,0.0,0,0.6942997411678894,0.5689,0.1253997411678894,0.6123475250898605,0.08195221607802894,5.5<= M < 6.0,0<= R < 50,,0.0,1.133601509699508,s2,0.1768822063200815,0.193257220285423,0.2422856503567788,0.3251771109072375,0.3535838588175331,0.536011485728848,0.3735259821610601,0.3089628592252803,0.4444500896024465,0.430173116717635,0.3602895590214067,0.4512773836901121,0.1980487688073394,0.0954818980632008,0.0688399166360856,0.0417354897961264,0.0165473288277268,0.0082050880733944,0.0043749673690112,0.0028498396258919,,
4023,CO_20191224191904,251,3.48,-74.12,10.0,5.7499,RNAC_336,CLEJA,245,3.5363,-74.0414,0,0.15,1.60344457304293,2,11.51964391,12.9443079,18.34767608,10.0,0.0,0,0.2876997411678894,0.4666,-0.1789002588321106,0.4667847875209912,-0.1790850463531017,5.5<= M < 6.0,0<= R < 50,,0.0,0.8361892977349753,s2,0.1008332924464831,0.1094028168195718,0.1618053591233435,0.2090585094801223,0.2571484168195718,0.2673206019367992,0.1922960653414882,0.1589334169215086,0.1740900480122324,0.134015418756371,0.1079412209989806,0.1301090328236493,0.138123191335372,0.0939594278593272,0.0696124764933741,0.0448883122018348,0.0136831921202854,0.0060618501355759,0.0040162823486238,0.0022514656554536,0.0012728527930682,0.0006957020122324
4026,CO_20191225021122,254,3.43,-74.16,10.0,4.7,RNAC_336,CLEJA,245,3.5363,-74.0414,0,0.15,1.60344457304293,2,17.39238337,20.23853849,21.01913094,11.42857142857143,0.0,0,1.222299741167889,0.2955,0.9267997411678894,0.3075230193465084,0.9147767218213809,4.5<= M < 5.0,0<= R < 50,,0.0,2.526411057189343,s2,0.0745178005912334,0.0820358769622833,0.082750351019368,0.1083140594291539,0.1986776602446483,0.2218747127420999,0.136747290316004,0.1158040043832823,0.1482780440366972,0.1161345288481141,0.0765243583282365,0.0624360419571865,0.0266942065035677,0.0141234562793068,0.0083528378297655,0.0033719648236493,0.0012196001794087,0.0005629614006116,0.0003300326340468,0.0002240435076452,0.0001417542048929,7.848203567787972e-05
4028,CO_20191226034829,256,3.43,-74.17,19.0,4.6,RNAC_336,CLEJA,245,3.5363,-74.0414,0,0.15,1.60344457304293,2,18.46330493,26.02011535,27.69565315,13.33333333333333,0.0,0,0.8463997411678894,0.287,0.5593997411678895,0.3195715874731849,0.5268281536947046,4.5<= M < 5.0,0<= R < 50,,0.0,1.749621958995556,s2,0.0359364921712538,0.0377806397961264,0.0438857324159021,0.0551251837308868,0.0997284713455657,0.0961786730784913,0.0639627789500509,0.0639642878695209,0.0684036199694189,0.0437435673292558,0.0290962076248725,0.0247701055351681,0.0161651138124362,0.0092769820723751,0.0049142120509684,0.0021551396452599,0.0007569766636085,0.0003553614811416,0.0001997918695208,0.0001315162364933,8.228482772680938e-05,4.431716921508665e-05
4055,CO_20180131231321,167,-1.74,-77.67,20.5,4.9427,RNAC_125,CMOC2,256,1.1556,-76.6436,0,0.03,5.88684552851819,2,341.0170489,339.3296479,341.7302079,11.42857142857143,0.0,0,0.4902686095352337,0.7198,-0.2295313904647663,0.673185498558905,-0.1829168890236713,4.5<= M < 5.0,,,0.0,0.7949060157769212,s2,0.0006443824791029,0.001157706598369,0.0020278806513761,0.0007134054791029,0.0008924113995922,0.0015161697798165,0.0013921199306829,0.0017617165637104,0.0013676494291539,0.0020476776034658,0.0016023575718654,0.0015174585351681,0.0007301104475025,0.0006217023639143,0.0002730599051987,0.0001010852691131,3.160298063200815e-05,1.679324260958206e-05,1.012543934760448e-05,6.375018348623853e-06,3.90082874617737e-06,2.249969418960245e-06
4067,CO_20180719053934,179,3.43,-74.6,47.8,4.8688,RNAC_125,CMOC2,256,1.1556,-76.6436,0,0.03,5.88684552851819,2,340.2337835,340.3416839,343.8196525,20.0,0.0,0,0.2620686095352337,0.0868,0.1752686095352337,0.1316574873149184,0.1304111222203153,4.5<= M < 5.0,,,0.0,1.191566239683651,s2,0.0005710608878695,0.0013667610958205,0.0014045731284403,0.0007885199775739,0.000322307088685,0.0004599468430173,0.0005693103272171,0.0008215096860346,0.0004905143445463,0.0004977290468909,0.0006037091029561,0.0006169162548419,0.0002312582701325,0.0001905769102956,9.516716106014273e-05,4.171383486238533e-05,3.116521916411825e-05,1.356879816513761e-05,1.015159021406728e-05,6.556384301732925e-06,3.506033639143731e-06,1.760086646279307e-06
4086,CO_20190126123226,215,3.03,-75.72,10.0,5.6148,RNAC_125,CMOC2,256,1.1556,-76.6436,0,0.03,5.88684552851819,2,232.4286456,231.2516577,232.8378156,16.0,62.73309871677735,1,0.06256860953523367,0.0052,0.05736860953523368,0.0717015906062698,-0.00913298107103612,5.5<= M < 6.0,200<= R < 250,50.0,26.99026127129717,1.059046112951945,s2,0.0016755944587155,0.0034064915932721,0.0072552367900101,0.003288987266055,0.0014777691732925,0.0023789845942915,0.0028831598358817,0.0042837320581039,0.0032496482905198,0.0035429974648318,0.0031218822813455,0.0026090974118246,0.0011802106106014,0.0008844532793068,0.0006343951681957,0.0003870611488277,0.0001804380193679,9.495534352701323e-05,6.349401732925587e-05,5.962510193679918e-05,5.423194291539246e-05,2.959551885830785e-05
4087,CO_20190128210709,216,3.08,-75.65,13.1,5.4808,RNAC_125,CMOC2,256,1.1556,-76.6436,0,0.03,5.88684552851819,2,240.5523343,239.8433723,241.1127499,16.0,55.89797908796476,1,-0.4624313904647663,-0.1838,-0.2786313904647663,-0.0999893309835159,-0.3624420594812504,5.0<= M < 5.5,200<= R < 250,50.0,23.23734635568022,0.7568188224401421,s2,0.0008147175922528,0.0008997050754332,0.0008969218634046,0.0008982973853211,0.0010623989796126,0.0017859165433231,0.0017100921865443,0.0028006217910295,0.0019928526034658,0.0019872575891946,0.0018289798226299,0.0016556794750254,0.0006649168318042,0.0006529201437308,0.0002490254118246,0.000151366853211,8.250236595310907e-05,6.113942201834862e-05,3.671701529051988e-05,3.413306014271152e-05,3.304300509683996e-05,1.795719775739042e-05
4090,CO_20190214062441,219,0.63,-77.79,10.0,5.0522,RNAC_125,CMOC2,256,1.1556,-76.6436,1,0.03,5.88684552851819,2,140.3983069,138.2852967,140.926846,20.0,17.09049125128634,1,-1.043731390464766,-0.7448,-0.2989313904647664,-0.5841042966084298,-0.4596270938563367,5.0<= M < 5.5,100<= R < 150,0.0,12.17286136040031,0.7416102892268395,s2,0.0008578759327217,0.0011213444291539,0.0010344875535168,0.0009486753007135,0.0012246548776758,0.002451052196738,0.002008604041794,0.0026023849041794,0.0020712346126401,0.001206366424057,0.0006246416044852,0.0004997527655453,0.0003637428205912,0.0002775279357798,9.348829255861366e-05,4.952414169215087e-05,2.923244750254842e-05,3.117011824668705e-05,1.541720183486239e-05,1.037428440366972e-05,8.111775739041795e-06,3.274336391437309e-06
4106,CO_20180131231321,167,-1.74,-77.67,20.5,4.9427,RNAC_126,CMOC3,257,1.137,-76.6449,0,0.02,2.81133881249987,2,339.0183368,337.3463333,339.7397891,13.33333333333333,0.0,0,1.197322464374674,0.7198,0.4775224643746739,0.673185498558905,0.5241369658157691,4.5<= M < 5.0,,,0.0,1.612075476074755,s2,0.0010336647971457,0.001043935872579,0.0010720069887869,0.0012570851732925,0.0013907047023445,0.0025021547033639,0.0030435663904179,0.0030925996880733,0.0026229172477064,0.0020825798990825,0.0016607133323139,0.0021397235168195,0.0009340227808358,0.0005469137737003,0.0002145153700305,8.640881651376146e-05,2.713494597349644e-05,1.387071151885831e-05,9.112251783893988e-06,5.698235474006116e-06,3.843074413863404e-06,2.295932721712538e-06
4118,CO_20180719053934,179,3.43,-74.6,47.8,4.8688,RNAC_126,CMOC3,257,1.137,-76.6449,0,0.02,2.81133881249987,2,341.8700888,341.9642183,345.4480104,13.33333333333333,0.0,0,0.244822464374674,0.0868,0.158022464374674,0.1316574873149184,0.1131649770597556,4.5<= M < 5.0,,,0.0,1.171192504519388,s2,0.0004323452201834,0.00044813853211,0.0004462224546381,0.0004684110795107,0.0005706509490316,0.0008240083109072,0.0015691232293577,0.0017215499266055,0.0012092199541284,0.000610622640163,0.0005750532212028,0.0005502697553516,0.0002143164719673,0.0001930304638124,0.0001037104556574,6.376008053007135e-05,3.430378491335372e-05,1.750609480122324e-05,1.013034148827727e-05,6.638318042813456e-06,4.071172273190622e-06,1.884715596330276e-06
4154,CO_20190126123226,215,3.03,-75.72,10.0,5.6148,RNAC_126,CMOC3,257,1.137,-76.6449,0,0.02,2.81133881249987,2,234.3493868,233.1575417,234.7589203,11.42857142857143,61.27502170189226,1,0.519222464374674,0.0052,0.514022464374674,0.0717015906062698,0.4475208737684042,5.5<= M < 6.0,200<= R < 250,50.0,26.14686666715539,1.672003259921916,s2,0.0020460031151885,0.0020681143088685,0.0021077771100917,0.0022286995219164,0.0026606663883792,0.0037113594036697,0.00823195153211,0.0072395808134556,0.0054382881070336,0.00441621545158,0.003608796393476,0.0035964499510703,0.0012231627359836,0.0011193857023445,0.000507429490316,0.0002979191274209,0.0001777906615698,9.607583995922528e-05,7.333754230377165e-05,5.809504281345566e-05,5.463273088685015e-05,2.722037920489297e-05
4155,CO_20190128210709,216,3.08,-75.65,13.1,5.4808,RNAC_126,CMOC3,257,1.137,-76.6449,0,0.02,2.81133881249987,2,242.4584087,241.7338021,243.0186962,13.33333333333333,56.39694269917389,1,0.5552224643746739,-0.1838,0.7390224643746739,-0.0999893309835159,0.6552117953581899,5.0<= M < 5.5,200<= R < 250,50.0,23.26046062974672,2.093887663947066,s2,0.0017252553812436,0.0017416869714576,0.0017748904638124,0.0019163783598369,0.00235804035474,0.0031760538369011,0.0058788687543323,0.0070099895565749,0.0058720253078491,0.0029411356024464,0.0016799455616717,0.0017151862048929,0.0006383374678899,0.0005520716523955,0.0003757868980632,0.0001555531447502,7.095038226299695e-05,5.916667074413863e-05,3.586931396534149e-05,2.969467176350663e-05,3.199535270132518e-05,1.838340366972477e-05
4158,CO_20190214062441,219,0.63,-77.79,10.0,5.0522,RNAC_126,CMOC3,257,1.137,-76.6449,1,0.02,2.81133881249987,2,139.4230545,137.3250947,139.9607798,20.0,16.94773350365386,1,-0.7289775356253261,-0.7448,0.01582246437467394,-0.5841042966084298,-0.1448732390168963,5.0<= M < 5.5,100<= R < 150,0.0,12.15561770930349,1.0159483023772,s2,0.0009280449765545,0.0009509044882772,0.0009823777604485,0.0011358518440366,0.0016851112844036,0.0026893877930682,0.0033058549184505,0.0024107695249745,0.0023627594994903,0.0013226888470948,0.0006795323037716,0.0005595332956167,0.0004046542629969,0.0003443745749235,0.0001082049653414,4.558561875637105e-05,2.857799286442406e-05,3.19050377166157e-05,1.70197370030581e-05,1.168568195718654e-05,7.999800203873598e-06,3.404779816513761e-06
4173,CO_20180131231321,167,-1.74,-77.67,20.5,4.9427,RNAC_127,CMOC4,258,1.1441,-76.6659,0,0.16,2.77263085124181,2,338.9940776,337.3235497,339.7200177,13.33333333333333,0.0,0,1.794419273850121,0.7198,1.074619273850121,0.673185498558905,1.121233775291216,4.5<= M < 5.0,,,0.0,2.928877587945315,s2,0.001869555845056,0.0019015959378185,0.0019391916350662,0.0022351486636085,0.0027627357339449,0.0055072267115188,0.0072400650183486,0.0048210988175331,0.0040340125677879,0.0047849459480122,0.0022799012905198,0.0024860304658511,0.0015378758409785,0.0007516041121304,0.0003901193231396,0.0001297522477064,4.574679612640163e-05,2.07405749235474e-05,1.593681855249745e-05,1.100460448521916e-05,6.299993883792049e-06,3.477422018348624e-06
4185,CO_20180719053934,179,3.43,-74.6,47.8,4.8688,RNAC_127,CMOC4,258,1.1441,-76.6659,0,0.16,2.77263085124181,2,342.8441869,342.9381873,346.4217887,16.0,0.0,0,1.231919273850121,0.0868,1.145119273850121,0.1316574873149184,1.100261786535203,4.5<= M < 5.0,,,0.0,3.142816190272046,s2,0.001146597667686,0.0011615278002038,0.001186095895005,0.0012556296952089,0.0015949442935779,0.0019532690091743,0.0054857630336391,0.0033585638297655,0.0016436731529051,0.0011745329357798,0.001030813119266,0.000785943717635,0.0004437748990825,0.0003242233425076,0.0002002457206931,7.933871763506626e-05,3.538939755351682e-05,1.779568399592253e-05,1.41247125382263e-05,9.06370642201835e-06,5.083933741080531e-06,2.113466870540265e-06
4221,CO_20190126123226,215,3.03,-75.72,10.0,5.6148,RNAC_127,CMOC4,258,1.1441,-76.6659,0,0.16,2.77263085124181,2,234.6766573,233.5346015,235.0896397,11.42857142857143,63.37320443191663,1,1.525219273850121,0.0052,1.520019273850121,0.0717015906062698,1.453517683243851,5.5<= M < 6.0,200<= R < 250,50.0,27.0044772075065,4.572313320374545,s2,0.0054885524209989,0.0055538502415902,0.0056556420835881,0.0059739364250764,0.0069244287910295,0.0089054979582059,0.0201521509683995,0.0175906606014271,0.0107975967278287,0.0115494618552497,0.0048436780846075,0.0038136691029561,0.0021472529113149,0.0016078143425076,0.000853970914373,0.0006673126839959,0.0002186919928644,0.000132476745158,8.931762793068297e-05,7.571031600407747e-05,6.10952752293578e-05,2.920892150866463e-05
4222,CO_20190128210709,216,3.08,-75.65,13.1,5.4808,RNAC_127,CMOC4,258,1.1441,-76.6659,0,0.16,2.77263085124181,2,242.8300125,242.1495199,243.3940618,16.0,64.66712288637189,1,1.261519273850121,-0.1838,1.445319273850121,-0.0999893309835159,1.361508604833637,5.0<= M < 5.5,200<= R < 250,50.0,26.63061382759344,4.243206671507005,s2,0.0033147878868501,0.0033779248593272,0.0034008527900101,0.0037451924546381,0.0046899120244648,0.0072640233282364,0.0166080145463812,0.0101648489816513,0.0071184151661569,0.0065958616024464,0.0037768142629969,0.0024719225728848,0.0010821707492354,0.000907922895005,0.0005347298093781,0.000267133961264,9.749552191641184e-05,8.037467686034658e-05,6.170998878695208e-05,4.488844444444445e-05,3.3537124362895e-05,1.960923445463812e-05
4225,CO_20190214062441,219,0.63,-77.79,10.0,5.0522,RNAC_127,CMOC4,258,1.1441,-76.6659,1,0.16,2.77263085124181,2,137.6123142,135.5219893,138.1631367,11.42857142857143,17.08006401256935,1,0.03121927385012102,-0.7448,0.776019273850121,-0.5841042966084298,0.6153235704585508,5.0<= M < 5.5,100<= R < 150,0.0,12.41172645912044,2.172805682896044,s2,0.0020200142497451,0.0020537593394495,0.002093880462793,0.0023011329062181,0.0032205755137614,0.0048290587859327,0.0084248221151885,0.0055214221732925,0.003901201570846,0.0026036237094801,0.0010880353883792,0.0006148186554536,0.000432165412844,0.0004984820142711,0.000112527374108,7.633919164118247e-05,3.472097757390418e-05,4.075279510703364e-05,2.478070540265036e-05,1.742656472986748e-05,1.082427828746178e-05,4.620747196738023e-06
4242,CO_20180131231321,167,-1.74,-77.67,20.5,4.9427,RNAC_128,CMOC5,259,1.1572,-76.6517,0,0.26,3.3104387401478,3,340.8875455,339.204337,341.6047911,8.88888888888889,0.0,0,1.679364325427319,0.7198,0.9595643254273192,0.673185498558905,1.006178826868414,4.5<= M < 5.0,,,0.0,2.610558871508196,s3,0.0026687169255861,0.0027036792507645,0.0028144787319062,0.002836783235474,0.0031492516523955,0.0044621647849133,0.0051721463455657,0.0072563833557594,0.0120483832008154,0.0091959298399592,0.0077157702680937,0.0049099060846075,0.0016093072477064,0.0006501707696228,0.0004701317991845,0.000175995961264,5.300500509683996e-05,3.111658002038736e-05,1.855084097859328e-05,1.324379001019368e-05,8.447253822629968e-06,
4254,CO_20180719053934,179,3.43,-74.6,47.8,4.8688,RNAC_128,CMOC5,259,1.1572,-76.6517,0,0.26,3.3104387401478,3,340.7048874,340.8168117,344.294342,16.0,0.0,0,0.4684643254273193,0.0868,0.3816643254273193,0.1316574873149184,0.3368068381124009,4.5<= M < 5.0,,,0.0,1.464720333231318,s3,0.00088124308053,0.0008869568715596,0.0008980779113149,0.0009283926228338,0.0010720487217125,0.0014565891508664,0.0022771156228338,0.0035464108603465,0.0022411099683995,0.0023517201457696,0.0030207897196738,0.0017989059449541,0.0004364420713557,0.0002587874260958,0.0001567498012232,6.683056269113149e-05,3.75474872579001e-05,1.818702854230377e-05,1.271970132517839e-05,8.83391743119266e-06,5.360726809378185e-06,2.524548419979613e-06
4290,CO_20190126123226,215,3.03,-75.72,10.0,5.6148,RNAC_128,CMOC5,259,1.1572,-76.6517,0,0.26,3.3104387401478,3,232.6683979,231.5115486,233.0806471,10.0,63.21538333947247,1,1.233364325427319,0.0052,1.228164325427319,0.0717015906062698,1.16166273482105,5.5<= M < 6.0,200<= R < 250,50.0,27.16973336733173,3.414955032957647,s3,0.0067738517410805,0.006833240041794,0.0069658387594291,0.0070849469367991,0.0074820230142711,0.0096858306238532,0.0175399602038736,0.0206768599490316,0.0225712840774719,0.0233682359938837,0.0178365773292558,0.0099457538460754,0.0032020269001019,0.0016728366432212,0.0010118429520897,0.0007670395953109,0.0002165009592252,0.000119213119266,7.398195922528032e-05,6.766069418960245e-05,6.100606829765545e-05,2.822316819571865e-05
4291,CO_20190128210709,216,3.08,-75.65,13.1,5.4808,RNAC_128,CMOC5,259,1.1572,-76.6517,0,0.26,3.3104387401478,3,240.8082772,240.1180497,241.3721218,8.0,61.77553595629601,1,0.9265643254273193,-0.1838,1.110364325427319,-0.0999893309835159,1.026553656410835,5.0<= M < 5.5,200<= R < 250,50.0,25.65341053662753,3.035464089758598,s3,0.0039775148379204,0.0039941253853211,0.0040259475392456,0.0042821963394495,0.0053158948634046,0.0056688260835881,0.0131498997043832,0.014533653598369,0.0156024162181447,0.011921050825688,0.0106558430784913,0.0046588020784913,0.0017007683822629,0.0011586593465851,0.0005085478053007,0.000255299775739,0.0001072280733944,7.318869826707442e-05,5.109443425076452e-05,4.020860652395515e-05,3.537935677879715e-05,
4294,CO_20190214062441,219,0.63,-77.79,10.0,5.0522,RNAC_128,CMOC5,259,1.1572,-76.6517,1,0.26,3.3104387401478,3,139.6531003,137.5464406,140.1895936,13.33333333333333,17.13357210190431,1,-0.2984356745726808,-0.7448,0.4463643254273192,-0.5841042966084298,0.285668622035749,5.0<= M < 5.5,100<= R < 150,0.0,12.2686657618759,1.562620665282276,s3,0.0022980188786952,0.0023243342436289,0.0023471713516819,0.0024973627461773,0.0030736719266055,0.0042041883771661,0.0058647992609582,0.0064559302711518,0.0103200710397553,0.0081366749062181,0.0033237272976554,0.0017124416748216,0.0008044464393476,0.0004390804230377,0.000163923590214,7.916226809378186e-05,3.264011926605505e-05,3.608431090723751e-05,2.059280122324159e-05,1.394787869520897e-05,1.154542711518858e-05,5.494986748216106e-06
4337,CO_20190126123226,215,3.03,-75.72,10.0,5.6148,RNAC_132,CNEIV,104,2.9392,-75.2732,0,0.22,1.36942001241838,3,50.57624098,47.82605161,52.40560621,16.0,0.0,0,-0.9914518812655262,0.0052,-0.9966518812655262,0.0717015906062698,-1.063153471871796,5.5<= M < 6.0,0<= R < 50,,0.0,0.3691132094692976,s3,0.0060717834882772,0.0061398842324159,0.0062601442436289,0.0074583827431192,0.010459378277268,0.0136618053822629,0.0192021496738022,0.0145639386136595,0.0135230200203873,0.0187148741182466,0.0119409082568807,0.0164346729459735,0.011122299235474,0.0081408820652395,0.0053816508185524,0.0042024979520897,0.0013473294097859,0.0009261692579001,0.0006598967849133,0.0004647844057084,0.0002685265575942,0.000117720285423
4338,CO_20190128210709,216,3.08,-75.65,13.1,5.4808,RNAC_132,CNEIV,104,2.9392,-75.2732,0,0.22,1.36942001241838,3,44.7583221,43.05857805,47.65374433,4.210526315789473,0.0,0,-1.405351881265526,-0.1838,-1.221551881265526,-0.0999893309835159,-1.305362550282011,5.0<= M < 5.5,0<= R < 50,,0.0,0.2947723600817568,s3,0.0041427522680937,0.0041637038093781,0.0041956609082568,0.004851756872579,0.0066573738053007,0.0104460784097859,0.0100578895953109,0.0098664698970438,0.0086276302813455,0.0083265809571865,0.0098111013261977,0.009810250717635,0.0058488328827726,0.0036134405259938,0.0031544643904179,0.0030508615942915,0.0008465076941896,0.0008393196646279,,,,
4339,CO_20190126123226,215,3.03,-75.72,10.0,5.6148,RNAC_153,CPLAT,122,2.3848,-75.9069,0,0.2,1.64174226592705,2,74.78771922,73.66349249,76.14287882,11.42857142857143,0.0,0,0.7915434337460944,0.0052,0.7863434337460944,0.0717015906062698,0.7198418431398246,5.5<= M < 6.0,50<= R < 100,,0.0,2.195354273532458,s2,0.0195274579102956,0.0198529464220183,0.0204102581957186,0.0275311153414882,0.0402016979816513,0.0429557285728848,0.0548292483078491,0.0618986009174311,0.0375895487359836,0.0272707209276248,0.0230936460142711,0.0266608826809378,0.008355313895005,0.007093769845056,0.0042707578664627,0.0027326088501529,0.0016296377206931,0.0008073960316004,0.0003348355810397,0.0002344861009174,0.0001572219215086,6.125663098878695e-05
4341,CO_20190126123226,215,3.03,-75.72,10.0,5.6148,RNAC_157,CPOP2,125,2.4573,-76.5917,1,1.0,4.46190007108188,5,115.9909503,115.2952953,116.953702,8.0,23.02839820556272,1,0.0788144121276708,0.0052,0.07361441212767081,0.0717015906062698,0.007112821521401011,5.5<= M < 6.0,100<= R < 150,0.0,19.85361629161747,1.076391681889636,s5,0.0093722485331294,0.0094855216921508,0.0096183735739041,0.0111789300713557,0.0199963784607543,0.0169713083893985,0.0214175793068297,0.0242079388073394,0.0275566808970438,0.0203606598369011,0.021622632833843,0.0110371686952089,0.0115738715188583,0.0252998681243628,0.0042570636778797,0.001785370362895,0.0007161533476044,0.0005610969439347,0.0005029316738022,0.0003607044250764,0.0001930414485219,
4342,CO_20190128210709,216,3.08,-75.65,13.1,5.4808,RNAC_157,CPOP2,125,2.4573,-76.5917,1,1.0,4.46190007108188,5,125.201157,125.2101922,126.4332165,8.88888888888889,23.41315995684266,1,0.4140144121276709,-0.1838,0.5978144121276708,-0.0999893309835159,0.5140037431111868,5.0<= M < 5.5,100<= R < 150,0.0,18.70043417956805,1.818140748413039,s5,0.0100364491641182,0.0101126384281345,0.0103220566564729,0.0111241759836901,0.018036145953109,0.0150743676962283,0.0192948704077471,0.0297366738124362,0.017808885922528,0.0158798226197757,0.0192875587665647,0.0081332060591233,0.0083492285423037,0.0140792178593272,0.002406131296636,0.0010187557635066,0.0004287318695208,0.0003356096269113,0.0002732673710499,0.0001944977043832,0.0001217565463812,
4343,CO_20190126123226,215,3.03,-75.72,10.0,5.6148,RNAC_164,CPRAD,130,3.7551,-74.8905,0,0.28,1.27021717421609,1,122.2751214,122.1993484,123.029298,5.333333333333333,0.0,0,-0.3959796699390543,0.0052,-0.4011796699390543,0.0717015906062698,-0.4676812605453241,5.5<= M < 6.0,100<= R < 150,,0.0,0.6695297558602158,s1,0.0024345168848114,0.0024717478807339,0.0025767094169215,0.0027001591111111,0.0040393397737003,0.0057514965219164,0.0050994204801223,0.0059541825392456,0.0054830941834862,0.0049539368002038,0.0051370492252803,0.0044057801600407,0.0023445037533129,0.0026475554576962,0.0022305986941896,0.0023992849051987,0.0006360378766564,0.0002937372293577,0.0002889395626911,,,
4345,CO_20191224190352,250,3.49,-74.0,10.0,5.9519,RNAC_169,CQUET,134,4.3285,-73.8612,0,0.28,1.61866234246013,1,93.9250031,88.77449276,95.24405747,6.666666666666667,0.0,0,-0.3079167089529595,0.5689,-0.8768167089529595,0.6123475250898605,-0.92026423404282,5.5<= M < 6.0,50<= R < 100,,0.0,0.4161053902110737,s1,0.006230152698267,0.0063357200764526,0.0067520333730886,0.0094123002426095,0.0105739904791029,0.0137452311824668,0.0139396264729867,0.0128534274311926,0.0153701572680937,0.0185544445463812,0.0101504675830784,0.0061351518287461,0.0053245501274209,0.0030059573496432,0.0037510920489296,0.0015141068888888,0.0004459028807339,0.0003160482609582,0.0004903789633027,0.0004490021957186,,
4396,CO_20190126123226,215,3.03,-75.72,10.0,5.6148,RNAC_176,CRU,140,1.5678,-76.952,1,0.52,3.49032415494454,4,212.6465695,212.7615825,213.2452273,13.33333333333333,84.27817268994413,1,0.4536550238140667,0.0052,0.4484550238140668,0.0717015906062698,0.381953433207797,5.5<= M < 6.0,200<= R < 250,75.0,39.63298015486873,1.565891051290413,s4,0.0033127344597349,0.0033229190978593,0.0033346801875637,0.0034275205800203,0.0035201308868501,0.0039304983843017,0.0060559098909276,0.0079508557380224,0.0099212633098878,0.0123210421202854,0.0104978079408766,0.0094946870387359,0.0043307101009174,0.0026874999306829,0.000798360737003,0.0005391381987767,0.0003731555739041,0.00025932317737,0.0001589495310907,0.000168603698267,0.0001235358980632,6.157134454638125e-05
4397,CO_20190128210709,216,3.08,-75.65,13.1,5.4808,RNAC_176,CRU,140,1.5678,-76.952,1,0.52,3.49032415494454,4,221.5671386,222.0837671,222.3464482,8.88888888888889,82.0632294877469,1,0.1579550238140668,-0.1838,0.3417550238140668,-0.0999893309835159,0.2579443547975827,5.0<= M < 5.5,200<= R < 250,75.0,37.03763563779079,1.407415472004453,s4,0.0019621606778797,0.0019922844291539,0.0019865220132517,0.0020399020326197,0.0021200808053007,0.0027486773333333,0.0039660958776758,0.0057958938297655,0.0062260542334352,0.0060561635565749,0.0071816854954128,0.0054759565341488,0.0031625917471967,0.0012318366116207,0.0006610971131498,0.0002685242905198,0.0001245931865443,0.00012654072579,0.0001008484383282,9.10552762487258e-05,7.272485626911315e-05,
4400,CO_20190214062441,219,0.63,-77.79,10.0,5.0522,RNAC_176,CRU,140,1.5678,-76.952,0,0.52,3.49032415494454,4,139.8152244,137.94345,140.5511252,16.0,63.28900082843635,1,-1.000444976185933,-0.7448,-0.2556449761859332,-0.5841042966084298,-0.4163406795775035,5.0<= M < 5.5,100<= R < 150,50.0,45.26617262178235,0.7744168564195778,s4,0.0008986820897043,0.0009106378002038,0.0009036458195718,0.000935356922528,0.0010172721427115,0.0012340476921508,0.001667596277268,0.0023323405524974,0.0025400747614678,0.0022719603323139,0.0036354053710499,0.0028358119959225,0.0020329905647298,0.0008376693302752,0.0003155827981651,0.0001303973853211,8.555219266055046e-05,7.254977370030582e-05,5.865139551478084e-05,4.039702038735984e-05,2.231060244648318e-05,9.346708460754332e-06
4415,CO_20190513180013,234,0.66,-78.01,15.8999999999999,4.9485,RNAC_176,CRU,140,1.5678,-76.952,0,0.52,3.49032415494454,4,153.8789499,154.4095787,155.1265534,16.0,103.1881096992297,1,-0.7900449761859332,-0.6529,-0.1371449761859332,-0.6306559889036599,-0.1593889872822732,4.5<= M < 5.0,150<= R < 200,100.0,67.0579762639969,0.871843820377611,s4,0.0006712400397553,0.0006826452018348,0.0007295297798165,0.0007237313496432,0.0006781603476044,0.000774311540265,0.001160575216106,0.0016019781325178,0.0017294933669724,0.0020576677594291,0.0024163068552497,0.0022993756738022,0.0010568337808358,0.0004349378990825,0.0001516533904179,5.889142099898064e-05,4.567767176350663e-05,3.668846687054027e-05,3.377516717635067e-05,2.849361162079511e-05,1.457396738022426e-05,5.99475637104995e-06
4446,CO_20190126123226,215,3.03,-75.72,10.0,5.6148,RNAC_179,CSAGU,142,1.8786,-76.2759,0,0.88,2.6703382082652,5,142.2538507,141.3899492,143.0233859,5.333333333333333,45.00599392069871,1,-0.4971255799485208,0.0052,-0.5023255799485208,0.0717015906062698,-0.5688271705547906,5.5<= M < 6.0,100<= R < 150,25.0,31.63780361602451,0.6051217630581278,s5,0.0024907669398572,0.0025179526442405,0.0025773513832823,0.0028580128236493,0.0031542057359836,0.0042902054689092,0.006255883490316,0.0065568152028542,0.004615713227319,0.0057422047971457,0.0042056735443425,0.0033722914872579,0.0016919001896024,0.0013206449469928,0.000555380362895,0.0002742734801223,0.0002560852222222,0.0001576186768603,0.0001307443425076,,,
4447,CO_20190128210709,216,3.08,-75.65,13.1,5.4808,RNAC_179,CSAGU,142,1.8786,-76.2759,0,0.88,2.6703382082652,5,150.3676045,150.2873899,151.3765868,7.272727272727272,46.90398265595847,1,-0.7457255799485207,-0.1838,-0.5619255799485208,-0.0999893309835159,-0.6457362489650048,5.0<= M < 5.5,150<= R < 200,25.0,31.19287748975111,0.5701102134307517,s5,0.0015058883414882,0.0015211182986748,0.0015626595310907,0.0017463337074413,0.0024791237237512,0.0032134500265035,0.0041675172844036,0.005370625501529,0.0062534247166156,0.0035545864556574,0.003064445069317,0.0026115175127421,0.0009476050764525,0.0006939516717635,0.0003521393445463,0.0001340082018348,0.0001080494097859,8.918315494393476e-05,7.717794189602446e-05,7.826486952089705e-05,,
4454,CO_20180131231321,167,-1.74,-77.67,20.5,4.9427,RNAC_217,CUFI,172,1.226,-77.345,1,0.38,1.58966427313576,1,331.4203796,329.9668584,332.3719822,20.0,38.62649565000764,1,0.8374775639037592,0.7198,0.1176775639037592,0.673185498558905,0.1642920653448542,4.5<= M < 5.0,,25.0,11.65483417061648,1.124881350535491,s1,0.0004352982089704,0.0004379968848114,0.0004407783221202,0.0004538345840978,0.0005337286187563,0.0006917929785932,0.0008183485810397,0.0011634642599388,0.0012905451019367,0.0012935477329255,0.0011256857614678,0.0010867240163098,0.000480487795107,0.0002038731600407,6.438857186544342e-05,4.310842813455658e-05,2.170280428134556e-05,1.011320591233435e-05,6.138351681957186e-06,4.143503567787972e-06,3.248396534148828e-06,1.984579001019368e-06
4498,CO_20190126123226,215,3.03,-75.72,10.0,5.6148,RNAC_217,CUFI,172,1.226,-77.345,1,0.38,1.58966427313576,1,270.0017396,270.0373309,270.5279159,16.0,108.1618726683539,1,-0.3141224360962409,0.0052,-0.3193224360962408,0.0717015906062698,-0.3858240267025106,5.5<= M < 6.0,250<= R < 300,100.0,40.05969473700157,0.7266412161725276,s1,0.00036286,0.0003661766738022,0.0003714028715596,0.000384509678899,0.0004748859204892,0.0005954420489296,0.0010251366218144,0.0013007091162079,0.0009040200825688,0.0005599865810397,0.0007378143404689,0.0006142115942915,0.0002832252201834,0.0003079195229357,0.0001075152721712,8.951545158002039e-05,0.0001089791671763,4.804797757390418e-05,2.639884811416922e-05,1.299483384301733e-05,7.786377166156982e-06,3.737603465851172e-06
4500,CO_20190214062441,219,0.63,-77.79,10.0,5.0522,RNAC_217,CUFI,172,1.226,-77.345,0,0.38,1.58966427313576,1,82.64227372,81.43281967,84.03951853,26.66666666666667,38.84879471452273,1,-1.637322436096241,-0.7448,-0.8925224360962408,-0.5841042966084298,-1.053218139487811,5.0<= M < 5.5,50<= R < 100,25.0,47.00838077876003,0.4096212051970639,s1,0.0005496063363914,0.0005574268287461,0.0005827255494393,0.0006956707227319,0.000996765737003,0.0013996601600407,0.0021027605779816,0.0014430610754332,0.0012078227787971,0.0012498104016309,0.0012529141804281,0.000907232412844,0.0007530453516819,0.0004855750030581,0.000286989745158,0.0002517263282364,0.0003033948124362,0.0003136017135575,0.0002581707339449,0.0001590057104994,7.453672782874618e-05,2.516761977573904e-05
4515,CO_20190513180013,234,0.66,-78.01,15.8999999999999,4.9485,RNAC_217,CUFI,172,1.226,-77.345,0,0.38,1.58966427313576,1,95.97550301,97.55535103,98.14704552,20.0,72.88328211690438,1,-2.064722436096241,-0.6529,-1.411822436096241,-0.6306559889036599,-1.434066447192581,4.5<= M < 5.0,50<= R < 100,50.0,75.93946354134809,0.2436987528086705,s1,0.0002087206085626,0.0002137819602446,0.0002228087828746,0.0002584262487257,0.0003826080254841,0.0004932147380224,0.0006420564872579,0.0005430907431192,0.0006290718440366,0.0004727350988786,0.0006250185932721,0.0003858019673802,0.000245203864424,0.0001947337492354,0.0001749636034658,0.0001528095840978,0.0001750278786952,0.0002105078980632,0.0001712091365953,9.491058511722732e-05,4.149535270132518e-05,1.558540163098879e-05
4542,CO_20190126123226,215,3.03,-75.72,10.0,5.6148,RNAC_218,CUIBA,247,4.4499,-75.2002,0,0.64,4.37046583555124,4,167.9852411,166.8153761,168.5963286,6.153846153846153,0.0,0,1.204545223346123,0.0052,1.199345223346123,0.0717015906062698,1.132843632739853,5.5<= M < 6.0,150<= R < 200,,0.0,3.317943699253042,s4,0.019920671590214,0.0201282787054026,0.0207566248012232,0.0240265720183486,0.0455698373496432,0.0400261854638124,0.0357731032008155,0.042895159296636,0.0400537539551478,0.0292493824362895,0.0419507879816513,0.0603901010601427,0.0232851874108053,0.0092956960265035,0.0025818190142711,0.0018498064464831,0.000637460022426,0.0003221302609582,0.0001934919643221,0.0001327257359836,,
4543,CO_20190128210709,216,3.08,-75.65,13.1,5.4808,RNAC_218,CUIBA,247,4.4499,-75.2002,0,0.64,4.37046583555124,4,160.5141428,159.2885141,161.4090891,4.324324324324324,0.0,0,1.001045223346123,-0.1838,1.184845223346123,-0.0999893309835159,1.101034554329639,5.0<= M < 5.5,150<= R < 200,,0.0,3.270180634677805,s4,0.0151481192558613,0.0153750118246687,0.0157980994189602,0.0185391909480122,0.0401339226911314,0.0311112021202854,0.0299240055147808,0.0284027381141692,0.0244487530988786,0.0220719662487257,0.0188312819062181,0.0260395080122324,0.0239191813455657,0.0080075652171253,0.0027856427298674,0.0011497961039755,0.0004512781855249,0.0002287520795107,,,,
4548,CO_20180131231321,167,-1.74,-77.67,20.5,4.9427,RNAC_219,CUM,173,0.9414,-77.8249,1,0.22,4.7029417493237,3,298.4737277,297.1536255,299.5157199,13.33333333333333,93.33907549336642,1,0.6590430278332232,0.7198,-0.06075697216677678,0.673185498558905,-0.01414247072568176,4.5<= M < 5.0,250<= R < 300,75.0,31.27212442201372,0.9410519137953688,s3,0.0010125307818552,0.0010361907227319,0.0010299662477064,0.0010613643404689,0.0011807664760448,0.0014421033802242,0.0016158143272171,0.0030604284067278,0.0049331555657492,0.0034779866136595,0.0018140815840978,0.0012038040560652,0.0003587804077471,0.0002806128705402,0.0001317708358817,7.380497043832823e-05,2.978383588175331e-05,1.661594087665648e-05,8.871267074413864e-06,6.355397553516819e-06,4.722310907237513e-06,3.292682976554536e-06
4596,CO_20190126123226,215,3.03,-75.72,10.0,5.6148,RNAC_219,CUM,173,0.9414,-77.8249,1,0.22,4.7029417493237,3,329.7263556,329.3880736,330.1486711,13.33333333333333,107.8876501469938,1,0.6021430278332233,0.0052,0.5969430278332233,0.0717015906062698,0.5304414372269535,5.5<= M < 6.0,,100.0,32.72035987255907,1.816557139186086,s3,0.0017287407930682,0.0017768037420998,0.0019703789551478,0.0032014260173292,0.007384656207951,0.0062687582548419,0.0034420820254841,0.0032720166228338,0.0025347624546381,0.0010069483251783,0.0003935956636085,0.0003772971243628,0.0003018387900101,0.0003779332334352,0.0002545522945973,0.0001853080968399,0.000172947833843,0.0001299703516819,9.189132313965344e-05,6.999254536187563e-05,5.713207951070336e-05,4.047350968399592e-05
4597,CO_20190128210709,216,3.08,-75.65,13.1,5.4808,RNAC_219,CUM,173,0.9414,-77.8249,1,0.22,4.7029417493237,3,338.8127226,338.6412964,339.3634348,16.0,109.749892984603,1,-0.7563569721667768,-0.1838,-0.5725569721667768,-0.0999893309835159,-0.6563676411832609,5.0<= M < 5.5,,100.0,32.39249463314074,0.5640812530512845,s3,0.0003464190856269,0.0003719588552497,0.0004196306034658,0.0006454778297655,0.0013784006799184,0.0012045999602446,0.0008646795810397,0.0008231232181447,0.0010048780825688,0.0005770113180428,0.0002706407084607,0.000222093088685,0.0001815891427115,0.0002355255728848,0.0001501379215086,0.0001202586136595,0.0001040015565749,7.102794087665648e-05,4.980347706422018e-05,4.080119164118247e-05,3.08490621814475e-05,2.198368399592253e-05
4600,CO_20190214062441,219,0.63,-77.79,10.0,5.0522,RNAC_219,CUM,173,0.9414,-77.8249,0,0.22,4.7029417493237,3,34.46552805,35.96808967,37.62416648,5.714285714285714,34.74106982999354,1,0.4417430278332232,-0.7448,1.186543027833223,-0.5841042966084298,1.025847324441653,5.0<= M < 5.5,0<= R < 50,25.0,100.7994706467106,3.275737477914862,s3,0.0426764476350662,0.0433707098980632,0.0452940445259938,0.050168706462793,0.0766246137104994,0.1649807286442405,0.0867732154332314,0.1189371920489296,0.111476773598369,0.0520427673088685,0.0369884122324159,0.0209378503771661,0.0126622269317023,0.0113177225993883,0.0031223741284403,0.0017057005474006,0.0006180064413863,0.0003199300356778,0.0002041436819571,,,
4615,CO_20190513180013,234,0.66,-78.01,15.8999999999999,4.9485,RNAC_219,CUM,173,0.9414,-77.8249,0,0.22,4.7029417493237,3,36.41542531,40.9351203,41.72093011,11.42857142857143,37.34327579667481,1,-0.2356569721667768,-0.6529,0.4172430278332232,-0.6306559889036599,0.3949990167368831,4.5<= M < 5.0,0<= R < 50,25.0,102.5479600437895,1.517771328794375,s3,0.017069523343527,0.0173273444954128,0.0177551122731906,0.0214080811518858,0.0378668655555555,0.0737832839245667,0.0348499589500509,0.0396767466055045,0.0327068212742099,0.0158428923649337,0.0057756315586136,0.0052917887879714,0.0041383006523955,0.003693966972477,0.0027750409480122,0.0013750790316004,0.0006322655158002,0.000250369196738,0.0001248695647298,6.907982262996941e-05,3.954671457696228e-05,2.093464729867482e-05
4652,CO_20191224190352,250,3.49,-74.0,10.0,5.9519,RNAC_226,CVER,261,4.5211,-74.0738,0,0.36,2.22521983400554,3,113.9726675,109.5062755,115.3797485,11.42857142857143,0.0,0,-0.3438730811184937,0.5689,-0.9127730811184936,0.6123475250898605,-0.9562206062083541,5.5<= M < 6.0,100<= R < 150,,0.0,0.4014095379799821,s3,0.0078654826605504,0.0079038159816513,0.0079439712415902,0.0081468274597349,0.0093823361314984,0.0113651945056065,0.0114272865749235,0.0151228363200815,0.0235789722120285,0.0226539430682976,0.0200815696534148,0.0120033378389398,0.0110695115800203,0.0100659300713557,0.0063042177013251,0.0033288353139653,0.001505440304791,0.0006687521896024,0.0004937121845056,0.0005337153476044,0.0003662781590214,0.0001745513516819
4653,CO_20191224191904,251,3.48,-74.12,10.0,5.7499,RNAC_226,CVER,261,4.5211,-74.0738,0,0.36,2.22521983400554,3,115.5791176,111.4694209,116.8451017,13.33333333333333,0.0,0,-0.7511730811184937,0.4666,-1.217773081118494,0.4667847875209912,-1.217957868639485,5.5<= M < 6.0,100<= R < 150,,0.0,0.2958883531487887,s3,0.0040095813771661,0.0040219545076452,0.0040550130295616,0.0041938346381243,0.0048037542650356,0.0059592417227319,0.0072885248277268,0.0087612640784913,0.0111287692762487,0.0109243576146788,0.0147593147604485,0.0085049856065239,0.0074114681304791,0.0069451030214067,0.0044386886238532,0.004138339207951,0.0018139115769622,0.0009000706768603,0.0005136282935779,0.000489910030581,0.0003294329887869,0.0001876265698267
4656,CO_20191225021122,254,3.43,-74.16,10.0,4.7,RNAC_226,CVER,261,4.5211,-74.0738,0,0.36,2.22521983400554,3,121.5759384,121.1029994,122.4585291,16.0,0.0,0,-0.7070730811184937,0.2955,-1.002573081118494,0.3075230193465084,-1.014596100465002,4.5<= M < 5.0,100<= R < 150,,0.0,0.3669340743018893,s3,0.0010309764159021,0.0010369927278287,0.0010449491743119,0.0010895896778797,0.0010905824964322,0.0013051776707441,0.001883014953109,0.0024349332935779,0.0036717300621814,0.0037981244393476,0.0026228411906218,0.001569354041794,0.0013869485667686,0.001275474099898,0.0004698564862385,0.0002963235922528,8.430212640163099e-05,5.56674250764526e-05,3.647825586136595e-05,1.850759734964322e-05,1.116725280326198e-05,6.487383282364934e-06
4658,CO_20191226034829,256,3.43,-74.17,19.0,4.6,RNAC_226,CVER,261,4.5211,-74.0738,0,0.36,2.22521983400554,3,122.0265164,122.464188,124.271872,13.33333333333333,0.0,0,-0.8032730811184938,0.287,-1.090273081118494,0.3195715874731849,-1.122844668591679,4.5<= M < 5.0,100<= R < 150,,0.0,0.3361246918658211,s3,0.0008752014342507,0.0008838524587155,0.0009698876207951,0.0009248717808358,0.0009487076014271,0.0010749973608562,0.0013652265188583,0.0026429852324159,0.0027030225270132,0.0031004709663608,0.0027177110764525,0.0012967016615698,0.0012536838399592,0.0006907175188583,0.0001898696799184,0.0001146948848114,3.898603873598369e-05,2.331069520897044e-05,1.593129051987768e-05,1.203586136595311e-05,6.525639143730887e-06,3.34339245667686e-06
4661,CO_20191224190352,250,3.49,-74.0,10.0,5.9519,RNAC_230,CVIL1,181,4.177,-73.639,0,0.26,1.91145803653505,1,86.26227546,80.11350546,87.52832723,11.42857142857143,0.0,0,0.6199961768146348,0.5689,0.05109617681463485,0.6123475250898605,0.007648651724774358,5.5<= M < 6.0,50<= R < 100,,0.0,1.052424107214186,s1,0.0180144291641182,0.0183865575127421,0.0203178872477064,0.026565188216106,0.0394685513761467,0.0502642353312945,0.0458925571253822,0.0428645721814475,0.0483224548725789,0.0410473733129459,0.0232759253109072,0.0149237391743119,0.0121708738022426,0.0064190055698267,0.0061032117502548,0.004328624227319,0.0015049796106014,0.000718652825688,0.0009088783190621,0.000914979825688,0.0008773891396534,0.0004578886330275
4871,CO_20190126123226,215,3.03,-75.72,10.0,5.6148,RNAC_244,FLO2,186,1.5825,-75.6525,0,0.5,1.83607985246559,1,161.2104112,158.2141012,161.7848695,8.88888888888889,0.0,0,0.3699957118104703,0.0052,0.3647957118104703,0.0717015906062698,0.2982941212042005,5.5<= M < 6.0,150<= R < 200,,0.0,1.440219758207417,s1,0.0034709769643221,0.0034753366493374,0.0035650375494393,0.0044041627573904,0.0048808985667686,0.0054402651529051,0.008340682883792,0.0078259643618756,0.0070525652303771,0.0088551894791029,0.0106574692762487,0.0121471225280326,0.0039088411671763,0.0022217825474006,0.0013358517859327,0.0009088391508664,0.0003136312579001,0.0001417933058103,9.058395412844036e-05,9.985968807339448e-05,5.417914780835882e-05,
4872,CO_20190128210709,216,3.08,-75.65,13.1,5.4808,RNAC_244,FLO2,186,1.5825,-75.6525,0,0.5,1.83607985246559,1,166.3332855,164.2699444,167.1255284,16.0,0.0,0,0.3092957118104703,-0.1838,0.4930957118104703,-0.0999893309835159,0.4092850427939863,5.0<= M < 5.5,150<= R < 200,,0.0,1.637377230228735,s1,0.002643428296636,0.0026747534750254,0.002752501540265,0.0031512099327217,0.0034296350071355,0.0043018924872579,0.0042920628705402,0.0044733310132517,0.0055313918440366,0.0076542950825688,0.0061230640428134,0.0064606828460754,0.0019255457971457,0.0013567846778797,0.0006619076136595,0.0004847297859327,0.0001484569592252,8.825038124362896e-05,6.72444260958206e-05,6.543016819571865e-05,4.058706727828746e-05,1.59647247706422e-05
4906,CO_20191224190352,250,3.49,-74.0,10.0,5.9519,RNAC_244,FLO2,186,1.5825,-75.6525,0,0.5,1.83607985246559,1,280.0969228,273.0028932,280.4860942,8.88888888888889,0.0,0,1.45319571181047,0.5689,0.8842957118104703,0.6123475250898605,0.8408481867206097,5.5<= M < 6.0,250<= R < 300,,0.0,2.421278512980766,s1,0.0061020215769622,0.0061479241957186,0.0062671572487257,0.0064703799072375,0.0077766932517838,0.0098346470519877,0.0159575507441386,0.0178653187971457,0.0204037460958205,0.0183310667686034,0.013835005443425,0.0148976146992864,0.0181714845361875,0.0068534811559633,0.0040775219184505,0.0028946414281345,0.0009858997512742,0.0005886527206931,0.0004486949520897,0.0002804737247706,0.0001304268797145,
4907,CO_20191224191904,251,3.48,-74.12,10.0,5.7499,RNAC_244,FLO2,186,1.5825,-75.6525,0,0.5,1.83607985246559,1,270.6486699,265.3817001,271.0084362,8.88888888888889,0.0,0,1.50889571181047,0.4666,1.04229571181047,0.4667847875209912,1.042110924289479,5.5<= M < 6.0,250<= R < 300,,0.0,2.835719542375129,s1,0.0051036318002038,0.005117924462793,0.0051462520040774,0.0053068258032619,0.0055583650050968,0.0071842379194699,0.012135160316004,0.0153939923139653,0.0106472663506625,0.0160225485524974,0.0094203083995922,0.0098832367288481,0.0080327132048929,0.0099223371600407,0.005530211335372,0.0026820817961264,0.0007215381162079,0.0005451377135575,0.0003120520937818,0.0001804661783893,0.0001079602945973,
4910,CO_20191225021122,254,3.43,-74.16,10.0,4.7,RNAC_244,FLO2,186,1.5825,-75.6525,0,0.5,1.83607985246559,1,264.2627936,263.1071747,264.5121141,16.0,0.0,0,0.9377957118104703,0.2955,0.6422957118104703,0.3075230193465084,0.6302726924639619,4.5<= M < 5.0,250<= R < 300,,0.0,1.900839654189058,s1,0.0006517991202854,0.0006570046778797,0.0006698603700305,0.0007062175412844,0.0011697458939857,0.001182124872579,0.0013142722222222,0.0014718025147808,0.0011638663037716,0.0016272768154943,0.0015703029276248,0.0013856399765545,0.0007244242201834,0.0004777368093781,0.0002569608022426,9.748313965341488e-05,3.703873802242609e-05,1.579051478083588e-05,1.146763200815494e-05,8.794715596330275e-06,4.992642201834862e-06,2.269398572884812e-06
4912,CO_20191226034829,256,3.43,-74.17,19.0,4.6,RNAC_244,FLO2,186,1.5825,-75.6525,0,0.5,1.83607985246559,1,263.2833239,262.1837712,264.0664956,13.33333333333333,0.0,0,0.6997957118104703,0.287,0.4127957118104703,0.3195715874731849,0.3802241243372854,4.5<= M < 5.0,250<= R < 300,,0.0,1.511036307529726,s1,0.0004834931162079,0.0004882135616717,0.0004973644954128,0.000556831775739,0.0007731512976554,0.0011273753425076,0.0014340596523955,0.0015566540642201,0.0012491766024464,0.0009651325198776,0.0011637691131498,0.0010137984536187,0.0007210779062181,0.000716128786952,0.0001922447186544,9.47980754332314e-05,3.228605402650357e-05,1.56569877675841e-05,8.75421508664628e-06,5.990902140672782e-06,4.082918450560652e-06,2.075519877675841e-06
4937,CO_20180719053934,179,3.43,-74.6,47.8,4.8688,RNAC_245,GARC,187,2.1867,-75.4938,0,0.36,3.52981096785829,3,170.493728,175.0298984,177.9335521,11.42857142857143,0.0,0,0.7612370240252282,0.0868,0.6744370240252282,0.1316574873149184,0.6295795367103099,4.5<= M < 5.0,150<= R < 200,,0.0,1.962927583774536,s3,0.0052891942150866,0.005347993482161,0.0054355659408766,0.0065630040356778,0.0089593744892966,0.0098115915453618,0.015587153659531,0.0131738650662589,0.0129076234148827,0.0158701738939857,0.012628673404689,0.0044851548613659,0.0011903819582059,0.0006480675412844,0.0002869997726809,0.000157451462793,6.585174617737003e-05,3.815970336391437e-05,2.301484301732926e-05,1.537849439347605e-05,9.387666666666668e-06,5.368198776758409e-06
4959,CO_20190126123226,215,3.03,-75.72,10.0,5.6148,RNAC_245,GARC,187,2.1867,-75.4938,0,0.36,3.52981096785829,3,97.14135924,94.01361203,98.32097942,6.666666666666667,0.0,0,-0.1707629759747717,0.0052,-0.1759629759747717,0.0717015906062698,-0.2424645665810415,5.5<= M < 6.0,50<= R < 100,,0.0,0.8386490329252327,s3,0.0107559696330275,0.0111316195310907,0.0117197015188583,0.0161038162385321,0.0248770131294597,0.0248683050356778,0.0270635655351681,0.0198289712028542,0.0203240928032619,0.0226482333333333,0.0307401925484199,0.0218551126707441,0.0034026299877675,0.0021188466452599,0.0008791615290519,0.0008682509826707,0.000421661737003,0.000216575767584,0.0001854689469928,0.0001456811121304,,
4960,CO_20190128210709,216,3.08,-75.65,13.1,5.4808,RNAC_245,GARC,187,2.1867,-75.4938,0,0.36,3.52981096785829,3,100.6831462,98.78270599,102.2473869,8.88888888888889,0.0,0,-0.4174629759747717,-0.1838,-0.2336629759747717,-0.0999893309835159,-0.3174736449912557,5.0<= M < 5.5,50<= R < 100,,0.0,0.7916285687887309,s3,0.0068715277278287,0.0071021976340468,0.0078131709011213,0.0130286645463812,0.0178489581957186,0.0198370356371049,0.01950075,0.019672909520897,0.0240445125382263,0.020738637196738,0.0135564649745158,0.0099152392945973,0.0022783905331294,0.0010087249255861,0.0004820277319062,0.0003059309469928,0.0002020998848114,9.701398470948012e-05,0.0001121701335372,9.123784505606524e-05,7.711439551478083e-05,
4963,CO_20190214062441,219,0.63,-77.79,10.0,5.0522,RNAC_245,GARC,187,2.1867,-75.4938,1,0.36,3.52981096785829,3,308.5010472,306.061172,308.7998335,16.0,18.81895382675088,1,-0.8913629759747718,-0.7448,-0.1465629759747717,-0.5841042966084298,-0.307258679366342,5.0<= M < 5.5,,0.0,6.100126400721948,0.8636713400775538,s3,0.0002660410010193,0.000267668108053,0.0002725683425076,0.000276610393476,0.0003018667196738,0.0004044767502548,0.0005285201376146,0.0007300842762487,0.0008621837043832,0.0006520642721712,0.0009577470958205,0.0005359562395514,0.0003022574464831,0.0001328707359836,3.780607747196738e-05,2.013155657492355e-05,8.8586126401631e-06,6.388499490316005e-06,7.749897043832824e-06,5.650460754332314e-06,4.177597349643221e-06,2.882080530071356e-06
4978,CO_20190513180013,234,0.66,-78.01,15.8999999999999,4.9485,RNAC_245,GARC,187,2.1867,-75.4938,1,0.36,3.52981096785829,3,326.0569328,325.7194078,326.6014469,20.0,36.91787089232322,1,-0.6712629759747717,-0.6529,-0.01836297597477171,-0.6306559889036599,-0.04060698707111177,4.5<= M < 5.0,,25.0,11.32252290276197,0.9818045961929933,s3,0.0002331144230377,0.000234690520897,0.0002341309979612,0.0002382692201834,0.0002569755718654,0.0002758690754332,0.0003159082446483,0.0004402172589194,0.0005603198521916,0.0007454940377166,0.0009330505565749,0.0004637630316004,0.0001318485494393,7.87734862385321e-05,2.745577675840979e-05,1.443766972477064e-05,5.676351681957186e-06,4.995334352701325e-06,6.231217125382263e-06,4.233775739041794e-06,3.280231396534149e-06,2.131085626911315e-06
4989,CO_20191224190352,250,3.49,-74.0,10.0,5.9519,RNAC_245,GARC,187,2.1867,-75.4938,0,0.36,3.52981096785829,3,219.6265083,213.0940861,220.2330153,5.714285714285714,0.0,0,1.667037024025228,0.5689,1.098137024025228,0.6123475250898605,1.054689498935368,5.5<= M < 6.0,200<= R < 250,,0.0,2.998574544832408,s3,0.0286828068705402,0.0288430166462793,0.0291534705198776,0.0333357568705402,0.0467544021202854,0.0426742488277268,0.0712893075840978,0.0773018478083588,0.0793946685626911,0.082854521049949,0.1154756709480122,0.0503100808053007,0.0196628624159021,0.0082431130234454,0.0027830900835881,0.0019387055728848,0.0008432446462793,0.0005113689255861,0.0002823878358817,,,
4990,CO_20191224191904,251,3.48,-74.12,10.0,5.7499,RNAC_245,GARC,187,2.1867,-75.4938,0,0.36,3.52981096785829,3,209.0590172,204.4355283,209.6344991,6.666666666666667,0.0,0,1.445837024025228,0.4666,0.9792370240252283,0.4667847875209912,0.9790522365042371,5.5<= M < 6.0,200<= R < 250,,0.0,2.662424101166865,s3,0.0187664132313965,0.0189871027013251,0.0194258306218144,0.0205082939347604,0.0293002022018348,0.0340666901732925,0.0571163778389398,0.0472464395820591,0.0548641332517838,0.0488954117635066,0.0462396378083588,0.0310397994189602,0.0068107139062181,0.0036192267553516,0.0031111101681957,0.0016034385871559,0.0004106039439347,0.0002640051936799,0.0001629285005096,0.0001285596218144,,
4993,CO_20191225021122,254,3.43,-74.16,10.0,4.7,RNAC_245,GARC,187,2.1867,-75.4938,0,0.36,3.52981096785829,3,202.9184217,202.1691618,203.3372955,8.88888888888889,0.0,0,1.179937024025228,0.2955,0.8844370240252283,0.3075230193465084,0.8724140046787199,4.5<= M < 5.0,200<= R < 250,,0.0,2.421620693386548,s3,0.0035186743761467,0.0035390467247706,0.0035652548042813,0.0043965661600407,0.0057951833027522,0.0070347579011213,0.0085726743017329,0.0081679972426095,0.0080932130937818,0.0102673674108053,0.0162247812742099,0.0062948842670744,0.0015332620642201,0.00056993945158,0.0002409707696228,0.0001354826350662,5.098713965341488e-05,2.874502956167176e-05,1.846120591233435e-05,1.268165545361876e-05,8.135976554536188e-06,
4995,CO_20191226034829,256,3.43,-74.17,19.0,4.6,RNAC_245,GARC,187,2.1867,-75.4938,0,0.36,3.52981096785829,3,201.8593179,201.2135217,203.0422639,13.33333333333333,0.0,0,1.036137024025228,0.287,0.7491370240252282,0.3195715874731849,0.7165654365520433,4.5<= M < 5.0,200<= R < 250,,0.0,2.115173884527136,s3,0.0028941214475025,0.0029198820815494,0.0029497970234454,0.0033171751121304,0.0050845376921508,0.0044647552874617,0.0095464844271151,0.0067562656941896,0.0099339488634046,0.0073442133955147,0.0064113865953109,0.0030034786034658,0.0008260314424057,0.0003716987074413,0.0001565691610601,7.900151274209989e-05,3.201944648318043e-05,1.680194903160041e-05,1.066652905198777e-05,7.373528032619776e-06,4.868031600407747e-06,2.7424750254842e-06
5115,CO_20180719053934,179,3.43,-74.6,47.8,4.8688,RNAC_247,GUA,189,2.5421,-72.6239,0,0.36,5.23794459962821,3,239.8955065,243.3425628,244.8837211,13.33333333333333,0.0,0,1.117929430469431,0.0868,1.031129430469431,0.1316574873149184,0.9862719431545128,4.5<= M < 5.0,200<= R < 250,,0.0,2.804231231010707,s3,0.0050748546044852,0.0051678902201834,0.0053282179775739,0.006376524,0.0082471160479102,0.0090623007441386,0.0125836997145769,0.0163258422426095,0.013869624678899,0.0159606585219164,0.0123160804179408,0.0047779207624872,0.0017290451906218,0.0005907768521916,0.0002529611997961,0.0001437682099898,7.156092354740061e-05,3.68794505606524e-05,2.602089296636086e-05,1.627579001019368e-05,1.014913965341488e-05,5.76324872579001e-06
5147,CO_20181213092820,211,4.89,-73.28,7.5,4.5,RNAC_247,GUA,189,2.5421,-72.6239,0,0.36,5.23794459962821,3,270.9178811,269.6467706,270.919774,26.66666666666667,0.0,0,0.2853294304694313,-0.4036,0.6889294304694313,-0.2892772565418929,0.5746066870113242,,250<= R < 300,,0.0,1.991582264250711,s3,0.0007412649296636,0.0007477855851172,0.0007631467441386,0.0008429746523955,0.0011550283832823,0.0013310863588175,0.0016343050468909,0.002498353158002,0.0025615752456676,0.002837463678899,0.001204924617737,0.0005055213312945,0.0001957566697247,0.0001253648002038,4.042647604485219e-05,2.571619062181447e-05,1.049764933741081e-05,7.416195718654435e-06,3.955254841997962e-06,3.289255861365953e-06,1.756159021406728e-06,1.010766564729868e-06
5151,CO_20190126123226,215,3.03,-75.72,10.0,5.6148,RNAC_247,GUA,189,2.5421,-72.6239,0,0.36,5.23794459962821,3,348.0563616,344.0389382,348.3159691,6.153846153846153,0.0,0,-1.498670569530569,0.0052,-1.503870569530569,0.0717015906062698,-1.570372160136838,5.5<= M < 6.0,,,0.0,0.2222681885857633,s3,0.0003720203068297,0.0004110416636085,0.000443787687054,0.0004381323751274,0.0005252884495412,0.0005788990601427,0.0006249734617737,0.0006408924169215,0.0006430610122324,0.0006405769459734,0.0006227418552497,0.0006061554016309,0.0005585234750254,0.0005580044485219,0.000536261462793,0.0004797870397553,0.0005466853496432,0.0005104515188583,0.0004781274668705,0.0004207208848114,,
5152,CO_20190128210709,216,3.08,-75.65,13.1,5.4808,RNAC_247,GUA,189,2.5421,-72.6239,0,0.36,5.23794459962821,3,341.4851809,337.7649514,341.8634506,10.0,0.0,0,-2.139970569530569,-0.1838,-1.956170569530569,-0.0999893309835159,-2.039981238547053,5.0<= M < 5.5,,,0.0,0.1413988625814329,s3,0.0001714988827726,0.0001978148786952,0.000264824814475,0.0002391014892966,0.0001756428307849,0.0001724050061162,0.0001230450978593,0.0001048488695208,9.69105871559633e-05,9.553013455657492e-05,9.46867247706422e-05,9.488321610601427e-05,8.13607380224261e-05,7.193255861365954e-05,5.94176126401631e-05,5.072008868501529e-05,4.410966768603466e-05,4.021848521916412e-05,4.071642405708461e-05,3.824871457696228e-05,3.860586442405708e-05,2.607016717635066e-05
5182,CO_20191224190352,250,3.49,-74.0,10.0,5.9519,RNAC_247,GUA,189,2.5421,-72.6239,0,0.36,5.23794459962821,3,187.4671123,185.0765336,188.0343396,4.705882352941176,0.0,0,1.511329430469431,0.5689,0.9424294304694313,0.6123475250898605,0.8989819053795707,5.5<= M < 6.0,150<= R < 200,,0.0,2.566208275984352,s3,0.041045129011213,0.0413136558817533,0.041941069490316,0.050201534362895,0.1013943987054026,0.1011546306727828,0.1016372824974515,0.129742923853211,0.1272826689092762,0.1333109180428134,0.1006434092456676,0.0767587108154943,0.019376359745158,0.0069936936911314,0.0036890102742099,0.0026621249622833,0.0016691666625891,0.0007316738654434,,,,
5183,CO_20191224191904,251,3.48,-74.12,10.0,5.7499,RNAC_247,GUA,189,2.5421,-72.6239,0,0.36,5.23794459962821,3,197.3297947,194.8711797,197.8106039,4.848484848484848,0.0,0,1.732429430469431,0.4666,1.265829430469431,0.4667847875209912,1.26564464294844,5.5<= M < 6.0,150<= R < 200,,0.0,3.546032704261367,s3,0.0357493901529052,0.0362216434760448,0.0378103090519877,0.046371268786952,0.070281520540265,0.0806212217635066,0.0909756392558613,0.0973223757696228,0.0939363063608562,0.0796122884403669,0.0894521290316004,0.0479492944444444,0.0154686836085626,0.009472158617737,0.0036664275800203,0.0025252864770642,0.0009469280377166,0.0004895323282364,,,,
5227,CO_20190126123226,215,3.03,-75.72,10.0,5.6148,RNAC_248,GUY2C,190,5.226,-75.3829,1,0.92,1.95991916522137,1,246.9344401,244.9367491,247.5023243,11.42857142857143,83.8853532923249,1,-0.6584784235553217,0.0052,-0.6636784235553217,0.0717015906062698,-0.7301800141615915,5.5<= M < 6.0,200<= R < 250,75.0,33.97069815711174,0.5149536287907703,s1,0.000357169745158,0.0003590667849133,0.0003626403924566,0.0004004850346585,0.0004330661253822,0.0004856540601427,0.000581701316004,0.0006997891702344,0.0007667983037716,0.0008627771202854,0.0012033370407747,0.0007779973292558,0.0010064665056065,0.0006842864566768,0.0004135868419979,0.0003558708501529,0.0001598507186544,0.0001193786156982,8.122228236493374e-05,6.262454841997961e-05,3.795971661569827e-05,2.214793476044852e-05
5228,CO_20190128210709,216,3.08,-75.65,13.1,5.4808,RNAC_248,GUY2C,190,5.226,-75.3829,1,0.92,1.95991916522137,1,240.6548711,238.6701013,241.4346409,16.0,90.13719989810039,1,-0.5614784235553217,-0.1838,-0.3776784235553218,-0.0999893309835159,-0.4614890925718058,5.0<= M < 5.5,200<= R < 250,75.0,37.45496589622132,0.6854508900881837,s1,0.0003400245290519,0.0003400731763506,0.0003418100234454,0.0003610294546381,0.0003740142497451,0.0004373847747196,0.0004795791671763,0.0006192431202854,0.0006391469867482,0.0008380835066258,0.0006828350754332,0.0007346732130479,0.0013013238919469,0.0007332879755351,0.00048313335474,0.000257326316004,0.0001222441121304,6.89609867482161e-05,5.517468603465852e-05,3.829159327217125e-05,2.564151478083588e-05,1.664022731906218e-05
5277,CO_20180719053934,179,3.43,-74.6,47.8,4.8688,RNAC_249,IBA1C,194,4.447,-75.235,0,0.25,1.62034343045018,3,133.7447926,140.148585,142.8643498,16.0,0.0,0,1.275058779487477,0.0868,1.188258779487477,0.1316574873149184,1.143401292172559,4.5<= M < 5.0,100<= R < 150,,0.0,3.281362654234333,s3,0.0077981883211009,0.0079648108460754,0.0079429496004077,0.0091214262538226,0.0106058507543323,0.0166793662793068,0.0199174509378185,0.0199269341488277,0.0317810406931702,0.0200600047196738,0.0111279842711518,0.0170418798165137,0.0076561428685015,0.0034842221019367,0.0008008173985728,0.0004336001284403,0.0001819947798165,9.26578501529052e-05,5.708523139653415e-05,4.013432721712538e-05,2.535281855249745e-05,1.403414067278287e-05
5307,CO_20181213092820,211,4.89,-73.28,7.5,4.5,RNAC_249,IBA1C,194,4.447,-75.235,0,0.25,1.62034343045018,3,222.6144113,221.9314055,222.6239679,13.33333333333333,0.0,0,0.5970587794874773,-0.4036,1.000658779487477,-0.2892772565418929,0.8863360360293702,,200<= R < 250,,0.0,2.720073166752492,s3,0.0006996481304791,0.0016433798929663,0.0017068287206931,0.0017807242548419,0.0014002379683995,0.0009124270540265,0.0003112866768603,0.0004703606941896,0.0005712254057084,0.0003354111946992,0.0002552177828746,0.0002251260081549,0.0001412722956167,8.823011926605504e-05,6.933499694189602e-05,4.228065239551478e-05,1.235122731906218e-05,6.563888888888889e-06,3.85798369011213e-06,2.959384301732925e-06,2.858796126401631e-06,2.362056065239551e-06
5311,CO_20190126123226,215,3.03,-75.72,10.0,5.6148,RNAC_249,IBA1C,194,4.447,-75.235,0,0.25,1.62034343045018,3,166.3955266,165.155449,167.0257254,4.705882352941176,0.0,0,1.827858779487477,0.0052,1.822658779487477,0.0717015906062698,1.756157188881208,5.5<= M < 6.0,150<= R < 200,,0.0,6.188289894644219,s3,0.0193848074719673,0.0195139270540265,0.0197046911620795,0.0206957823037716,0.0258162266564729,0.0317651917838939,0.053918211814475,0.0728391443527013,0.0511289929153924,0.0281387677471967,0.0254776927828746,0.0245986909378185,0.0142210595718654,0.0072555798542303,0.0024644503098878,0.0012998592609582,0.0006153302579001,0.0002350332691131,,,,
5312,CO_20190128210709,216,3.08,-75.65,13.1,5.4808,RNAC_249,IBA1C,194,4.447,-75.235,0,0.25,1.62034343045018,3,159.0435384,157.7623401,159.9631292,8.88888888888889,0.0,0,1.210058779487477,-0.1838,1.393858779487477,-0.0999893309835159,1.310048110470993,5.0<= M < 5.5,150<= R < 200,,0.0,4.030372403426839,s3,0.0097356847431192,0.009893790678899,0.0101640528093781,0.0119620190316004,0.015702862895005,0.0223436111416921,0.0246756150764526,0.0285037544750254,0.0246922070948012,0.0199693045158002,0.0126990838328236,0.0131416792150866,0.0125669745973496,0.007554508304791,0.0032662471794087,0.0010557196340468,0.0005058469908256,0.0002381052864424,0.0001526081457696,8.980868909276248e-05,5.335612436289501e-05,
5344,CO_20191224190352,250,3.49,-74.0,10.0,5.9519,RNAC_249,IBA1C,194,4.447,-75.235,0,0.25,1.62034343045018,3,171.6456879,170.4434937,172.3571509,4.705882352941176,0.0,0,0.3223587794874773,0.5689,-0.2465412205125227,0.6123475250898605,-0.2899887456023832,5.5<= M < 6.0,150<= R < 200,,0.0,0.7814991470776823,s3,0.0063497919245667,0.0064589463588175,0.0067224204352701,0.0092248242324159,0.0144306806625891,0.0164727228746177,0.0120094933027522,0.0130492549643221,0.015443044169215,0.0161000847604485,0.0101098180244648,0.0084899786034658,0.0028116647767584,0.001074200099898,0.0006077702110091,0.0003466062110091,0.0001376501202854,9.453658307849134e-05,,,,
5347,CO_20191225021122,254,3.43,-74.16,10.0,4.7,RNAC_249,IBA1C,194,4.447,-75.235,0,0.25,1.62034343045018,3,164.5006689,163.3901973,164.964053,13.33333333333333,0.0,0,0.5259587794874773,0.2955,0.2304587794874773,0.3075230193465084,0.2184357601409688,4.5<= M < 5.0,150<= R < 200,,0.0,1.259177562271426,s3,0.0016323866320081,0.0016690867910295,0.0017160507400611,0.0021512822446483,0.0030860383873598,0.0045050922538226,0.0039557824801223,0.0041253029184505,0.0052028814576962,0.0037027387910295,0.002824585099898,0.0029169474607543,0.00178219108053,0.0009166356758409,0.0003369277461773,0.0001363339908256,5.512042609582059e-05,2.700918246687054e-05,1.747914475025484e-05,1.144499184505606e-05,6.643114169215086e-06,3.978732925586137e-06
5349,CO_20191226034829,256,3.43,-74.17,19.0,4.6,RNAC_249,IBA1C,194,4.447,-75.235,0,0.25,1.62034343045018,3,163.9463733,164.4684192,165.3109387,13.33333333333333,0.0,0,1.218758779487477,0.287,0.9317587794874773,0.3195715874731849,0.8991871920142924,4.5<= M < 5.0,150<= R < 200,,0.0,2.538970742674742,s3,0.003047417011213,0.0030630245871559,0.0031409790122324,0.0033647628379204,0.003909952227319,0.0060172179174311,0.0095271933211009,0.0059576824403669,0.0086343133516819,0.0062047706472986,0.0045947039266055,0.003762596786952,0.0014858343414882,0.000579549138634,0.0002252942456676,0.0001264875270132,4.903610295616717e-05,2.322043017329256e-05,1.422019571865443e-05,9.185485219164118e-06,5.998462793068297e-06,3.496461773700306e-06
5374,CO_20180719053934,179,3.43,-74.6,47.8,4.8688,RNAC_250,JAMC,248,3.2148,-76.6734,1,0.2,5.08515644189111,2,232.1097746,235.2538978,237.5897484,20.0,0.0,0,-0.5207538183500976,0.0868,-0.6075538183500976,0.1316574873149184,-0.652411305665016,4.5<= M < 5.0,200<= R < 250,,0.0,0.544681630978979,s2,0.0005829928715596,0.0005872738226299,0.000609773235474,0.0006075063781855,0.0007011827003058,0.0009294420948012,0.0013692239551478,0.0029763948797145,0.001976586933741,0.0011738788277268,0.0005752793720693,0.0003820313649337,0.0002267332874617,0.0001630234352701,7.942813047910296e-05,4.023305912334352e-05,1.965041692150866e-05,9.414343527013253e-06,5.744518858307849e-06,4.055779816513761e-06,2.066006116207951e-06,1.349125382262997e-06
5410,CO_20190126123226,215,3.03,-75.72,10.0,5.6148,RNAC_250,JAMC,248,3.2148,-76.6734,1,0.2,5.08515644189111,2,107.8879473,104.6347544,108.9263349,6.666666666666667,0.0,0,0.2025461816499025,0.0052,0.1973461816499025,0.0717015906062698,0.1308445910436327,5.5<= M < 6.0,100<= R < 150,,0.0,1.218165674323779,s2,0.0096688596656472,0.0097542056931702,0.0098433429001019,0.0108739341896024,0.0131761057492354,0.0213010292558613,0.031976403119266,0.0390044904179408,0.0239510393272171,0.0116226238634046,0.0120120763914373,0.0097550030397553,0.0030325684923547,0.0019690728318042,0.0008282120203873,0.0007033223588175,0.0003646562252803,0.0003648345820591,0.0002707124057084,0.0002086848103975,,
5411,CO_20190128210709,216,3.08,-75.65,13.1,5.4808,RNAC_250,JAMC,248,3.2148,-76.6734,1,0.2,5.08515644189111,2,114.4774394,112.2403894,115.8280394,8.0,0.0,0,0.1453461816499025,-0.1838,0.3291461816499025,-0.0999893309835159,0.2453355126334184,5.0<= M < 5.5,100<= R < 150,,0.0,1.389781001218928,s2,0.0071911172793068,0.0072600728756371,0.0073626686391437,0.0082630377818552,0.0111501087359836,0.015121713088685,0.0185714909683995,0.0270230773394495,0.0203053063710499,0.0090746868103975,0.003936829030581,0.0036114485739041,0.0016464500489296,0.0011769123414882,0.0005019955086646,0.000301270069317,0.0002396805423037,0.0002100567635066,0.0001696921396534,0.0001227488430173,6.788985219164117e-05,
5433,CO_20191224190352,250,3.49,-74.0,10.0,5.9519,RNAC_250,JAMC,248,3.2148,-76.6734,1,0.2,5.08515644189111,2,296.7969191,292.2787498,297.2361712,10.0,0.0,0,0.5139461816499025,0.5689,-0.05495381835009755,0.6123475250898605,-0.09840134343995799,5.5<= M < 6.0,250<= R < 300,,0.0,0.9465288592085457,s2,0.0035990964505606,0.003625057216106,0.0036828579510703,0.0037834323098878,0.0045714004495412,0.0048294008165137,0.0072708391569826,0.0136662432517838,0.0105645014067278,0.0100571498307849,0.0045644764566768,0.0032483295606523,0.0025147925372069,0.0023114955677879,0.0015205867349643,0.0010265366075433,0.0003800858501529,0.0003389070387359,0.0001865326819571,0.0001069356167176,6.385738939857288e-05,3.065104281345566e-05
5434,CO_20191224191904,251,3.48,-74.12,10.0,5.7499,RNAC_250,JAMC,248,3.2148,-76.6734,1,0.2,5.08515644189111,2,283.8444577,281.4938015,284.2588099,10.0,0.0,0,0.9874461816499025,0.4666,0.5208461816499025,0.4667847875209912,0.5206613941289113,5.5<= M < 6.0,250<= R < 300,,0.0,1.683451552986144,s2,0.0046504504006116,0.0046794594393476,0.0047365251314984,0.0049018203384301,0.005372630961264,0.0066483143812436,0.0099345615096839,0.0202348639449541,0.0147006586544342,0.0099323071447502,0.0039827539989806,0.0035004694913353,0.0021234005993883,0.00240142453211,0.0018829945372069,0.0012995262120285,0.0006298082915392,0.0004070668358817,0.0001945933730886,0.0001013948154943,5.715793679918451e-05,3.061959531090724e-05
5437,CO_20191225021122,254,3.43,-74.16,10.0,4.7,RNAC_250,JAMC,248,3.2148,-76.6734,1,0.2,5.08515644189111,2,280.350724,279.7621658,280.6457456,16.0,0.0,0,0.3668461816499025,0.2955,0.07134618164990246,0.3075230193465084,0.05932316230339402,4.5<= M < 5.0,250<= R < 300,,0.0,1.073952944325775,s2,0.0005528364750254,0.0005566599357798,0.000566308678899,0.0005836527237512,0.0006708734169215,0.0008639249887869,0.001477291648318,0.0034120779785932,0.0017925995290519,0.0009310897971457,0.0007494568134556,0.000448828316004,0.0002547923078491,0.00020064980632,0.0001641925300713,0.0001026125851172,3.075982364933742e-05,1.687248318042814e-05,8.736707441386341e-06,5.525581039755352e-06,4.367731906218145e-06,2.376170234454638e-06
5439,CO_20191226034829,256,3.43,-74.17,19.0,4.6,RNAC_250,JAMC,248,3.2148,-76.6734,1,0.2,5.08515644189111,2,279.2138127,278.3011699,280.0562149,13.33333333333333,0.0,0,0.3900461816499025,0.287,0.1030461816499025,0.3195715874731849,0.07047459417671759,4.5<= M < 5.0,250<= R < 300,,0.0,1.108542602220264,s2,0.0005339242324159,0.0005384283476044,0.0005440580754332,0.0005658249286442,0.0006341612752293,0.0008047879317023,0.0015672440265035,0.0036423420672782,0.0016547516697247,0.0006977556004077,0.0005831892609582,0.0003228439266055,0.0001603843231396,0.0001147420876656,7.911520693170235e-05,3.70678124362895e-05,1.022945259938838e-05,6.119487257900102e-06,3.46041997961264e-06,2.198928644240571e-06,1.485487257900102e-06,9.595688073394494e-07
5489,CO_20181213092820,211,4.89,-73.28,7.5,4.5,RNAC_251,MACC,195,2.1452,-73.8477,0,0.14,2.26254199829521,2,311.7299032,310.3739822,311.7318466,16.0,0.0,0,0.9305107718741306,-0.4036,1.334110771874131,-0.2892772565418929,1.219788028416023,,,,0.0,3.796618385079355,s2,0.0004204200825688,0.000424538412844,0.0004303927512742,0.0004500880428134,0.0005573061732925,0.0006613062038735,0.0008261653221202,0.0011199112059123,0.0014100434954128,0.0015171075280326,0.0007212151314984,0.0003541966901121,0.0001901639194699,0.0001420993761467,7.173935983690112e-05,4.869441590214067e-05,1.265470948012232e-05,7.654832823649336e-06,6.752113149847095e-06,3.185317023445464e-06,1.464296636085627e-06,7.832884811416922e-07
5493,CO_20190126123226,215,3.03,-75.72,10.0,5.6148,RNAC_251,MACC,195,2.1452,-73.8477,0,0.14,2.26254199829521,2,230.0427204,225.7105136,230.4404714,8.0,0.0,0,1.322010771874131,0.0052,1.316810771874131,0.0717015906062698,1.250309181267861,5.5<= M < 6.0,200<= R < 250,,0.0,3.731501769794246,s2,0.0063118662038735,0.0064204770030581,0.0066116601712538,0.0075042064811416,0.0135492604791029,0.0152549867482161,0.0162926962385321,0.0170526899490316,0.0184449817329255,0.0100700524230377,0.006049661324159,0.0054162352629969,0.0054088421243628,0.0047958210020387,0.0035511823190621,0.0013678254994903,0.0006255618878695,0.0004536786075433,0.0002171799327217,0.0001104379785932,5.54792385321101e-05,
5494,CO_20190128210709,216,3.08,-75.65,13.1,5.4808,RNAC_251,MACC,195,2.1452,-73.8477,0,0.14,2.26254199829521,2,225.629243,221.7961238,226.2076099,13.33333333333333,0.0,0,0.9003107718741306,-0.1838,1.084110771874131,-0.0999893309835159,1.000300102857646,5.0<= M < 5.5,200<= R < 250,,0.0,2.956809371323094,s2,0.0036466936391437,0.0036998125035677,0.0038370951569826,0.0041998628053007,0.0061776546901121,0.0092208286156982,0.0109493016309887,0.0112734314678899,0.0098880113679918,0.005409407590214,0.0037634416860346,0.0028146571060142,0.001726323196738,0.0015454505239551,0.0012432151977573,0.0007800544342507,0.0004094610101936,0.0002417749847094,0.0001306423425076,6.330452905198777e-05,3.102925586136595e-05,2.331546788990825e-05
5528,CO_20191224190352,250,3.49,-74.0,10.0,5.9519,RNAC_251,MACC,195,2.1452,-73.8477,0,0.14,2.26254199829521,2,151.5434106,144.8385738,152.2530011,8.421052631578947,0.0,0,2.307910771874131,0.5689,1.739010771874131,0.6123475250898605,1.69556324678427,5.5<= M < 6.0,100<= R < 150,,0.0,5.691710237027759,s2,0.0562334463608562,0.0569793488379204,0.0583638645056065,0.0667289029153924,0.103107616207951,0.1086440694189602,0.1626333883792048,0.1323463525993883,0.1293711724770642,0.098706967961264,0.0704571528746177,0.0406084521202854,0.0159560814576962,0.0105091058002038,0.0074220501600407,0.0041940088909276,0.0014196455494393,0.0007305352976554,0.0004536691019367,0.0003269748756371,0.000196180698267,
5529,CO_20191224191904,251,3.48,-74.12,10.0,5.7499,RNAC_251,MACC,195,2.1452,-73.8477,0,0.14,2.26254199829521,2,152.0599278,146.7936226,152.6913306,8.0,0.0,0,2.069710771874131,0.4666,1.60311077187413,0.4667847875209912,1.602925984353139,5.5<= M < 6.0,100<= R < 150,,0.0,4.968464168225631,s2,0.0335795950560652,0.0343844335270132,0.0357721783690112,0.0402939482364933,0.0680217425280326,0.1052901771661569,0.1038018165137614,0.0982826197859327,0.0964304872171253,0.0401299223751274,0.034172732609582,0.0416581296330275,0.0191012539041794,0.0226253460142711,0.0111674642711518,0.0051746216136595,0.0016176691712538,0.0007993705963302,0.0004999856738022,0.0003301527920489,0.0002065252344546,
5532,CO_20191225021122,254,3.43,-74.16,10.0,4.7,RNAC_251,MACC,195,2.1452,-73.8477,0,0.14,2.26254199829521,2,147.038493,145.6691078,147.4792859,11.42857142857143,0.0,0,1.96971077187413,0.2955,1.674210771874131,0.3075230193465084,1.662187752527622,4.5<= M < 5.0,100<= R < 150,,0.0,5.334583284063061,s2,0.0081065907910295,0.0082860802548419,0.0085783964933741,0.0097795158899082,0.0137412833639143,0.024224329551478,0.0307448727930682,0.0202019745769622,0.0225451329153924,0.0126616663506625,0.0078892202130479,0.0089404141396534,0.0023147445137614,0.001961822795107,0.0007668206432212,0.0003567006391437,0.0001418412895005,6.953677166156983e-05,4.287677981651377e-05,2.99062120285423e-05,1.810100305810398e-05,1.003725790010194e-05
5534,CO_20191226034829,256,3.43,-74.17,19.0,4.6,RNAC_251,MACC,195,2.1452,-73.8477,0,0.14,2.26254199829521,2,146.9504672,147.2841186,148.337036,11.42857142857143,0.0,0,1.594110771874131,0.287,1.307110771874131,0.3195715874731849,1.274539184400946,4.5<= M < 5.0,100<= R < 150,,0.0,3.695481184894963,s2,0.0051741582477064,0.005275732678899,0.0054601689765545,0.0063412684424057,0.0110637780835881,0.0180147695922528,0.0195439829153924,0.012962022324159,0.0087387379643221,0.0053844528012232,0.0034538042895005,0.0019088865005096,0.0008435036004077,0.0006107345993883,0.0002464160519877,0.0001129789704383,4.139897859327217e-05,2.199239551478084e-05,1.383157084607543e-05,9.39579612640163e-06,6.3668124362895e-06,3.393934760448522e-06
5559,CO_20180719053934,179,3.43,-74.6,47.8,4.8688,RNAC_252,MAL,196,4.01,-77.3318,1,0.22,1.97108042447752,3,310.6467879,312.4090498,314.495828,20.0,0.0,0,-0.4671328259918039,0.0868,-0.5539328259918039,0.1316574873149184,-0.5987903133067223,4.5<= M < 5.0,,,0.0,0.5746852232027986,s3,0.000299104296636,0.0003020862313965,0.000301676795107,0.0003093942008154,0.0003217482935779,0.000342419049949,0.0004457755677879,0.0008672266972477,0.0010837143557594,0.0011119489877675,0.0006888480489296,0.0004263050030581,0.0002767435728848,0.0002011406493374,0.000124073207951,9.126644444444444e-05,4.336491845056065e-05,2.456887869520897e-05,1.333364118246687e-05,8.675246687054026e-06,4.134206931702344e-06,2.341363914373089e-06
5595,CO_20190126123226,215,3.03,-75.72,10.0,5.6148,RNAC_252,MAL,196,4.01,-77.3318,1,0.22,1.97108042447752,3,209.4800524,205.1964426,209.9033349,20.0,0.0,0,-0.739432825991804,0.0052,-0.744632825991804,0.0717015906062698,-0.8111344165980738,5.5<= M < 6.0,200<= R < 250,,0.0,0.4749086420406347,s3,0.001164940678899,0.0011665981467889,0.0011673208460754,0.0011763123639143,0.001224540833843,0.0013269359357798,0.0020161208491335,0.003371266617737,0.0032593135881753,0.0030061572895005,0.0028494543802242,0.0024451683761467,0.0017839384943934,0.001939567277268,0.0017130685942915,0.0010465091916411,0.0006786875677879,0.000259281011213,0.0002697804882772,0.000242546667686,0.0001795985759429,9.02990377166157e-05
5596,CO_20190128210709,216,3.08,-75.65,13.1,5.4808,RNAC_252,MAL,196,4.01,-77.3318,1,0.22,1.97108042447752,3,213.3309272,209.7265755,213.9267784,6.666666666666667,0.0,0,-0.215932825991804,-0.1838,-0.032132825991804,-0.0999893309835159,-0.1159434950082881,5.0<= M < 5.5,200<= R < 250,,0.0,0.9683779477750428,s3,0.001613134041794,0.0016191456472986,0.0016315598756371,0.0016613289969418,0.0017226141111111,0.0018569179643221,0.0024428498287461,0.0044563852996941,0.0067517064026503,0.0042272692895005,0.0030445565423037,0.0024633902344546,0.0016343641488277,0.0013168383496432,0.0012200390897043,0.0008724466972477,0.0005601465626911,0.0001981035137614,0.000157600972477,0.0001667307910295,,
5637,CO_20180719053934,179,3.43,-74.6,47.8,4.8688,RNAC_253,MAN1C,197,5.0715,-75.5244,1,0.56,4.65837517476639,4,209.8281985,212.9955251,215.97031,11.42857142857143,48.30921477805925,1,-0.3432730260425166,0.0868,-0.4300730260425166,0.1316574873149184,-0.474930513357435,4.5<= M < 5.0,200<= R < 250,25.0,23.02322334338644,0.6504615923529841,s4,0.001082088864424,0.0011003199388379,0.0010884044444444,0.0010920846197757,0.0011647230754332,0.0011872766065239,0.001412404324159,0.0018927678287461,0.0024624257420998,0.0027891761814475,0.0037137595626911,0.0043487306371049,0.0026611808216106,0.0012452878817533,0.0004309799714576,0.0001625821406727,5.419775942915392e-05,3.410957186544343e-05,2.084114475025484e-05,1.524269622833843e-05,8.617197757390418e-06,5.327757390417941e-06
5668,CO_20181213092820,211,4.89,-73.28,7.5,4.5,RNAC_253,MAN1C,197,5.0715,-75.5244,1,0.56,4.65837517476639,4,249.8712673,249.3411028,249.8890098,16.0,28.76589595137152,1,-0.6718730260425165,-0.4036,-0.2682730260425166,-0.2892772565418929,-0.3825957695006236,,200<= R < 250,25.0,11.51228641140026,0.7646989698652494,s4,0.0002636529694189,0.0002745046146788,0.0003370122507645,0.0006036898501529,0.0005271936880733,0.0002777955229357,0.0003028954169215,0.0003575514179408,0.0005925210713557,0.000781365883792,0.0008759981111111,0.0008884516442405,0.000626184424057,0.000430048246687,0.0001501778002038,7.992502242609583e-05,2.666893679918451e-05,1.227887665647299e-05,8.035153924566767e-06,5.533378185524974e-06,3.182890927624873e-06,2.541836901121305e-06
5672,CO_20190126123226,215,3.03,-75.72,10.0,5.6148,RNAC_253,MAN1C,197,5.0715,-75.5244,1,0.56,4.65837517476639,4,227.9474782,225.6838553,228.4678065,6.666666666666667,21.95199130279709,1,0.2293269739574834,0.0052,0.2241269739574834,0.0717015906062698,0.1576253833512136,5.5<= M < 6.0,200<= R < 250,0.0,9.630284781451506,1.251229882952344,s4,0.0040533521794087,0.0040672535423037,0.0040968975830784,0.0042312576523955,0.0044952438093781,0.0043189187777777,0.0046244119082568,0.0058489526156982,0.0068793550152905,0.0089398471549439,0.0190619113251783,0.0175830816921508,0.00793023790316,0.0056453133170234,0.0019499245198776,0.0009945007747196,0.0004250223730886,0.0002013908369011,9.669724362895003e-05,6.394317940876656e-05,,
5673,CO_20190128210709,216,3.08,-75.65,13.1,5.4808,RNAC_253,MAN1C,197,5.0715,-75.5244,1,0.56,4.65837517476639,4,222.0731279,219.8488708,222.8048709,13.33333333333333,23.5972947814011,1,0.5035269739574835,-0.1838,0.6873269739574834,-0.0999893309835159,0.6035163049409994,5.0<= M < 5.5,200<= R < 250,0.0,10.6259118356846,1.988393395976031,s4,0.004732863235474,0.0047873407115188,0.0048648874933741,0.0049233216156982,0.0049012317471967,0.0048993987624872,0.0054132634291539,0.0057484212324159,0.0071748437492354,0.009404442119266,0.0126575064831804,0.0149188359327217,0.011286538022426,0.0063333672262996,0.0021117973343527,0.0009018336269113,0.0003615915229357,0.0001485114872579,0.0001009037716615,6.525885423037717e-05,4.58896381243629e-05,2.380483486238532e-05
5707,CO_20191224190352,250,3.49,-74.0,10.0,5.9519,RNAC_253,MAN1C,197,5.0715,-75.5244,1,0.56,4.65837517476639,4,242.1584469,239.7144618,242.7239689,10.0,30.93714472604276,1,0.7591269739574834,0.5689,0.1902269739574834,0.6123475250898605,0.146779448867623,5.5<= M < 6.0,200<= R < 250,25.0,12.77557942829818,1.209524096974937,s4,0.0093813301335372,0.0094024280723751,0.0094201036972477,0.0096076041794087,0.010097476099898,0.0103413871763506,0.0127075798369011,0.0128874920387359,0.0144506557696228,0.0147473127522935,0.0245897396024464,0.0286307761365953,0.0234153545056065,0.0135781378593272,0.009510777687054,0.0033872181794087,0.0009838310917431,0.0005401196738022,0.0003084576146788,0.0002026301141692,0.0001249648786952,5.967164627930683e-05
5708,CO_20191224191904,251,3.48,-74.12,10.0,5.7499,RNAC_253,MAN1C,197,5.0715,-75.5244,1,0.56,4.65837517476639,4,234.6869044,231.9299553,235.2147124,11.42857142857143,38.49279442884043,1,0.1802269739574834,0.4666,-0.2863730260425166,0.4667847875209912,-0.2865578135635077,5.5<= M < 6.0,200<= R < 250,25.0,16.40176495030731,0.7509824276883763,s4,0.0040425478348623,0.0040494275779816,0.0040652289694189,0.0040972431529051,0.0044127188022426,0.0043606006513761,0.0051620219286442,0.0054970852629969,0.0080003216585117,0.0093561317217125,0.0113674985932721,0.0147929129459734,0.0122893052701325,0.0071995221406727,0.0039823342212028,0.0012979375494393,0.0004911577889908,0.0002828421702344,0.0001440742232415,0.0001072529561671,6.543944852191642e-05,3.36752629969419e-05
5711,CO_20191225021122,254,3.43,-74.16,10.0,4.7,RNAC_253,MAN1C,197,5.0715,-75.5244,1,0.56,4.65837517476639,4,237.1970344,235.9340706,237.567991,13.33333333333333,41.77358390671746,1,0.5409269739574833,0.2955,0.2454269739574834,0.3075230193465084,0.2334039546109749,4.5<= M < 5.0,200<= R < 250,25.0,17.61134324987896,1.278166940709229,s4,0.0012646536503567,0.0013035226952089,0.0013926671651376,0.0018174565423037,0.0029153012711518,0.0023144821314984,0.0011976222680937,0.0013316963690112,0.0015123095086646,0.0019005369765545,0.0025818941804281,0.0056438755626911,0.002065638169215,0.0013505254199796,0.0005117484067278,0.0001820727594291,6.715827217125382e-05,3.468905912334353e-05,1.924024668705402e-05,1.147467686034658e-05,7.695334352701325e-06,4.551493374108053e-06
5713,CO_20191226034829,256,3.43,-74.17,19.0,4.6,RNAC_253,MAN1C,197,5.0715,-75.5244,1,0.56,4.65837517476639,4,236.7694452,236.711849,237.7996851,16.0,42.09508894249153,1,0.01582697395748339,0.287,-0.2711730260425166,0.3195715874731849,-0.3037446135157015,4.5<= M < 5.0,200<= R < 250,25.0,17.77893634329956,0.7624845553056868,s4,0.0006941209551478,0.0007245386004077,0.0007444689357798,0.0009825681457696,0.0013388110244648,0.0008792396819571,0.0009110029062181,0.0011149242008154,0.0011256305086646,0.0012594355555555,0.0025066899215086,0.0032549008297655,0.0016401414393476,0.000758913579001,0.0003899049602446,0.0001077328318042,4.739570438328236e-05,2.517964729867482e-05,1.391094189602446e-05,9.365843017329256e-06,1.013410091743119e-05,1.136912742099898e-05
5738,CO_20180719053934,179,3.43,-74.6,47.8,4.8688,RNAC_257,MEDEC,199,6.276,-75.5893,1,0.3,2.45189041095234,3,335.2850412,335.5427766,339.0657815,20.0,17.68840770318056,1,-0.2713462783504593,0.0868,-0.3581462783504593,0.1316574873149184,-0.4030037656653777,4.5<= M < 5.0,,0.0,5.275632828674063,0.6989708232290562,s3,0.0003224963710499,0.0003625549765545,0.0004238507635066,0.0009747747533129,0.000697469149847,0.0005028287278287,0.0006148024943934,0.0006639341620795,0.0007734116340468,0.0008692843832823,0.0006674494862385,0.0004067994699286,0.000134141659531,0.0001014672538226,3.782535779816514e-05,2.052006727828746e-05,8.538249745158002e-06,4.22584505606524e-06,2.024426095820591e-06,1.740964322120286e-06,1.159189602446483e-06,5.370030581039755e-07
5770,CO_20181213092820,211,4.89,-73.28,7.5,4.5,RNAC_257,MEDEC,199,6.276,-75.5893,1,0.3,2.45189041095234,3,298.801168,297.5536063,298.8102582,26.66666666666667,0.0,0,1.110153721649541,-0.4036,1.513753721649541,-0.2892772565418929,1.399430978191434,,250<= R < 300,,0.0,4.543754813423423,s3,0.0007890899296636,0.0009841319255861,0.0013952281039755,0.0028572081467889,0.0021399396972477,0.0009946533272171,0.0003054501162079,0.000306986648318,0.0005000052528032,0.0006887198154943,0.0003296649123343,0.0002080071610601,0.0001135921162079,7.234571049949032e-05,2.546224057084608e-05,1.130594291539246e-05,5.604530071355759e-06,4.757287461773701e-06,2.953878695208971e-06,1.812352701325178e-06,1.19669622833843e-06,5.979510703363914e-07
5810,CO_20191224191904,251,3.48,-74.12,10.0,5.7499,RNAC_257,MEDEC,199,6.276,-75.5893,1,0.3,2.45189041095234,3,350.0757664,345.9621888,350.4013413,13.33333333333333,8.922723889954844,1,-0.06714627835045928,0.4666,-0.5337462783504593,0.4667847875209912,-0.5339310658714504,5.5<= M < 6.0,,0.0,2.548797930719846,0.586404016888494,s3,0.001061305864424,0.0011665767084607,0.0015482090968399,0.0034039891865443,0.0019832642018348,0.0017968476146788,0.0024607108083588,0.0019853005677879,0.0023354812670744,0.0035205080366972,0.0029164813557594,0.0014931231070336,0.0007515786442405,0.0004750964454638,0.0002840582864424,0.0001990785871559,0.0001082300581039,7.047222935779817e-05,3.917182161060143e-05,3.511765851172273e-05,2.605434148827726e-05,1.795988277268094e-05
5839,CO_20180719053934,179,3.43,-74.6,47.8,4.8688,RNAC_273,NIZA,204,5.0578,-75.4707,1,0.24,1.34633142205563,1,205.6208091,208.9172273,211.8948187,13.33333333333333,49.62610161519473,1,-0.5911781871581958,0.0868,-0.6779781871581958,0.1316574873149184,-0.7228356744731141,4.5<= M < 5.0,200<= R < 250,25.0,24.13476623908233,0.5076423132608378,s1,0.0003068420397553,0.0003093666360856,0.000320034590214,0.0003579075769622,0.0004968398409785,0.0005320029092762,0.0008732292262996,0.0008226342548419,0.0010038320285423,0.0010491813761467,0.0005033069174311,0.0005516570815494,0.0003518796055045,0.0002301924097859,8.649401630988786e-05,3.699531498470948e-05,1.674628134556575e-05,9.440786952089705e-06,4.222147808358818e-06,3.288289500509684e-06,2.573044852191641e-06,1.250719673802242e-06
5865,CO_20181213092820,211,4.89,-73.28,7.5,4.5,RNAC_273,NIZA,204,5.0578,-75.4707,1,0.24,1.34633142205563,1,243.8238005,243.3025349,243.8424872,16.0,28.12849483704563,1,-0.4513781871581958,-0.4036,-0.04777818715819582,-0.2892772565418929,-0.1621009306163029,,200<= R < 250,25.0,11.53640242640941,0.9533452278407073,s1,0.0001226877787971,0.0001241317441386,0.0001250420448521,0.0001273215830784,0.0001349664933741,0.0001425890856269,0.0002149221630988,0.0003411146391437,0.000360565266055,0.0005458720978593,0.0004765661559633,0.0002508470927624,0.0001659897054026,0.0001073598786952,4.689307135575943e-05,3.601146788990825e-05,1.067668297655454e-05,5.132640163098878e-06,3.913768603465851e-06,2.521768603465851e-06,1.681593272171254e-06,1.30016004077472e-06
5869,CO_20190126123226,215,3.03,-75.72,10.0,5.6148,RNAC_273,NIZA,204,5.0578,-75.4707,1,0.24,1.34633142205563,1,227.0771623,224.9178289,227.6022601,13.33333333333333,29.04533299713335,1,-0.4534781871581958,0.0052,-0.4586781871581958,0.0717015906062698,-0.5251797777644656,5.5<= M < 6.0,200<= R < 250,25.0,12.7909529531466,0.6321186360654256,s1,0.0006974922018348,0.0006980537889908,0.0007047592150866,0.0007369096972477,0.0008201847747196,0.000895893961264,0.0012630330346585,0.0016206191264016,0.002238245775739,0.0023551833761467,0.0023123179011213,0.0015295749398572,0.0011719855035677,0.0009301876748216,0.000751898030581,0.0004832805382262,0.0001644827991845,0.0001095100958205,5.649611416921509e-05,4.167840672782874e-05,2.856238939857288e-05,1.730203363914373e-05
5870,CO_20190128210709,216,3.08,-75.65,13.1,5.4808,RNAC_273,NIZA,204,5.0578,-75.4707,1,0.24,1.34633142205563,1,221.0132096,218.8792774,221.7517901,16.0,37.79108482650108,1,-0.03927818715819578,-0.1838,0.1445218128418042,-0.0999893309835159,0.06071114382532011,5.0<= M < 5.5,200<= R < 250,25.0,17.09901634155585,1.155486899141802,s1,0.0009028931294597,0.0009147460948012,0.0009099685433231,0.0009352856248725,0.0009527214587155,0.0010506103129459,0.0011391430285423,0.0020336936799184,0.002342333277268,0.0024795004250764,0.0025017783017329,0.0014646035739041,0.0018309965372069,0.0015987556544342,0.0008335694719673,0.0003818672691131,0.0001143156952089,6.855582670744139e-05,3.910023955147808e-05,2.523945158002039e-05,1.743681651376147e-05,1.398086952089704e-05
5902,CO_20191224190352,250,3.49,-74.0,10.0,5.9519,RNAC_273,NIZA,204,5.0578,-75.4707,1,0.24,1.34633142205563,1,236.9650309,234.4651201,237.5457789,11.42857142857143,29.94515243893807,1,0.5257218128418042,0.5689,-0.04317818715819577,0.6123475250898605,-0.08662571224805626,5.5<= M < 6.0,200<= R < 250,25.0,12.63694998591375,0.9577407177648891,s1,0.0027367546605504,0.0027585214077471,0.0027997162089704,0.003246161316004,0.0038660055657492,0.0045749968236493,0.0060545999062181,0.006451156590214,0.0053940966972477,0.0051405876391437,0.0057186833292558,0.0067056988042813,0.0037257698124362,0.0031998060101936,0.0015790590978593,0.0007946818552497,0.0003194925545361,0.0002256716901121,0.0002029238083588,0.00012188772579,7.447837818552498e-05,4.344248521916412e-05
5903,CO_20191224191904,251,3.48,-74.12,10.0,5.7499,RNAC_273,NIZA,204,5.0578,-75.4707,1,0.24,1.34633142205563,1,229.6465003,226.8478756,230.1886748,11.42857142857143,30.67203714625446,1,-0.01787818715819578,0.4666,-0.4844781871581958,0.4667847875209912,-0.484662974679187,5.5<= M < 6.0,200<= R < 250,25.0,13.35619619989239,0.6160185593064783,s1,0.0012690402721712,0.0012815371253822,0.0013053439021406,0.0014927600682976,0.0020987953577981,0.0028528365881753,0.0042142176197757,0.0031533736411824,0.0029977258246687,0.0033137894576962,0.0037927623343527,0.0024666208470948,0.0020661175188583,0.0012584056024464,0.0008009651365953,0.0006869399847094,0.0002673782986748,0.0001501709520897,8.054817737003058e-05,5.239350458715596e-05,3.097164525993884e-05,2.041128848114169e-05
5906,CO_20191225021122,254,3.43,-74.16,10.0,4.7,RNAC_273,NIZA,204,5.0578,-75.4707,1,0.24,1.34633142205563,1,232.2484871,230.9959236,232.6296776,16.0,31.42698619804831,1,-0.2910781871581958,0.2955,-0.5865781871581958,0.3075230193465084,-0.5986012065047042,4.5<= M < 5.0,200<= R < 250,25.0,13.53162149319694,0.5562273379152156,s1,0.0002145012099898,0.0002404284220183,0.0002682272130479,0.0002517080540265,0.0003148785626911,0.0003830701845056,0.0005416355973496,0.0005719396768603,0.000575559717635,0.0005937416748216,0.0005057798735983,0.0005167965606523,0.0003657275891946,0.0002704468481141,0.0001275850560652,8.203054943934762e-05,2.550753822629969e-05,1.087144444444444e-05,6.386388379204893e-06,4.712981651376147e-06,3.365384301732925e-06,1.902451580020388e-06
5908,CO_20191226034829,256,3.43,-74.17,19.0,4.6,RNAC_273,NIZA,204,5.0578,-75.4707,1,0.24,1.34633142205563,1,231.8378531,231.7895573,232.8938062,16.0,31.51915352048453,1,-0.1006781871581958,0.287,-0.3876781871581958,0.3195715874731849,-0.4202497746313807,4.5<= M < 5.0,200<= R < 250,25.0,13.59534394363512,0.6786307002013537,s1,0.0002411869989806,0.000242650304791,0.0002461697104994,0.0002764597410805,0.0003543112629969,0.0004374415626911,0.0005024174077471,0.000526981169215,0.0005710080479102,0.0005503724954128,0.0008757000407747,0.0004835267706422,0.0002686247787971,0.0001371566605504,7.190597961264016e-05,3.775180428134557e-05,1.013071151885831e-05,7.560988786952089e-06,3.49813251783894e-06,2.230361875637105e-06,1.479648318042814e-06,1.104453618756371e-06
5928,CO_20180719053934,179,3.43,-74.6,47.8,4.8688,RNAC_274,NOR,205,5.5635,-74.8691,1,0.15,2.70488481760605,2,239.3464579,241.1622774,244.4088023,16.0,1.261698093367153,1,0.4862115253047242,0.0868,0.3994115253047242,0.1316574873149184,0.3545540379898058,4.5<= M < 5.0,200<= R < 250,0.0,0.5271429978271482,1.490947054817545,s2,0.0012147395433231,0.0012339653812436,0.001261987972477,0.0013668712895005,0.0017730478572884,0.0026956738786952,0.0045884264607543,0.003581963069317,0.0033187704770642,0.0016903219490316,0.0006354603720693,0.0005882019306829,0.0002521765117227,0.0001281826044852,5.269106727828746e-05,2.799750356778797e-05,1.096743119266055e-05,6.569522935779817e-06,3.565902140672783e-06,2.429865443425077e-06,1.615783893985729e-06,9.708134556574925e-07
5960,CO_20181213092820,211,4.89,-73.28,7.5,4.5,RNAC_274,NOR,205,5.5635,-74.8691,1,0.15,2.70488481760605,2,191.6346774,190.5674185,191.6392543,16.0,1.050544115025173,1,-0.9903884746952758,-0.4036,-0.5867884746952758,-0.2892772565418929,-0.701111218153383,,150<= R < 200,0.0,0.5482014681676675,0.5561103825358291,s2,0.0001971087787971,0.0002005082619775,0.0001986077431192,0.000214227022426,0.0002587748012232,0.0003693848165137,0.0008486026636085,0.0007576047716615,0.0004748624393476,0.000491493737003,0.0004360143221202,0.0002399059062181,0.000170163266055,0.000142692404689,7.472350764525993e-05,3.025255861365953e-05,1.732534046890928e-05,9.312095820591231e-06,5.218765545361875e-06,3.767931702344546e-06,2.356781855249745e-06,1.447166156982671e-06
5964,CO_20190126123226,215,3.03,-75.72,10.0,5.6148,RNAC_274,NOR,205,5.5635,-74.8691,1,0.15,2.70488481760605,2,296.9860529,295.315122,297.3045211,13.33333333333333,2.115283702988711,1,0.1926115253047243,0.0052,0.1874115253047242,0.0717015906062698,0.1209099346984545,5.5<= M < 6.0,250<= R < 300,0.0,0.7122501822336288,1.206123533288139,s2,0.0012464094801223,0.001262003246687,0.0012911237074413,0.0013595726707441,0.0016816832395514,0.0022199006187563,0.0055163112038735,0.003911288706422,0.0025423340907237,0.0017383858287461,0.0013191297410805,0.0015219158379204,0.0008872779643221,0.0006557651987767,0.0004249046146788,0.0002911498073394,0.0002076392650356,0.0001105047879714,5.69389510703364e-05,3.424408460754332e-05,2.03536371049949e-05,1.336950356778797e-05
5965,CO_20190128210709,216,3.08,-75.65,13.1,5.4808,RNAC_274,NOR,205,5.5635,-74.8691,1,0.15,2.70488481760605,2,289.6263451,287.8679488,290.0896927,16.0,2.045016160137024,1,0.2504115253047242,-0.1838,0.4342115253047242,-0.0999893309835159,0.3504008562882401,5.0<= M < 5.5,250<= R < 300,0.0,0.70608775573608,1.543745374793877,s2,0.001177284640163,0.0011838888552497,0.0011976980275229,0.0012604991304791,0.0015265253914373,0.0018973109949031,0.0037681644801223,0.0038877361916411,0.0031416990897043,0.0018006951182466,0.0011477747828746,0.0015658741488277,0.0011556074791029,0.0008065173516819,0.0003433678205912,0.0002512976126401,0.0001528312405708,8.122965749235474e-05,4.53631508664628e-05,2.779367686034658e-05,1.593650764525994e-05,1.128487359836901e-05
5995,CO_20191224190352,250,3.49,-74.0,10.0,5.9519,RNAC_274,NOR,205,5.5635,-74.8691,1,0.15,2.70488481760605,2,248.4498612,243.7707825,248.8966121,10.0,1.095184086438778,1,1.147211525304724,0.5689,0.5783115253047242,0.6123475250898605,0.5348640002148637,5.5<= M < 6.0,200<= R < 250,0.0,0.4408068819797666,1.783025294572913,s2,0.007762163551478,0.007849482579001,0.0080384498379204,0.0085849118542303,0.011483069551478,0.0148466956574923,0.0313859256167176,0.0248013867074413,0.0140540170744138,0.0067242596044852,0.0050039569082568,0.0046019494689092,0.0026301632905198,0.0027356644403669,0.0008510895586136,0.0004295734067278,0.0001824056452599,0.0001735695066258,0.0001210292915392,7.94228501529052e-05,6.457728440366972e-05,3.769580937818552e-05
5996,CO_20191224191904,251,3.48,-74.12,10.0,5.7499,RNAC_274,NOR,205,5.5635,-74.8691,1,0.15,2.70488481760605,2,245.3762885,241.0405314,245.7807965,11.42857142857143,1.117984587612752,1,0.9439115253047243,0.4666,0.4773115253047243,0.4667847875209912,0.4771267377837332,5.5<= M < 6.0,200<= R < 250,0.0,0.4556204653868796,1.611735462235505,s2,0.0048663873639143,0.0049257315168195,0.0050133179296636,0.0052169167166156,0.0073958808481141,0.0096508580326197,0.0282909727828746,0.0177711095005096,0.0089856651559633,0.0052853461447502,0.0028089814424057,0.0029362555433231,0.0018193440876656,0.0014789018409785,0.0005002683190621,0.0004008543557594,0.000282370520897,0.0001848645698267,0.0001000750988786,5.709040366972477e-05,4.815990621814475e-05,2.489784301732926e-05
5999,CO_20191225021122,254,3.43,-74.16,10.0,4.7,RNAC_274,NOR,205,5.5635,-74.8691,1,0.15,2.70488481760605,2,249.9184764,248.5415242,250.1883568,20.0,1.129622474087813,1,0.8951115253047242,0.2955,0.5996115253047242,0.3075230193465084,0.5875885059582158,4.5<= M < 5.0,200<= R < 250,0.0,0.4519963831244823,1.821411090817302,s2,0.0009868940530071,0.0010006278358817,0.0010225030152905,0.001062197845056,0.0012797269296636,0.001692722404689,0.0038023520142711,0.0033981105545361,0.0021219133282364,0.0010918500876656,0.0005046637227319,0.0006971416197757,0.0002125089582059,0.0001387623068297,0.0001126821376146,4.648139449541284e-05,2.763220795107034e-05,1.313831702344546e-05,7.771295616717634e-06,5.188970438328237e-06,2.716681957186544e-06,1.743355759429154e-06
6000,CO_20191226034829,256,3.43,-74.17,19.0,4.6,RNAC_274,NOR,205,5.5635,-74.8691,1,0.15,2.70488481760605,2,249.9149937,249.1332006,250.7509591,20.0,1.131742656681363,1,0.5647115253047242,0.287,0.2777115253047243,0.3195715874731849,0.2451399378315394,4.5<= M < 5.0,200<= R < 250,0.0,0.4528510434391608,1.320105325294336,s2,0.0006595917431192,0.0006653329959225,0.0006806264750254,0.0007388586228338,0.0009873502426095,0.0011598371151885,0.0026334543486238,0.00243315562895,0.0012293468185524,0.0006557190152905,0.0004267836646279,0.0004241362120285,0.0001926631794087,0.0001223673883792,3.514215698267074e-05,1.9495001019368e-05,9.457727828746178e-06,5.439550458715596e-06,2.98544750254842e-06,1.742201834862385e-06,1.405232415902141e-06,1.319698267074414e-06
6042,CO_20181124204113,199,9.29,-70.66,23.0999999999999,5.2068,RNAC_275,OCA,206,8.2389,-73.3196,0,0.28,1.94396107870031,3,314.9450592,312.338797,315.9616381,7.272727272727272,0.0,0,1.648514428759551,0.429,1.219514428759551,0.5238842466993677,1.124630182060184,5.0<= M < 5.5,,,0.0,3.385543411921859,s3,0.0033047953679918,0.0033328349561671,0.0033866481070336,0.0035902612864424,0.0043515845219164,0.0078588229949031,0.0103898296228338,0.0102344541997961,0.0084908793476044,0.0097705404189602,0.0070157732283384,0.005730957570846,0.0027957976829765,0.0017931609062181,0.0005434417227319,0.0002008626065239,8.434680530071356e-05,4.37554627930683e-05,2.514607747196738e-05,1.698490417940877e-05,,
6116,CO_20180719053934,179,3.43,-74.6,47.8,4.8688,RNAC_276,ORTC,207,3.9093,-75.2461,0,0.3,3.35383265285822,3,90.00868474,100.5158675,102.6791726,11.42857142857143,0.0,0,0.8923288702531333,0.0868,0.8055288702531334,0.1316574873149184,0.760671382938215,4.5<= M < 5.0,100<= R < 150,,0.0,2.237879733924845,s3,0.0156131520591233,0.0158298076350662,0.0163527002446483,0.02188316235474,0.0254784194495412,0.0185798004485219,0.0315369432212028,0.0283250624057084,0.0276896101936799,0.0463774283384301,0.0489661121610601,0.0243067424159021,0.0097786548939857,0.0048361014495412,0.0012923832303771,0.0006961754311926,0.0003062524597349,0.000162256598369,0.0001015614740061,7.111517737003058e-05,4.484711314984709e-05,2.500146585117228e-05
6148,CO_20181213092820,211,4.89,-73.28,7.5,4.5,RNAC_276,ORTC,207,3.9093,-75.2461,0,0.3,3.35383265285822,3,244.1158235,243.159199,244.1190174,13.33333333333333,0.0,0,-1.378571129746867,-0.4036,-0.9749711297468666,-0.2892772565418929,-1.089293873204974,,200<= R < 250,,0.0,0.3772032433590791,s3,0.0001309615993883,0.000132977304791,0.0001324236513761,0.0001377796656472,0.0001467844597349,0.0001610152456676,0.0002411150050968,0.0004062642986748,0.0004487532038735,0.0004868167217125,0.000310883659531,0.0001705742130479,0.0001116378297655,8.464675331294597e-05,5.284568909276249e-05,3.26800244648318e-05,1.845684403669725e-05,9.666681957186544e-06,6.529340468909276e-06,4.008831804281346e-06,2.324634046890928e-06,1.420354740061162e-06
6152,CO_20190126123226,215,3.03,-75.72,10.0,5.6148,RNAC_276,ORTC,207,3.9093,-75.2461,0,0.3,3.35383265285822,3,110.914316,110.5488381,111.7549596,6.666666666666667,0.0,0,0.3746288702531333,0.0052,0.3694288702531333,0.0717015906062698,0.3029272796468635,5.5<= M < 6.0,100<= R < 150,,0.0,1.446908006432066,s3,0.0141409625993883,0.0142615818348623,0.0144746368501529,0.0172643957696228,0.0194263365749235,0.0203391124668705,0.0234094556167176,0.0302992822120285,0.0415831377675841,0.0592133878287461,0.0311412352293577,0.0153868314882772,0.0123325825076452,0.0058693722008154,0.0058459936146789,0.0039453487410805,0.0010467511365953,0.0008748772701325,0.0008532495423037,0.0006364427991845,,
6153,CO_20190128210709,216,3.08,-75.65,13.1,5.4808,RNAC_276,ORTC,207,3.9093,-75.2461,0,0.3,3.35383265285822,3,102.7644012,102.3811264,104.0512209,10.0,0.0,0,-0.09977112974686667,-0.1838,0.08402887025313333,-0.0999893309835159,0.0002182012366492292,5.0<= M < 5.5,100<= R < 150,,0.0,1.087660294383575,s3,0.0086393321213047,0.0086956009602446,0.0088204355066258,0.0116908684505606,0.0127927254026503,0.0144562424668705,0.0175868955045871,0.0222614773394495,0.0277072442507645,0.0260049848929663,0.0193786852803262,0.0095387464668705,0.0081914714719673,0.0063277399949031,0.0055520650152905,0.0030233477155963,0.0008020334403669,0.0007263864740061,0.0007066248083588,0.0004869872874617,0.000279140609582,0.0001250302609582
6187,CO_20191224190352,250,3.49,-74.0,10.0,5.9519,RNAC_276,ORTC,207,3.9093,-75.2461,0,0.3,3.35383265285822,3,144.0939356,143.0287849,144.8551041,7.272727272727272,0.0,0,0.4031288702531333,0.5689,-0.1657711297468667,0.6123475250898605,-0.2092186548367272,5.5<= M < 6.0,100<= R < 150,,0.0,0.8472401200619423,s3,0.0149697252293577,0.0152354054026503,0.0157006260244648,0.0205734387461773,0.0240833756778797,0.0277438716819571,0.0323207682364933,0.0371112327319062,0.0404422189296636,0.0560197711926605,0.0343877368399592,0.0199297895616717,0.013809660570846,0.0079133568776758,0.0035772019959225,0.0015918583557594,0.0008670957716615,0.0007565387349643,0.0004283461804281,0.000344081756371,,
6188,CO_20191224191904,251,3.48,-74.12,10.0,5.7499,RNAC_276,ORTC,207,3.9093,-75.2461,0,0.3,3.35383265285822,3,132.5444479,132.5987791,133.28383,11.42857142857143,0.0,0,-0.06487112974686671,0.4666,-0.5314711297468667,0.4667847875209912,-0.5316559172678579,5.5<= M < 6.0,100<= R < 150,,0.0,0.5877396920222119,s3,0.0081644542915392,0.0082809855392456,0.0088235142426095,0.013528750570846,0.0184352728134556,0.0155680574923547,0.0195227900509683,0.0253124327420998,0.0216569204791029,0.0301788806218144,0.020170493119266,0.0103018435779816,0.0075141098613659,0.0037534316829765,0.0016360245168195,0.0017061551090723,0.0010679897420998,0.0008038959194699,0.0003302918562691,0.000288244343527,0.0002175096819571,0.000139378069317
6191,CO_20191225021122,254,3.43,-74.16,10.0,4.7,RNAC_276,ORTC,207,3.9093,-75.2461,0,0.3,3.35383265285822,3,132.0231469,131.1676185,132.5267037,11.42857142857143,0.0,0,-0.2664711297468667,0.2955,-0.5619711297468667,0.3075230193465084,-0.5739941490933751,4.5<= M < 5.0,100<= R < 150,,0.0,0.5700842456169138,s3,0.001843466061162,0.0018769357247706,0.0019572917543323,0.0024841890183486,0.0028493518134556,0.0034670341722731,0.0033688375667686,0.0069826662018348,0.0054201940458715,0.0037664629704383,0.0013686617380224,0.0007983098715596,0.00060399135474,0.0003240464740061,0.0001226375861365,8.67155626911315e-05,3.511266462793068e-05,2.88144250764526e-05,2.217027319062181e-05,1.700021304791029e-05,8.193605504587157e-06,2.588241590214067e-06
6193,CO_20191226034829,256,3.43,-74.17,19.0,4.6,RNAC_276,ORTC,207,3.9093,-75.2461,0,0.3,3.35383265285822,3,131.1556701,131.6366254,132.7300175,11.42857142857143,0.0,0,0.2966288702531333,0.287,0.009628870253133331,0.3195715874731849,-0.02294271722005153,4.5<= M < 5.0,100<= R < 150,,0.0,1.009675376973517,s3,0.0030604419367991,0.003100147362895,0.0031883776707441,0.0035296514536187,0.0043996299102956,0.0055528425147808,0.0087684741763506,0.0081428422935779,0.0091964919898063,0.0087666168685015,0.0034442652212028,0.0020296931019367,0.0008536180540265,0.0004246452110091,0.0001283064475025,6.377242099898063e-05,2.894064525993884e-05,1.684171661569827e-05,9.999436289500513e-06,8.114048929663608e-06,4.585307849133537e-06,2.942785932721713e-06
6218,CO_20180719053934,179,3.43,-74.6,47.8,4.8688,RNAC_277,PAL,208,4.9056,-76.2825,1,0.26,3.48117656755492,3,249.1134617,251.2621435,254.0144419,20.0,0.0,0,-0.5827716464412283,0.0868,-0.6695716464412282,0.1316574873149184,-0.7144291337561466,4.5<= M < 5.0,250<= R < 300,,0.0,0.5119278169294726,s3,0.0006511863567787,0.0006550084505606,0.0006567799204892,0.0006716034587155,0.0007160571355759,0.000830423678899,0.0012125976044852,0.001967825,0.0025666870672782,0.0024850447716615,0.0018320230234454,0.0012097721365953,0.0005303818786952,0.0002454507390417,0.0001778209704383,9.629994189602444e-05,2.099046483180428e-05,1.120090112130479e-05,6.888123343527014e-06,4.886561671763507e-06,3.055753312945973e-06,1.74838634046891e-06
6245,CO_20190126123226,215,3.03,-75.72,10.0,5.6148,RNAC_277,PAL,208,4.9056,-76.2825,1,0.26,3.48117656755492,3,217.6305256,214.0815053,218.0757277,8.88888888888889,0.0,0,-3.162071646441228,0.0052,-3.167271646441228,0.0717015906062698,-3.233773237047498,5.5<= M < 6.0,200<= R < 250,,0.0,0.04211835504711046,s3,0.0001416489215086,0.0001421557604485,0.0001437040713557,0.000148506864424,0.0001468341365953,0.0001734221743119,0.0002183434505606,0.0003639361518858,0.0004287697441386,0.0004843233761467,0.0003938758909276,0.0002859401488277,0.0002681394179408,0.000234773825688,0.0002924839908256,0.0001861830163098,8.714127013251785e-05,4.836487665647299e-05,3.932151376146789e-05,3.563369520897044e-05,2.623928746177371e-05,
6246,CO_20190128210709,216,3.08,-75.65,13.1,5.4808,RNAC_277,PAL,208,4.9056,-76.2825,1,0.26,3.48117656755492,3,214.8988746,211.6154204,215.5359541,13.33333333333333,0.0,0,-0.7780716464412282,-0.1838,-0.5942716464412282,-0.0999893309835159,-0.6780823154577122,5.0<= M < 5.5,200<= R < 250,,0.0,0.5519644447627602,s3,0.00134014853211,0.0013409889989806,0.001353443598369,0.0013783355749235,0.0014569708511722,0.0018069394281345,0.0028436411253822,0.004388370138634,0.0047666680897043,0.0051818853761467,0.0033263969979612,0.002021284482161,0.0012654728868501,0.0011732182446483,0.00060196162895,0.0006001714505606,0.0001329896493374,8.892225790010194e-05,6.191417940876657e-05,3.397540265035677e-05,2.316132925586137e-05,1.2521624872579e-05
6263,CO_20191224190352,250,3.49,-74.0,10.0,5.9519,RNAC_277,PAL,208,4.9056,-76.2825,1,0.26,3.48117656755492,3,296.2211728,295.0538799,296.6045838,8.88888888888889,15.70363428012985,1,0.8385283535587718,0.5689,0.2696283535587718,0.6123475250898605,0.2261808284689113,5.5<= M < 6.0,250<= R < 300,0.0,5.301320675930377,1.309477697562641,s3,0.0061424326360856,0.0061643508685015,0.0062210246024464,0.0063337242986748,0.0065003060152905,0.0070290130448521,0.0084938407614678,0.0130342160346585,0.0234338848929663,0.0275768029663608,0.0145974394189602,0.0065140586136595,0.0047655830662589,0.0021668538379204,0.0018473094281345,0.0006672585096839,0.0002913901202854,0.0002494474148827,0.000224151883792,0.0001391197859327,7.406807135575942e-05,
6264,CO_20191224191904,251,3.48,-74.12,10.0,5.7499,RNAC_277,PAL,208,4.9056,-76.2825,1,0.26,3.48117656755492,3,286.2948071,284.5002359,286.6500015,11.42857142857143,0.0,0,-0.0358716464412282,0.4666,-0.5024716464412282,0.4667847875209912,-0.5026564339622194,5.5<= M < 6.0,250<= R < 300,,0.0,0.6050333814994863,s3,0.0022408885168195,0.0022535558797145,0.002271018404689,0.002309262980632,0.0024555398348623,0.0028074660132517,0.0040669941467889,0.0066541287135575,0.0089462232303771,0.0101031988878695,0.0064655980662589,0.0033572690774719,0.0022259188990825,0.0013576901763506,0.0008487022833843,0.0004417536146788,0.0002726165718654,0.0002055187838939,0.0001426512752293,7.196217838939858e-05,5.427202344546381e-05,4.744728236493374e-05
6267,CO_20191225021122,254,3.43,-74.16,10.0,4.7,RNAC_277,PAL,208,4.9056,-76.2825,1,0.26,3.48117656755492,3,287.1225273,285.7786127,287.364404,16.0,0.0,0,-0.5524716464412281,0.2955,-0.8479716464412281,0.3075230193465084,-0.8599946657877366,4.5<= M < 5.0,250<= R < 300,,0.0,0.4282827603809253,s3,0.000287400482161,0.0002925931997961,0.000293188196738,0.0003051808409785,0.0003275508114169,0.0003944082405708,0.0006587342956167,0.000938503598369,0.0015250370030581,0.0008287901529051,0.0004572589826707,0.0003905673231396,0.0001559744097859,0.0001234589734964,6.832866768603466e-05,3.79156371049949e-05,1.214018450560652e-05,8.29626503567788e-06,8.829113149847095e-06,6.430757390417941e-06,6.43839245667686e-06,4.755785932721713e-06
6309,CO_20181124204113,199,9.29,-70.66,23.0999999999999,5.2068,RNAC_278,PAM,209,7.3395,-72.6996,0,0.26,1.46409378623116,3,311.5851877,309.3750942,312.820347,16.0,0.0,0,0.8223694806062785,0.429,0.3933694806062784,0.5238842466993677,0.2984852339069107,5.0<= M < 5.5,,,0.0,1.481965845824957,s3,0.0012153854597349,0.001220447,0.0012347017584097,0.0013426114403669,0.0015982735300713,0.0016994477155963,0.0031478375535168,0.003686793169215,0.0031369265412844,0.002540795579001,0.0034170743211009,0.0029202558277268,0.0025619858277268,0.0011278038715596,0.000467401961264,0.0003467381671763,0.000159033138634,7.747512232415903e-05,3.585382262996942e-05,2.26506625891947e-05,1.117550662589195e-05,5.997858307849133e-06
6321,CO_20181213092820,211,4.89,-73.28,7.5,4.5,RNAC_278,PAM,209,7.3395,-72.6996,0,0.26,1.46409378623116,3,279.7294842,278.1112465,279.7650012,20.0,0.0,0,-0.1412305193937216,-0.4036,0.2623694806062784,-0.2892772565418929,0.1480467371481713,,250<= R < 300,,0.0,1.300006780998109,s3,0.000186117316004,0.0002002123272171,0.0001951120795107,0.0001945319113149,0.0002054205606523,0.0002377413700305,0.000379498285423,0.0004315752110091,0.0003929715677879,0.0004107196116207,0.0005951550183486,0.0005374383516819,0.0002494111060142,0.000118720432212,6.421838430173292e-05,3.767239449541285e-05,1.89832120285423e-05,1.41154627930683e-05,9.432708460754331e-06,4.519010193679919e-06,2.679016309887869e-06,1.211455657492355e-06
6378,CO_20180131231321,167,-1.74,-77.67,20.5,4.9427,RNAC_279,PAS1,210,1.189,-77.322,1,1.0,1.36150170156438,5,327.61343,326.1365773,328.5437479,20.0,31.70169776619657,1,0.2725557032188691,0.7198,-0.4472442967811309,0.673185498558905,-0.4006297953400358,4.5<= M < 5.0,,25.0,9.6765562285394,0.639387688839347,s5,0.000319066914373,0.0003222965830784,0.000323169991845,0.0003383600366972,0.0003808539765545,0.0005503219816513,0.0005704953211009,0.0007687727431192,0.0010748746941896,0.0015045295932721,0.0010108073455657,0.0007096714189602,0.0003572419286442,0.0001452166544342,0.0001124586564729,4.408339245667685e-05,1.510559327217125e-05,7.338821610601427e-06,5.481668705402651e-06,3.385080530071356e-06,2.234070336391437e-06,1.764448521916412e-06
6419,CO_20190214062441,219,0.63,-77.79,10.0,5.0522,RNAC_279,PAS1,210,1.189,-77.322,0,1.0,1.36150170156438,5,81.02822811,79.72829553,82.375046,13.33333333333333,35.73062657737252,1,-1.427644296781131,-0.7448,-0.6828442967811308,-0.5841042966084298,-0.8435400001727009,5.0<= M < 5.5,50<= R < 100,25.0,44.09651723948147,0.5051780706152652,s5,0.0008594457808358,0.0008645690356778,0.000880847501529,0.0009320547278287,0.0011353959969418,0.0014140331957186,0.0018084994933741,0.0028107916116207,0.0027303377054026,0.0025363540438328,0.0025021760642201,0.0011598841814475,0.0009263360071355,0.0005951088134556,0.0002572305535168,0.0002140868246687,0.0001540009867482,0.0002043689347604,0.0001730250937818,0.0001113679816513,5.433548318042814e-05,2.143974617737003e-05
6434,CO_20190513180013,234,0.66,-78.01,15.8999999999999,4.9485,RNAC_279,PAS1,210,1.189,-77.322,0,1.0,1.36150170156438,5,95.37026481,96.96121475,97.46651401,13.33333333333333,56.27871271753698,1,-1.653544296781131,-0.6529,-1.000644296781131,-0.6306559889036599,-1.022888307877471,4.5<= M < 5.0,50<= R < 100,50.0,59.01075437890145,0.367642493972007,s5,0.0004202464658511,0.0004268832222222,0.0004380577859327,0.0004694352099898,0.0004895674393476,0.0008147395035677,0.0006918536085626,0.0013586547482161,0.0012721754617737,0.0013070140275229,0.0010545550193679,0.0006327176992864,0.0003108167492354,0.0001697352395514,0.0001236527533129,0.0001230020948012,9.045191437308868e-05,0.0001047620428134,0.0001010164189602,6.473840061162078e-05,3.310044342507645e-05,1.356202242609582e-05
6464,CO_20180131231321,167,-1.74,-77.67,20.5,4.9427,RNAC_280,PAS2,211,1.2097,-77.2563,1,1.0,3.21114041359097,5,330.812848,329.2663068,331.6899736,16.0,20.92782885719974,1,0.5605005398984978,0.7198,-0.1592994601015022,0.673185498558905,-0.1126849586604072,4.5<= M < 5.0,,0.0,6.326183817745719,0.8527409588358771,s5,0.0007435640397553,0.0007528255382262,0.000781846775739,0.0011579824678899,0.0008797721722731,0.0011789170784913,0.0015092878032619,0.0019858974311926,0.0024840330560652,0.0024957059490316,0.0019914704658511,0.0016930203465851,0.0012760395545361,0.0006638101743119,0.0002311398664627,9.641145769622834e-05,3.283697655453619e-05,1.824069418960245e-05,1.143000305810398e-05,8.915075433231396e-06,5.339875637104995e-06,4.724892966360857e-06
6511,CO_20190214062441,219,0.63,-77.79,10.0,5.0522,RNAC_280,PAS2,211,1.2097,-77.2563,0,1.0,3.21114041359097,5,87.60187867,86.09181022,88.75073657,16.0,39.78316171758937,1,-1.632799460101502,-0.7448,-0.8879994601015022,-0.5841042966084298,-1.048695163493072,5.0<= M < 5.5,50<= R < 100,25.0,45.41359423061488,0.4114781082735231,s5,0.0010255091997961,0.0010348122415902,0.0010602217268093,0.0013361190978593,0.0013069973149847,0.0015969458409785,0.0020443971926605,0.0018806875219164,0.0022333047003058,0.0026415429092762,0.0026534073486238,0.0020614013058103,0.0021423649928644,0.0021486933924566,0.0004937716299694,0.0002842361824668,0.0001919795188583,0.000120035285423,7.533937512742099e-05,5.625980835881754e-05,3.222475127420999e-05,1.360628338430173e-05
6526,CO_20190513180013,234,0.66,-78.01,15.8999999999999,4.9485,RNAC_280,PAS2,211,1.2097,-77.2563,0,1.0,3.21114041359097,5,102.5954428,103.9514897,104.4330078,16.0,56.52545087742332,1,-2.006899460101502,-0.6529,-1.353999460101502,-0.6306559889036599,-1.376243471197843,4.5<= M < 5.0,100<= R < 150,50.0,55.09547922865763,0.2582055101676561,s5,0.0004435042558613,0.0004665863109072,0.0004753333802242,0.0008116497349643,0.0005901979164118,0.0007684311284403,0.0006712884576962,0.0009537136462793,0.0008926343343527,0.0010379910723751,0.0014281233129459,0.0014973974923547,0.0007954867217125,0.0006760692558613,0.0002888653098878,0.0001352878297655,9.878498267074414e-05,6.09576625891947e-05,4.469274311926605e-05,3.350927420998981e-05,1.712399490316004e-05,6.55783995922528e-06
6629,CO_20191224190352,250,3.49,-74.0,10.0,5.9519,RNAC_282,PERC1,264,4.8094,-75.7234,1,0.44,5.91062802498362,4,239.1177827,237.5748247,239.6335836,4.210526315789473,35.05161409948214,1,1.64498685075144,0.5689,1.07608685075144,0.6123475250898605,1.032639325661579,5.5<= M < 6.0,200<= R < 250,25.0,14.65872328845501,2.93317909666555,s4,0.0265844762691131,0.0267738896126401,0.027019879296636,0.0283159511416921,0.0313507509174311,0.0409771881753312,0.0537492916513761,0.0849162883995922,0.1131439015290519,0.0740987882976554,0.0615175917838939,0.0589154899490316,0.0216553115494393,0.0100257132599388,0.0051780025637104,0.0021344163139653,0.000650898296636,0.0003535066065239,,,,
6630,CO_20191224191904,251,3.48,-74.12,10.0,5.7499,RNAC_282,PERC1,264,4.8094,-75.7234,1,0.44,5.91062802498362,4,230.1123273,228.017593,230.594449,5.714285714285714,32.6358024832499,1,1.09688685075144,0.4666,0.6302868507514396,0.4667847875209912,0.6301020632304484,5.5<= M < 6.0,200<= R < 250,25.0,14.18255287153836,1.878149250525351,s4,0.012667982324159,0.0127796434454638,0.0129296105096839,0.0139466539857288,0.0163620595412844,0.0200210271151885,0.0300872021304791,0.0413940324770642,0.0383318627319062,0.0350204151681957,0.0373563965749235,0.0251169672069317,0.0096601892364933,0.0055187389694189,0.0023657435158002,0.0010906133211009,0.0004398727288481,0.000250234138634,0.0001565406839959,,,
6633,CO_20191225021122,254,3.43,-74.16,10.0,4.7,RNAC_282,PERC1,264,4.8094,-75.7234,1,0.44,5.91062802498362,4,231.6608809,230.4010605,231.9938947,13.33333333333333,29.63632199300593,1,0.9608868507514396,0.2955,0.6653868507514397,0.3075230193465084,0.6533638314049313,4.5<= M < 5.0,200<= R < 250,25.0,12.79297647400335,1.945242894474851,s4,0.002545633717635,0.0025721496055045,0.0026266122731906,0.0028595486207951,0.0029208101457696,0.0038147672986748,0.0070954034057084,0.0081957363649337,0.0091709663822629,0.0061042811223241,0.0050371260234454,0.0048788327339449,0.001049492501529,0.0006582636207951,0.0002441121865443,0.0001238962140672,4.519429153924567e-05,2.105385626911315e-05,1.506749745158002e-05,9.139910295616715e-06,5.573255861365952e-06,3.415323139653415e-06
6635,CO_20191226034829,256,3.43,-74.17,19.0,4.6,RNAC_282,PERC1,264,4.8094,-75.7234,1,0.44,5.91062802498362,4,231.0712212,231.1884245,232.0477856,13.33333333333333,29.68861001608935,1,1.32248685075144,0.287,1.03548685075144,0.3195715874731849,1.002915263278255,4.5<= M < 5.0,200<= R < 250,25.0,12.84825079553842,2.816477105887791,s4,0.0033974829653414,0.0034093640621814,0.0034512395606523,0.0040521044964322,0.0054444789643221,0.0051547414097859,0.0081896872415902,0.0084814556391437,0.0118564622528032,0.0101986271559633,0.0063223396034658,0.0067741194373088,0.0015052814566768,0.000676122775739,0.0001941123904179,9.811210499490316e-05,4.939523955147808e-05,2.089045158002039e-05,1.344091335372069e-05,9.346451580020388e-06,5.804328236493375e-06,3.259270132517839e-06
6656,CO_20191224190352,250,3.49,-74.0,10.0,5.9519,RNAC_283,PERC2,265,4.8084,-75.7237,1,0.06,1.74882906730281,2,239.0764535,237.5337595,239.5903122,5.714285714285714,34.90184804672203,1,1.583778703656481,0.5689,1.014878703656481,0.6123475250898605,0.9714311785666205,5.5<= M < 6.0,200<= R < 250,25.0,14.59861376382766,2.759028716983904,s2,0.0090452578705402,0.0091392262395514,0.0093209949714576,0.0101890767828746,0.0140169058613659,0.0212053025688073,0.033547413659531,0.0235568692252803,0.0315595709480122,0.0245407078287461,0.0188991093985728,0.0112247426299694,0.0114111633027522,0.0063281941345565,0.0039457342782874,0.0015746390917431,0.0005108380183486,0.0003448709561671,0.0002306731712538,,,
6657,CO_20191224191904,251,3.48,-74.12,10.0,5.7499,RNAC_283,PERC2,265,4.8084,-75.7237,1,0.06,1.74882906730281,2,230.0667252,227.9716673,230.5469404,8.88888888888889,32.28369263375082,1,1.197478703656481,0.4666,0.7308787036564809,0.4667847875209912,0.7306939161354897,5.5<= M < 6.0,200<= R < 250,25.0,14.03231719219117,2.076904789932014,s2,0.0050733525545361,0.0051513522048929,0.0053415829938837,0.0075730626075433,0.0091717537981651,0.011463733088685,0.0170945116819571,0.0159142001121304,0.0109101817838939,0.0090933587553516,0.0106345284505606,0.0052081792538226,0.0045932693374108,0.0033734724352701,0.0016742303843017,0.0008960157104994,0.0003469716513761,0.000198852490316,0.0001236399796126,8.392525382262998e-05,5.821040876656473e-05,
6660,CO_20191225021122,254,3.43,-74.16,10.0,4.7,RNAC_283,PERC2,265,4.8084,-75.7237,1,0.06,1.74882906730281,2,231.6123651,230.3507554,231.9437898,13.33333333333333,29.66011894944501,1,0.8409787036564809,0.2955,0.5454787036564809,0.3075230193465084,0.5334556843099725,4.5<= M < 5.0,200<= R < 250,25.0,12.80593069227503,1.725434156349817,s2,0.0008160381681957,0.000889329304791,0.001172324404689,0.0026174608980632,0.0037479019429153,0.0022426832446483,0.0032847356768603,0.0023671765158002,0.0023518165300713,0.0019672442874617,0.0015456114831804,0.0010960310642201,0.0004452890479102,0.0004152555443425,0.0001616714638124,9.71091743119266e-05,2.892335779816514e-05,1.274350764525994e-05,7.912383282364934e-06,6.156317023445463e-06,3.424835881753313e-06,1.979156982670744e-06
6662,CO_20191226034829,256,3.43,-74.17,19.0,4.6,RNAC_283,PERC2,265,4.8084,-75.7237,1,0.06,1.74882906730281,2,231.0222463,231.137139,231.9961772,16.0,29.71087753771076,1,1.333478703656481,0.287,1.046478703656481,0.3195715874731849,1.013907116183296,4.5<= M < 5.0,200<= R < 250,25.0,12.86061321520046,2.847606177615484,s2,0.0012415995810397,0.0014135635392456,0.001878711922528,0.004120652737003,0.0041389913251783,0.0043013312120285,0.0040183807074413,0.0023799069796126,0.0027780385800203,0.00211064508053,0.0016653621957186,0.000947745296636,0.0007025074097859,0.0003273319673802,0.0001172378664627,5.086345565749235e-05,2.273298165137615e-05,1.085210907237513e-05,6.19216004077472e-06,4.314795107033639e-06,2.692202854230377e-06,1.532114169215087e-06
6683,CO_20191224190352,250,3.49,-74.0,10.0,5.9519,RNAC_284,PERC3,266,4.8039,-75.7245,1,0.42,4.90775125783918,4,238.8426556,237.3112496,239.3555102,8.0,34.26568141148247,1,0.651658919663477,0.5689,0.08275891966347698,0.6123475250898605,0.03931139457361654,5.5<= M < 6.0,200<= R < 250,25.0,14.34655016935864,1.086279896255607,s4,0.0087330978858307,0.0087501216452599,0.0088156810142711,0.0089542166187563,0.009157373374108,0.0097866585688073,0.0147042010601427,0.0155580063200815,0.0199212336697247,0.0297089607747196,0.0409824934556574,0.0267458749541284,0.0130045619673802,0.0072599288674821,0.0037413944209989,0.0014014920581039,0.0004978121549439,0.0003091224974515,0.0002509375433231,0.0001786424250764,0.0001014349021406,
6684,CO_20191224191904,251,3.48,-74.12,10.0,5.7499,RNAC_284,PERC3,266,4.8039,-75.7245,1,0.42,4.90775125783918,4,229.8152083,227.7283611,230.2944637,11.42857142857143,29.17287828914312,1,0.285458919663477,0.4666,-0.181141080336523,0.4667847875209912,-0.1813258678575141,5.5<= M < 6.0,200<= R < 250,25.0,12.69405906812788,0.8343176445783469,s4,0.0050667693088685,0.0050836858848114,0.0051318627502548,0.0052524088542303,0.0055537589459734,0.0056707041029561,0.008374761559633,0.0090949363261977,0.0078572643058103,0.0110784632619775,0.0187765171865443,0.0146302938634046,0.0060511141896024,0.0034814428827726,0.001789276235474,0.0008704704791029,0.0003978156697247,0.0001849598216106,0.0001321802976554,8.639526605504588e-05,6.709948114169215e-05,4.264955249745158e-05
6687,CO_20191225021122,254,3.43,-74.16,10.0,4.7,RNAC_284,PERC3,266,4.8039,-75.7245,1,0.42,4.90775125783918,4,231.3488053,230.0870025,231.6793777,16.0,29.74702559952968,1,-0.390041080336523,0.2955,-0.685541080336523,0.3075230193465084,-0.6975640996830315,4.5<= M < 5.0,200<= R < 250,25.0,12.85808481308361,0.5038175500411888,s4,0.0005824483516819,0.0005897523394495,0.0005930721121304,0.0006045397798165,0.0006382679785932,0.0007162271641182,0.0014008447706422,0.0018326405973496,0.0016358984087665,0.0018125323771661,0.002033869069317,0.0017968259949031,0.0007580319398572,0.0003947923129459,0.0001378960846075,8.090928134556575e-05,2.935867380224261e-05,1.758691131498471e-05,1.026342099898063e-05,7.007506625891947e-06,4.134392456676861e-06,2.055742099898064e-06
6689,CO_20191226034829,256,3.43,-74.17,19.0,4.6,RNAC_284,PERC3,266,4.8039,-75.7245,1,0.42,4.90775125783918,4,230.7567952,230.8736161,231.7297352,20.0,29.77772532153138,1,-0.110241080336523,0.287,-0.397241080336523,0.3195715874731849,-0.4298126678097079,4.5<= M < 5.0,200<= R < 250,25.0,12.90437635681438,0.6721719586558674,s4,0.0007164917186544,0.0007231157940876,0.000725888833843,0.0007496495341488,0.0008050893302752,0.0009319788807339,0.0013728411508664,0.001897522767584,0.0021425776360856,0.0026446454087665,0.0026428459582059,0.002011807872579,0.00085714008053,0.0003262424780835,0.000106479235474,5.223303465851173e-05,2.698959938837921e-05,1.366125891946993e-05,7.76653007135576e-06,4.822939857288482e-06,3.189184505606524e-06,2.091377166156983e-06
6737,CO_20190126123226,215,3.03,-75.72,10.0,5.6148,RNAC_285,PIZC,212,4.9653,-77.3597,1,0.24,1.4704388834763,3,281.740179,277.3470404,282.0537197,10.0,0.0,0,-0.9485798563117901,0.0052,-0.9537798563117901,0.0717015906062698,-1.02028144691806,5.5<= M < 6.0,250<= R < 300,,0.0,0.3852819572234975,s3,0.0004293722589194,0.0004332113914373,0.0004355574362895,0.0004303382691131,0.0004316502018348,0.0004364557767584,0.0004381510917431,0.00051169372579,0.0005758098786952,0.0006362009255861,0.0006480603822629,0.0007580768685015,0.0010794675290519,0.001308475698267,0.000975679482161,0.0009603220988786,0.0005740725117227,0.0002716616330275,0.0002176790621814,0.0001536807247706,0.0001360881845056,0.0001059079327217
6738,CO_20190128210709,216,3.08,-75.65,13.1,5.4808,RNAC_285,PIZC,212,4.9653,-77.3597,1,0.24,1.4704388834763,3,282.7087175,278.7791284,283.1570381,10.0,0.0,0,-1.21677985631179,-0.1838,-1.03297985631179,-0.0999893309835159,-1.116790525328274,5.0<= M < 5.5,250<= R < 300,,0.0,0.3559447145805708,s3,0.0002745243139653,0.0002770145932721,0.0002829919857288,0.0002790691620795,0.0002814292487257,0.0002895567573904,0.0003100869480122,0.0003649727023445,0.0005042792996941,0.0004076362048929,0.0004705289011213,0.0006536543129459,0.0005584762375127,0.0006671686146788,0.0004985162313965,0.000579583362895,0.0003667026829765,0.0001950144485219,0.0001355396880733,0.0001137504036697,8.51607125382263e-05,6.265722018348624e-05
6782,CO_20191224190352,250,3.49,-74.0,10.0,5.9519,RNAC_286,PLNC,267,3.1943,-75.6455,0,0.3,1.92024000996197,3,184.1437958,179.6760167,184.8046977,8.0,0.0,0,1.435107587128066,0.5689,0.8662075871280662,0.6123475250898605,0.8227600620382056,5.5<= M < 6.0,150<= R < 200,,0.0,2.377875845148996,s3,0.0199445173190621,0.0200627022935779,0.020238048786952,0.0224269441284403,0.0255413164933741,0.0320799439857288,0.036661313088685,0.0467128696432212,0.0594711347400611,0.0559970402446483,0.0398093857696228,0.0484828349133537,0.0404251866258919,0.0253176219469928,0.0092532163537206,0.004323277980632,0.0012218763567787,0.0006539491437308,0.0004086244464831,0.0002687171641182,0.0001815344393476,
6783,CO_20191224191904,251,3.48,-74.12,10.0,5.7499,RNAC_286,PLNC,267,3.1943,-75.6455,0,0.3,1.92024000996197,3,171.2117639,168.8702005,171.8506437,5.714285714285714,0.0,0,1.602607587128066,0.4666,1.136007587128066,0.4667847875209912,1.135822799607075,5.5<= M < 6.0,150<= R < 200,,0.0,3.114309901131883,s3,0.0200125917125382,0.020102326941896,0.0202949325993883,0.0208495063506625,0.0239143974311926,0.027323062069317,0.0436780729765545,0.0452925028236493,0.0426778824974515,0.0599813667278287,0.0491779240061162,0.0577626924362894,0.0284383002548419,0.0165196085830784,0.0082350349898063,0.0031656181600407,0.0009401389092762,0.0005136165616717,0.0003148890479102,,,
6786,CO_20191225021122,254,3.43,-74.16,10.0,4.7,RNAC_286,PLNC,267,3.1943,-75.6455,0,0.3,1.92024000996197,3,167.2974088,167.020728,167.7509341,11.42857142857143,0.0,0,1.144307587128066,0.2955,0.8488075871280663,0.3075230193465084,0.8367845677815577,4.5<= M < 5.0,150<= R < 200,,0.0,2.336858689554687,s3,0.0032654284087665,0.0032761885107033,0.003309219158002,0.0034227117054026,0.0039972058634046,0.0043750353200815,0.007716336296636,0.0089022570733944,0.0092251756829765,0.005989906972477,0.0088430924291539,0.0064299499306829,0.0051842639062181,0.0030741822844036,0.0008805972925586,0.0003901594780835,0.000139657972477,7.08764750254842e-05,4.345635168195718e-05,2.936078389398573e-05,1.773584301732926e-05,9.822374108053008e-06
6788,CO_20191226034829,256,3.43,-74.17,19.0,4.6,RNAC_286,PLNC,267,3.1943,-75.6455,0,0.3,1.92024000996197,3,166.1440681,165.8097985,167.487062,16.0,0.0,0,0.9925075871280662,0.287,0.7055075871280663,0.3195715874731849,0.6729359996548814,4.5<= M < 5.0,150<= R < 200,,0.0,2.02487422420959,s3,0.0026901232935779,0.0027223188970438,0.002764595374108,0.0028402785198776,0.0034642589908256,0.0045497902762487,0.0083814921376146,0.0081835556585117,0.0065877353455657,0.0065748452283384,0.0072611078460754,0.0053391283873598,0.0031166089245667,0.0018477637706422,0.0005337224311926,0.000228419188583,8.659239347604485e-05,4.230519469928645e-05,2.628271967380224e-05,1.838779612640163e-05,1.151178185524974e-05,6.534889908256881e-06
6810,CO_20180719053934,179,3.43,-74.6,47.8,4.8688,RNAC_287,POP2,249,2.5403,-76.6761,1,0.4,4.51257043046719,3,251.4727769,253.7667665,256.5771104,16.0,19.24730766749922,1,-1.016213365584027,0.0868,-1.103013365584027,0.1316574873149184,-1.147870852898945,4.5<= M < 5.0,250<= R < 300,0.0,7.653833510238388,0.331869531210317,s3,0.0004449721620795,0.0004536911875637,0.0004589092579001,0.0005161087726809,0.0008121817594291,0.0012948370723751,0.001194116864424,0.0010695255423037,0.0008405713761467,0.0007674768552497,0.0009896205423037,0.0003212463567787,0.0001484870550458,7.727503261977574e-05,3.80977125382263e-05,2.423562079510704e-05,8.07348012232416e-06,6.085579001019368e-06,3.439415902140673e-06,2.476755351681957e-06,1.563338430173293e-06,8.502415902140673e-07
6846,CO_20190126123226,215,3.03,-75.72,10.0,5.6148,RNAC_287,POP2,249,2.5403,-76.6761,1,0.4,4.51257043046719,3,119.4390536,118.2958992,120.4016721,11.42857142857143,27.64377568331222,1,0.2218866344159732,0.0052,0.2166866344159732,0.0717015906062698,0.1501850438097034,5.5<= M < 6.0,100<= R < 150,25.0,23.1446707338212,1.241954855244111,s3,0.0115740346585117,0.0117205693985728,0.0121644498980632,0.0151691298369011,0.0255464341896024,0.0362160736697247,0.0313621894189602,0.0241818916207951,0.0245647704281345,0.019655185127421,0.0299308361977573,0.0080495861304791,0.0026938067166156,0.0019605781355759,0.0006027038053007,0.0003700487145769,0.0002266484485219,0.0002548736472986,0.0002561624536187,0.0001955012640163,0.0001101238318042,4.5564499490316e-05
6847,CO_20190128210709,216,3.08,-75.65,13.1,5.4808,RNAC_287,POP2,249,2.5403,-76.6761,1,0.4,4.51257043046719,3,128.5714756,128.1986446,129.8014367,11.42857142857143,28.32309735824829,1,0.05448663441597318,-0.1838,0.2382866344159732,-0.0999893309835159,0.1544759653994891,5.0<= M < 5.5,100<= R < 150,25.0,22.02906766533858,1.269072900666538,s3,0.0074960921783893,0.0076264227410805,0.0076634403975535,0.0091462050570846,0.0153151494495412,0.0224575900917431,0.0310271921406727,0.0156763728134556,0.0122596633537206,0.0098197123730886,0.0126814691131498,0.0040511726360856,0.0012673806860346,0.0010927531019367,0.0003153945759429,0.0001667874148827,0.0001505965107033,0.0001586575076452,0.0001616139582059,0.0001245604617737,6.602806014271152e-05,2.947584811416922e-05
6881,CO_20191224190352,250,3.49,-74.0,10.0,5.9519,RNAC_287,POP2,249,2.5403,-76.6761,1,0.4,4.51257043046719,3,314.1121797,308.3649571,314.5370663,8.88888888888889,0.0,0,0.8875866344159731,0.5689,0.3186866344159731,0.6123475250898605,0.2752391093261126,5.5<= M < 6.0,,,0.0,1.375320279329586,s3,0.0076772031406727,0.0077198859092762,0.0078003215372069,0.0080068123455657,0.0093658224036697,0.0128850980428134,0.015528685158002,0.0144534795718654,0.0174829722018348,0.017625468216106,0.0272254231396534,0.0134527794189602,0.0048167786952089,0.0031057914250764,0.0017805436493374,0.0007224796044852,0.0002135795973496,0.0001609291661569,0.0001235915749235,0.0001374130519877,0.0001199242721712,
6882,CO_20191224191904,251,3.48,-74.12,10.0,5.7499,RNAC_287,POP2,249,2.5403,-76.6761,1,0.4,4.51257043046719,3,301.4791754,297.9163525,301.8790392,11.42857142857143,0.0,0,0.8622866344159732,0.4666,0.3956866344159731,0.4667847875209912,0.395501846894982,5.5<= M < 6.0,250<= R < 300,,0.0,1.485403770191977,s3,0.0059792734016309,0.006011165482161,0.00606071635474,0.0062519061630988,0.006756451648318,0.0082334910774719,0.0117228318960244,0.0126425820183486,0.015342568980632,0.0151240517940876,0.0304701293068297,0.0140406524668705,0.0032098057023445,0.0030825904362895,0.0012870324719673,0.0005202183761467,0.0001988738980632,9.973395922528032e-05,7.518205606523955e-05,6.148446687054027e-05,5.370067991845056e-05,1.585816004077472e-05
6885,CO_20191225021122,254,3.43,-74.16,10.0,4.7,RNAC_287,POP2,249,2.5403,-76.6761,1,0.4,4.51257043046719,3,296.7205133,296.3863092,297.0075653,20.0,0.0,0,0.4832866344159731,0.2955,0.1877866344159732,0.3075230193465084,0.1757636150694647,4.5<= M < 5.0,250<= R < 300,,0.0,1.206576046080297,s3,0.0008884696044852,0.0008987832986748,0.000904674374108,0.0009443125820591,0.0011792759449541,0.0012918238022426,0.0018087715871559,0.0028286779836901,0.0033650728899082,0.0022432236758409,0.0026647071845056,0.0013591889266055,0.0005773596493374,0.0002495242262996,0.0001050585270132,4.849176656472987e-05,1.7921249745158e-05,8.647774719673803e-06,6.257386340468909e-06,5.637554536187563e-06,4.056827726809378e-06,2.07480122324159e-06
6887,CO_20191226034829,256,3.43,-74.17,19.0,4.6,RNAC_287,POP2,249,2.5403,-76.6761,1,0.4,4.51257043046719,3,295.5527883,294.4469237,296.3627257,13.33333333333333,0.0,0,0.1333866344159731,0.287,-0.1536133655840268,0.3195715874731849,-0.1861849530572117,4.5<= M < 5.0,250<= R < 300,,0.0,0.8576035359620463,s3,0.0005920036065239,0.0005981823465851,0.0006039763924566,0.0006228668042813,0.0006798532956167,0.0009605731620795,0.0018697251681957,0.0015993164648318,0.0012968315361875,0.0014987125535168,0.0019086460326197,0.0011118618970438,0.000473808786952,0.0002199624260958,8.898014780835882e-05,4.203244240570846e-05,1.343607645259939e-05,7.220813455657492e-06,5.129853211009174e-06,3.414755351681957e-06,2.513929663608563e-06,1.564744138634047e-06
7116,CO_20180719053934,179,3.43,-74.6,47.8,4.8688,RNAC_290,PTB,216,6.5395,-74.4564,0,0.09,2.07488520140718,2,346.2476867,346.1263981,349.7285678,16.0,0.0,0,-0.1579284300951782,0.0868,-0.2447284300951782,0.1316574873149184,-0.2895859174100965,4.5<= M < 5.0,,,0.0,0.7829171261037483,s2,0.0002530671478083,0.0003720411804281,0.0005613028817533,0.0004090342813455,0.0006373812701325,0.000541887227319,0.0003775121478083,0.0005321029429153,0.0005498532171253,0.0005229744536187,0.0005095078919469,0.0003347241314984,0.0002157308807339,9.35047767584098e-05,3.559769317023445e-05,2.229761365953109e-05,9.627963302752297e-06,5.311962283384302e-06,2.972785932721712e-06,1.996444444444444e-06,1.174672782874618e-06,7.681559633027524e-07
7148,CO_20181213092820,211,4.89,-73.28,7.5,4.5,RNAC_290,PTB,216,6.5395,-74.4564,0,0.09,2.07488520140718,2,225.1536064,223.4894843,225.156091,16.0,0.0,0,-0.3083284300951782,-0.4036,0.09527156990482183,-0.2892772565418929,-0.01905117355328528,,200<= R < 250,,0.0,1.099957529930434,s2,0.0002551287186544,0.0002631992293577,0.0002756078042813,0.0004658690346585,0.0007246293088685,0.000867187795107,0.0003785592497451,0.000494916316004,0.0005797210387359,0.0006204425188583,0.0004767325698267,0.0003340778470948,0.0003577995045871,0.0002405389622833,0.0001114890774719,4.597560856269113e-05,1.61897879714577e-05,1.001473088685015e-05,6.0517624872579e-06,4.327851172273191e-06,2.67781753312946e-06,1.657862385321101e-06
7186,CO_20191224190352,250,3.49,-74.0,10.0,5.9519,RNAC_290,PTB,216,6.5395,-74.4564,0,0.09,2.07488520140718,2,341.7392582,335.7241436,342.0526726,11.42857142857143,0.0,0,-0.1924284300951782,0.5689,-0.7613284300951781,0.6123475250898605,-0.8047759551850386,5.5<= M < 6.0,,,0.0,0.4670455773227718,s2,0.0009795013414882,0.0010087742252803,0.0010627254525993,0.0017708873261977,0.0028771952313965,0.0028163148175331,0.0016846081243628,0.0020406517930682,0.0016157105616717,0.0014851591100917,0.0009331804006116,0.0006700472201834,0.0006438493017329,0.0006639121518858,0.0004154830081549,0.0002193343017329,8.555164627930683e-05,8.480877471967381e-05,6.061145463812436e-05,5.775334250764526e-05,4.806207849133537e-05,4.551013965341488e-05
7187,CO_20191224191904,251,3.48,-74.12,10.0,5.7499,RNAC_290,PTB,216,6.5395,-74.4564,0,0.09,2.07488520140718,2,341.7546829,336.5786686,342.0343447,26.66666666666667,0.0,0,-0.4329284300951782,0.4666,-0.8995284300951782,0.4667847875209912,-0.8997132176161694,5.5<= M < 6.0,,,0.0,0.4067614309695627,s2,0.0005656530101936,0.0005872382956167,0.0006296193343527,0.0010388450856269,0.0018297439643221,0.0014078172629969,0.0009001182742099,0.0008407209561671,0.0007455029184505,0.000823689678899,0.000485452775739,0.0006645984362895,0.0003140464994903,0.0002957725575942,0.000246291914373,0.0002008254791029,0.0001146686207951,0.0001076377818552,6.958728950050969e-05,5.465902242609582e-05,3.76023119266055e-05,3.457236187563711e-05
7190,CO_20191225021122,254,3.43,-74.16,10.0,4.7,RNAC_290,PTB,216,6.5395,-74.4564,0,0.09,2.07488520140718,2,347.2444038,345.6800938,347.4298768,16.0,0.0,0,-0.4622284300951781,0.2955,-0.7577284300951781,0.3075230193465084,-0.7697514494416866,4.5<= M < 5.0,,,0.0,0.4687299714914922,s2,0.0001062058501529,0.0001080498685015,0.0001216041376146,0.0001945713914373,0.000290294119266,0.000241405640163,0.0001916635953109,0.0002595678909276,0.0002238653007135,0.0001981050560652,0.0001379020744138,0.000143983845056,7.092815188583079e-05,6.571525178389398e-05,3.236887155963303e-05,1.230632415902141e-05,7.161934760448522e-06,5.283594291539246e-06,2.872782874617737e-06,2.004037716615698e-06,1.388886850152905e-06,7.365779816513761e-07
7192,CO_20191226034829,256,3.43,-74.17,19.0,4.6,RNAC_290,PTB,216,6.5395,-74.4564,0,0.09,2.07488520140718,2,347.5012918,346.0927012,348.0874113,20.0,0.0,0,0.2057715699048218,0.287,-0.08122843009517816,0.3195715874731849,-0.1138000175683631,4.5<= M < 5.0,,,0.0,0.9219830587102423,s2,0.0001913273965341,0.0005254612324159,0.0005954871427115,0.0002826473251783,0.000316050698267,0.0002251093129459,0.0001820567492354,0.000167363343527,0.0001879522201834,0.0002024993404689,0.0001449658664627,0.0001122815840978,5.218520795107033e-05,2.677637410805301e-05,1.479904587155963e-05,7.246218144750255e-06,2.7862375127421e-06,1.698871559633028e-06,1.154808358817533e-06,1.12318246687054e-06,6.862456676860347e-07,5.887930682976555e-07
7255,CO_20190214062441,219,0.63,-77.79,10.0,5.0522,RNAC_291,PTLC,250,-0.17042,-74.797,1,0.24,2.28342937990249,3,344.9266095,343.1845863,345.1295172,13.33333333333333,39.53841904712812,1,-0.7594383691949578,-0.7448,-0.0146383691949577,-0.5841042966084298,-0.175334072586528,5.0<= M < 5.5,,25.0,11.46284976518407,0.9854682508495164,s3,0.0001523686207951,0.0001541526269113,0.000155285285423,0.0001694542120285,0.000237066362895,0.0002713524811416,0.0003981200948012,0.0003740085484199,0.0005349726717635,0.0004875438572884,0.0002407831620795,0.0001568577013251,0.0001156213598369,0.000125719598369,3.961257798165138e-05,3.072320183486239e-05,1.686683588175331e-05,9.826329255861366e-06,6.510455657492355e-06,5.548097859327217e-06,3.672630988786952e-06,1.635372069317023e-06
7343,CO_20180719053934,179,3.43,-74.6,47.8,4.8688,RNAC_306,RAC2C,227,3.3721,-76.53,1,0.88,3.55128668283877,5,215.0449969,218.6028989,220.7767047,11.42857142857143,0.0,0,-0.290812237056544,0.0868,-0.377612237056544,0.1316574873149184,-0.4224697243714624,4.5<= M < 5.0,200<= R < 250,,0.0,0.685496259184077,s5,0.0010710942313965,0.0016824477696228,0.0016418540387359,0.0010159957227319,0.0012682901019367,0.0010796609928644,0.0013669614403669,0.0013711327767584,0.001631829069317,0.0022133899582059,0.0017137127441386,0.0014086927655453,0.0028097124964322,0.0026440550489296,0.0006099831529051,0.0002609409694189,8.180015494393475e-05,4.465683486238532e-05,2.617805198776759e-05,1.716164220183486e-05,1.247011111111111e-05,6.870482161060142e-06
7378,CO_20190214062441,219,0.63,-77.79,10.0,5.0522,RNAC_306,RAC2C,227,3.3721,-76.53,0,0.88,3.55128668283877,5,335.352746,332.9849986,335.5911329,20.0,45.84856249383713,1,0.111087762943456,-0.7448,0.855887762943456,-0.5841042966084298,0.6951920595518858,5.0<= M < 5.5,,25.0,13.67174208075133,2.353462770476592,s5,0.0004624672283384,0.0009500115107033,0.0009457005647298,0.0008330795117227,0.0010227884097859,0.0002546701814475,0.0001639376687054,0.0002031433904179,0.0001203697084607,0.0001339192844036,0.0001675709327217,0.0001690165168195,0.0004679074933741,0.0003792730774719,7.40753241590214e-05,4.046916921508664e-05,2.173789194699287e-05,2.667427115188583e-05,3.285339551478084e-05,1.867050866462793e-05,1.229316106014271e-05,6.595793068297655e-06
7387,CO_20190513180013,234,0.66,-78.01,15.8999999999999,4.9485,RNAC_306,RAC2C,227,3.3721,-76.53,0,0.88,3.55128668283877,5,342.4974351,341.3116252,342.9657889,26.66666666666667,69.73410030734361,1,1.035087762943456,-0.6529,1.687987762943456,-0.6306559889036599,1.665743751847116,4.5<= M < 5.0,,50.0,20.360473732302,5.408586389877557,s5,0.0008648167900101,0.0019112187981651,0.0020011646309887,0.0021799475616717,0.0030249374209989,0.0011283673445463,0.0002362675545361,0.0001504522059123,9.024707033639143e-05,7.53183374108053e-05,9.707148521916412e-05,6.747739143730887e-05,0.0001124305932721,0.0001333717777777,4.108182262996942e-05,2.245076554536187e-05,1.330747808358818e-05,1.286767991845056e-05,1.883707135575943e-05,1.111637003058104e-05,6.324524974515799e-06,4.07751987767584e-06
7402,CO_20191224190352,250,3.49,-74.0,10.0,5.9519,RNAC_306,RAC2C,227,3.3721,-76.53,1,0.88,3.55128668283877,5,279.5330684,275.3331467,279.956918,8.88888888888889,0.0,0,0.6712877629434559,0.5689,0.102387762943456,0.6123475250898605,0.05894023785359548,5.5<= M < 6.0,250<= R < 300,,0.0,1.107812957266372,s5,0.0059401502844036,0.0059584954342507,0.005964638570846,0.0060279770774719,0.0061115701732925,0.006624870551478,0.008704926022426,0.009984005786952,0.0107669316106014,0.0145932779204892,0.0107645450662589,0.0146117130275229,0.0166311590825688,0.0207501175433231,0.0054691233771661,0.0024308955372069,0.000911441296636,0.0008237104607543,0.0004797403792048,0.0002951785606523,0.0001724567981651,
7403,CO_20191224191904,251,3.48,-74.12,10.0,5.7499,RNAC_306,RAC2C,227,3.3721,-76.53,1,0.88,3.55128668283877,5,266.6178209,264.5640807,267.0166458,11.42857142857143,0.0,0,0.793287762943456,0.4666,0.326687762943456,0.4667847875209912,0.3265029754224649,5.5<= M < 6.0,250<= R < 300,,0.0,1.386368533963032,s5,0.0054315797155963,0.0054433489582059,0.0054516573292558,0.0055214225504587,0.0057118389959225,0.0061348978786952,0.0072034593751274,0.0078875193649337,0.0123137575637105,0.0146915019062181,0.0127865047196738,0.0186717237104994,0.0140552213761467,0.0117653440978593,0.0056667872283384,0.0021894203017329,0.0009371335504587,0.0009394156044852,0.0004582897696228,0.00021579045158,0.0001702723985728,8.593098369011213e-05
7406,CO_20191225021122,254,3.43,-74.16,10.0,4.7,RNAC_306,RAC2C,227,3.3721,-76.53,1,0.88,3.55128668283877,5,263.4604858,262.7772473,263.7387001,20.0,0.0,0,0.234487762943456,0.2955,-0.061012237056544,0.3075230193465084,-0.07303525640305245,4.5<= M < 5.0,250<= R < 300,,0.0,0.9408117269392684,s5,0.0006999798797145,0.0006992365035677,0.0007154426044852,0.0007200569755351,0.0007454932181447,0.0009130383832823,0.0012921347471967,0.001366342296636,0.0022526475351681,0.0015488161875637,0.0011206084699286,0.0016251989683995,0.00190107045158,0.0018971114199796,0.0005999514882772,0.000241259853211,8.123854332313965e-05,4.626704485219164e-05,2.459982364933741e-05,1.613387257900102e-05,9.981603465851171e-06,5.924850152905198e-06
7408,CO_20191226034829,256,3.43,-74.17,19.0,4.6,RNAC_306,RAC2C,227,3.3721,-76.53,1,0.88,3.55128668283877,5,262.3420567,261.4788421,263.1773576,13.33333333333333,0.0,0,0.194487762943456,0.287,-0.09251223705654402,0.3195715874731849,-0.1250838245297289,4.5<= M < 5.0,250<= R < 300,,0.0,0.9116380551297762,s5,0.0006350979133537,0.0006381641111111,0.0006440080815494,0.0006530069561671,0.0006638551437308,0.0007187183476044,0.0009632144689092,0.0011773131284403,0.0014324529571865,0.0016272234872579,0.0010188948562691,0.0011465018613659,0.0016964775361875,0.0019577233445463,0.0004220536187563,0.0001432193557594,5.231359429153925e-05,2.78410876656473e-05,1.657293577981651e-05,1.10506126401631e-05,8.924908256880734e-06,5.871173292558614e-06
7427,CO_20180719053934,179,3.43,-74.6,47.8,4.8688,RNAC_313,RECRC,228,4.9604,-75.3525,1,0.22,4.65843213964135,3,189.9896815,194.3344507,197.2644149,11.42857142857143,39.37196368589992,1,0.3222693073614475,0.0868,0.2354693073614475,0.1316574873149184,0.1906118200465291,4.5<= M < 5.0,150<= R < 200,25.0,20.72321158446698,1.26550253904911,s3,0.0027151320958205,0.00278713890316,0.0028176632538226,0.0033946462487257,0.0055818893068297,0.0085652314159021,0.0096688097420999,0.0114608568807339,0.0068243412048929,0.0049884660122324,0.0027613286391437,0.001867449,0.0009898008389398,0.0005572078175331,0.0001548143211009,7.258902956167176e-05,2.74453995922528e-05,1.74826371049949e-05,9.54883995922528e-06,5.306477064220183e-06,4.197311926605505e-06,2.311158002038736e-06
7459,CO_20181213092820,211,4.89,-73.28,7.5,4.5,RNAC_313,RECRC,228,4.9604,-75.3525,1,0.22,4.65843213964135,3,230.1652724,229.7781348,230.2177391,16.0,16.41929710164449,1,-0.7997306926385526,-0.4036,-0.3961306926385525,-0.2892772565418929,-0.5104534360966597,,200<= R < 250,0.0,7.133698724588518,0.6729187446639481,s3,0.0003043560173292,0.0003113183149847,0.0003057168909276,0.0003220592487257,0.0003651138685015,0.0003805844362895,0.0005948846850152,0.0007199263496432,0.0007160275147808,0.0011990934424057,0.0007052891661569,0.0003974972517838,0.0002585315830784,0.0001650671355759,5.749855147808359e-05,3.579093883792049e-05,1.378064933741081e-05,7.607125382262996e-06,4.252649337410805e-06,3.228939857288481e-06,1.728273190621814e-06,1.979810397553517e-06
7464,CO_20190128210709,216,3.08,-75.65,13.1,5.4808,RNAC_313,RECRC,228,4.9604,-75.3525,1,0.22,4.65843213964135,3,211.8821873,210.1687059,212.8221012,8.0,66.85321447356223,1,-0.7118306926385525,-0.1838,-0.5280306926385525,-0.0999893309835159,-0.6118413616550366,5.0<= M < 5.5,200<= R < 250,50.0,31.55206925389439,0.5897652558832273,s3,0.0012314224740061,0.001246809158002,0.0012798419327217,0.001518081914373,0.00214055635474,0.00325520045158,0.0047031375280326,0.0046082945820591,0.0031833307441386,0.002273856404689,0.0016479110570846,0.0023988864617737,0.0019777421824668,0.0016146825229357,0.0006458607838939,0.0004558330244648,0.0001598719347604,8.940764322120284e-05,8.090411416921508e-05,6.798540468909276e-05,3.756301223241591e-05,
7475,CO_20191224190352,250,3.49,-74.0,10.0,5.9519,RNAC_313,RECRC,228,4.9604,-75.3525,1,0.22,4.65843213964135,3,220.1257732,217.8529563,220.9014951,7.272727272727272,22.43695170380427,1,1.307769307361447,0.5689,0.7388693073614475,0.6123475250898605,0.6954217822715869,5.5<= M < 6.0,200<= R < 250,0.0,10.1927872314246,2.093566994923406,s3,0.0206420430071355,0.0208700187054026,0.0212951575127421,0.0230885041284403,0.0362742449949031,0.0629081004383282,0.0630121028032619,0.0716475932925586,0.0594695922935779,0.0353142272782874,0.0259172979816513,0.0237502678185525,0.0100370614964322,0.0053673764209989,0.002559011756371,0.0012311162976554,0.0004465302640163,0.0002333805076452,0.000212762648318,0.0001416441090723,,
7476,CO_20191224191904,251,3.48,-74.12,10.0,5.7499,RNAC_313,RECRC,228,4.9604,-75.3525,1,0.22,4.65843213964135,3,212.9349889,210.3414815,213.6681757,10.0,22.63812161732598,1,0.9340693073614474,0.4666,0.4674693073614475,0.4667847875209912,0.4672845198404563,5.5<= M < 6.0,200<= R < 250,0.0,10.63147101106876,1.595950218877175,s3,0.0114436223343527,0.0115906859327217,0.0119159401834862,0.0137454978899082,0.021908235443425,0.034745529775739,0.0390814401019367,0.034925832324159,0.0258489630173292,0.0115639428440366,0.0102256330173292,0.0095289773017329,0.0040893318756371,0.0024500596218144,0.0013715770428134,0.0007092859255861,0.0002252829989806,0.0001446298766564,0.0001159668267074,0.0001164739245667,6.65923007135576e-05,3.304711314984709e-05
7479,CO_20191225021122,254,3.43,-74.16,10.0,4.7,RNAC_313,RECRC,228,4.9604,-75.3525,1,0.22,4.65843213964135,3,215.625423,214.556203,216.1610598,20.0,22.75385675559602,1,0.5297693073614476,0.2955,0.2342693073614475,0.3075230193465084,0.2222462880149391,4.5<= M < 5.0,200<= R < 250,0.0,10.55249257671996,1.263984846799723,s3,0.0017357272517838,0.0017720079847094,0.001827582570846,0.0020553880948012,0.0033490704036697,0.0056198894108053,0.0058060795300713,0.0039842797920489,0.0045832397747196,0.0042448193302752,0.0017409048205912,0.0010981229653414,0.0006887208848114,0.0005589651875637,0.0001953383323139,8.262152701325179e-05,3.086376554536188e-05,1.486086034658512e-05,9.207449541284404e-06,6.942610601427115e-06,4.531732925586137e-06,2.7857624872579e-06
7481,CO_20191226034829,256,3.43,-74.17,19.0,4.6,RNAC_313,RECRC,228,4.9604,-75.3525,1,0.22,4.65843213964135,3,215.232265,215.487469,216.5716047,13.33333333333333,22.77023202939223,1,0.7583693073614475,0.287,0.4713693073614475,0.3195715874731849,0.4387977198882626,4.5<= M < 5.0,200<= R < 250,0.0,10.57937666984652,1.602186577725969,s3,0.0020288702293577,0.0020567806727828,0.0021179619235474,0.0023542855494393,0.0038135274892966,0.0064126266116207,0.0053545082650356,0.0081083392436289,0.0050714598511722,0.0044458921172273,0.002939088717635,0.002036428324159,0.0005294096829765,0.0002930800397553,0.000120088011213,7.020901325178388e-05,2.32052874617737e-05,9.816876656472986e-06,7.203572884811417e-06,5.164090723751274e-06,3.056349643221203e-06,2.00286748216106e-06
7546,CO_20191224190352,250,3.49,-74.0,10.0,5.9519,RNAC_317,ROSC,232,4.8449,-74.3211,0,0.8,2.57210556818155,4,153.5941329,149.0548695,154.5738012,11.42857142857143,0.0,0,-0.8655333454017298,0.5689,-1.43443334540173,0.6123475250898605,-1.47788087049159,5.5<= M < 6.0,100<= R < 150,,0.0,0.2382503314169628,s4,0.0032498554770642,0.0032619848786952,0.0032649415637104,0.0033050733221202,0.0034036860397553,0.003593804717635,0.0050625846992864,0.0069985289633027,0.0082729839113149,0.0086599035565749,0.0108134068195718,0.0111572547502548,0.0090693081304791,0.00551650462895,0.0031308266411824,0.0017258586004077,0.0008136962293577,0.0005088213109072,0.0004429963781855,0.0004459457319062,0.0003452355626911,0.0001904014362895
7547,CO_20191224191904,251,3.48,-74.12,10.0,5.7499,RNAC_317,ROSC,232,4.8449,-74.3211,0,0.8,2.57210556818155,4,152.8804036,148.7805624,153.7751709,10.0,0.0,0,-1.07453334540173,0.4666,-1.54113334540173,0.4667847875209912,-1.541318132922721,5.5<= M < 6.0,100<= R < 150,,0.0,0.214138271222698,s4,0.0020435621641182,0.0020478292028542,0.0020649518583078,0.0020896064740061,0.0021357893904179,0.0023548362731906,0.0028286752395514,0.003594021953109,0.0052798503098878,0.0048073867410805,0.0093041840835881,0.0072971367543323,0.0048225520662589,0.0035429989826707,0.0020963226758409,0.0020435868746177,0.0011012745056065,0.0005694353119266,0.0004082015086646,0.0003621076839959,0.0003135170591233,0.0001935145779816
7550,CO_20191225021122,254,3.43,-74.16,10.0,4.7,RNAC_317,ROSC,232,4.8449,-74.3211,0,0.8,2.57210556818155,4,158.2757438,157.4195908,158.9013918,11.42857142857143,0.0,0,-0.9389333454017298,0.2955,-1.23443334540173,0.3075230193465084,-1.246456364748238,4.5<= M < 5.0,150<= R < 200,,0.0,0.290999611925253,s4,0.0005509949388379,0.0005565070285423,0.0005633854964322,0.0005699423068297,0.000597027482161,0.0006562920336391,0.0008735419357798,0.001262093196738,0.0018925058470948,0.0021678798165137,0.0023486248603465,0.0017815046503567,0.0010214300723751,0.0005185538481141,0.0002387653139653,0.0002037591141692,5.442134556574923e-05,3.149972986748216e-05,2.848051070336391e-05,2.284906116207951e-05,1.132612028542304e-05,7.176747196738022e-06
7552,CO_20191226034829,256,3.43,-74.17,19.0,4.6,RNAC_317,ROSC,232,4.8449,-74.3211,0,0.8,2.57210556818155,4,158.5124787,158.4677658,160.1620361,16.0,0.0,0,-0.9823333454017298,0.287,-1.26933334540173,0.3195715874731849,-1.301904932874915,4.5<= M < 5.0,150<= R < 200,,0.0,0.2810189018890155,s4,0.0004931822313965,0.0004987170336391,0.0004974238175331,0.0005026347747196,0.0005238088735983,0.0005634300356778,0.0007634729969418,0.0010082049194699,0.0013897664464831,0.0016303318776758,0.0017261697492354,0.0015506373221202,0.0005046572405708,0.0002687040672782,0.0001082837359836,5.58684627930683e-05,2.314398165137615e-05,1.527615086646279e-05,1.499019877675841e-05,1.158125178389398e-05,5.741590214067279e-06,3.485900101936799e-06
7782,CO_20190929112001,245,11.98,-73.69,10.0,4.9207,RNAC_320,SMAR,234,11.1638,-74.2245,0,0.12,1.55575890659825,1,107.2469015,105.6775105,107.7835311,26.66666666666667,0.0,0,-1.207235290194321,-0.3544,-0.8528352901943208,-0.2600789950689148,-0.947156295125406,4.5<= M < 5.0,100<= R < 150,,0.0,0.4262048029274126,s1,0.0005923024311926,0.0006393324148827,0.0007222867461773,0.0010891635586136,0.0013498147196738,0.0015186575718654,0.0016617399561671,0.0021983731559633,0.0013528955290519,0.0008783853068297,0.0006801043843017,0.0004936620723751,0.0003651363486238,0.0002197217247706,0.0001155800407747,7.969140468909276e-05,2.991720693170235e-05,1.878123139653415e-05,1.32389255861366e-05,8.871611620795107e-06,6.540403669724771e-06,3.073344546381244e-06
7915,CO_20180719053934,179,3.43,-74.6,47.8,4.8688,RNAC_323,SPBC,251,5.6522,-74.0724,0,0.12,2.42343295672946,2,253.9072406,255.5804055,258.7302945,10.0,0.0,0,-0.2238562076524577,0.0868,-0.3106562076524577,0.1316574873149184,-0.3555136949673761,4.5<= M < 5.0,250<= R < 300,,0.0,0.7329658205986479,s2,0.0005104887013251,0.0005162029755351,0.0005264010835881,0.0006034930081549,0.0011056711427115,0.001369806324159,0.0013748782844036,0.0011392291732925,0.0011050164362895,0.0012164874678899,0.0012375444271151,0.0010293901131498,0.0005251124108053,0.0002447647094801,0.0001146811416921,6.046711111111111e-05,2.054760652395514e-05,1.336644240570846e-05,7.248585117227319e-06,4.437213047910295e-06,2.541252803261977e-06,1.544308868501529e-06
7947,CO_20181213092820,211,4.89,-73.28,7.5,4.5,RNAC_323,SPBC,251,5.6522,-74.0724,0,0.12,2.42343295672946,2,122.2980148,120.8005657,122.3079862,20.0,0.0,0,-0.5838562076524577,-0.4036,-0.1802562076524577,-0.2892772565418929,-0.2945789511105648,,100<= R < 150,,0.0,0.8350562362034518,s2,0.0006967143486238,0.0007120201162079,0.0007449261009174,0.0009338245086646,0.0019270315310907,0.002633814678899,0.0018058466666666,0.0018338974250764,0.0014301444617737,0.0013298858369011,0.0008800597726809,0.000489838775739,0.0002696645025484,0.0001211685749235,5.41460754332314e-05,2.75264250764526e-05,1.710913149847095e-05,1.194458002038736e-05,1.136586136595311e-05,8.126800203873598e-06,3.769367991845056e-06,1.504262996941896e-06
7951,CO_20190128210709,216,3.08,-75.65,13.1,5.4808,RNAC_323,SPBC,251,5.6522,-74.0724,0,0.12,2.42343295672946,2,335.4886661,334.5438471,335.9004165,11.42857142857143,0.0,0,-1.760356207652458,-0.1838,-1.576556207652458,-0.0999893309835159,-1.660366876668942,5.0<= M < 5.5,,,0.0,0.2066856564771852,s2,0.0001098181814475,0.0001129111508664,0.0001209646717635,0.0001802091070336,0.0003001833292558,0.000296342049949,0.0002734090774719,0.0002598098491335,0.0003050677787971,0.0002581610621814,0.0001755102619775,0.0001262631437308,7.72478613659531e-05,6.277244852191641e-05,2.07788369011213e-05,1.032128950050968e-05,5.40671865443425e-06,2.356009174311927e-06,1.339543323139654e-06,1.064180428134556e-06,8.63164118246687e-07,5.253761467889908e-07
7965,CO_20191224190352,250,3.49,-74.0,10.0,5.9519,RNAC_323,SPBC,251,5.6522,-74.0724,0,0.12,2.42343295672946,2,239.6419938,233.6673554,240.1199822,11.42857142857143,0.0,0,-0.07565620765245773,0.5689,-0.6445562076524577,0.6123475250898605,-0.6880037327423182,5.5<= M < 6.0,200<= R < 250,,0.0,0.5248954350020418,s2,0.0023957803965341,0.0024422849694189,0.0025516024403669,0.0031204209561671,0.0064708736309887,0.0071973843853211,0.0078557699765545,0.0068962946544342,0.0052256032120285,0.0063652898674821,0.0050976033343527,0.003721802980632,0.0028392030030581,0.0017760656024464,0.0011011137247706,0.0005632406503567,0.000257632698267,0.0001641932018348,9.584668501529052e-05,8.668991946992864e-05,0.0001016723017329,9.831690519877676e-05
7966,CO_20191224191904,251,3.48,-74.12,10.0,5.7499,RNAC_323,SPBC,251,5.6522,-74.0724,0,0.12,2.42343295672946,2,241.266312,236.229215,241.6916553,13.33333333333333,0.0,0,-0.1417562076524577,0.4666,-0.6083562076524577,0.4667847875209912,-0.6085409951734488,5.5<= M < 6.0,200<= R < 250,,0.0,0.5442447595590056,s2,0.001655558343527,0.0016747021437308,0.0017123921926605,0.0020302894362895,0.0034070591396534,0.0051763480275229,0.0055335558440366,0.0038111312028542,0.003630840570846,0.004463165717635,0.0031810874719673,0.00222290990316,0.0015322270193679,0.0010065878746177,0.0009487460754332,0.0006373764740061,0.0003534915259938,0.0002425828715596,0.0001405844556574,7.353281855249746e-05,7.34682762487258e-05,6.853140978593272e-05
7969,CO_20191225021122,254,3.43,-74.16,10.0,4.7,RNAC_323,SPBC,251,5.6522,-74.0724,0,0.12,2.42343295672946,2,247.1748342,245.871482,247.4589617,13.33333333333333,0.0,0,0.09444379234754224,0.2955,-0.2010562076524577,0.3075230193465084,-0.2130792269989662,4.5<= M < 5.0,200<= R < 250,,0.0,0.817866459908157,s2,0.0004401135249745,0.0004451774026503,0.0004545825290519,0.0004958133720693,0.0006778665616717,0.0009159062181447,0.0015748182945973,0.0010179906136595,0.0010899298226299,0.0011414553853211,0.0008186315290519,0.0005338597543323,0.0003881567471967,0.0001841379755351,0.0001018486513761,5.412678593272172e-05,1.920721916411824e-05,1.390724872579001e-05,7.437251783893986e-06,3.824912334352702e-06,2.613302752293578e-06,1.773396534148828e-06
7971,CO_20191226034829,256,3.43,-74.17,19.0,4.6,RNAC_323,SPBC,251,5.6522,-74.0724,0,0.12,2.42343295672946,2,247.5815757,246.5155748,248.4450479,13.33333333333333,0.0,0,-0.1687562076524577,0.287,-0.4557562076524577,0.3195715874731849,-0.4883277951256426,4.5<= M < 5.0,200<= R < 250,,0.0,0.6339683748986011,s2,0.0003145423119266,0.0003171827991845,0.0003211630927624,0.0003663834729867,0.000616892659531,0.000741653795107,0.0008720146197757,0.0008852627492354,0.001141419235474,0.0010360182833843,0.0007326615800203,0.0004728143883792,0.0001662763924566,0.0001038650978593,4.539957084607543e-05,2.088767278287462e-05,9.462434250764523e-06,4.957748216106014e-06,2.4894750254842e-06,1.813702344546381e-06,1.730150866462793e-06,1.644561671763506e-06
8015,CO_20181124204113,199,9.29,-70.66,23.0999999999999,5.2068,RNAC_324,TAM,236,6.4354,-71.7913,0,0.46,2.01231858625836,4,339.860204,337.402598,340.7441731,10.0,0.0,0,0.4028037070172823,0.429,-0.02619629298271772,0.5238842466993677,-0.1210805396820854,5.0<= M < 5.5,,,0.0,0.9741438532376364,s4,0.0008045421070336,0.000806388895005,0.0008143348623853,0.0008592329796126,0.0011441225535168,0.0012710125351681,0.001807445235474,0.0016720668379204,0.0020216747013251,0.0022368867420998,0.0028915471029561,0.0022997804332313,0.0010071502089704,0.0009158028939857,0.000558093980632,0.0004699328002038,0.0002378778154943,0.0001402410540265,6.794997961264017e-05,3.460341080530071e-05,1.716185932721713e-05,9.408534148827729e-06
8027,CO_20181213092820,211,4.89,-73.28,7.5,4.5,RNAC_324,TAM,236,6.4354,-71.7913,0,0.46,2.01231858625836,4,237.7414383,236.4390258,237.7445417,16.0,0.0,0,0.5433037070172824,-0.4036,0.9469037070172823,-0.2892772565418929,0.8325809635591752,,200<= R < 250,,0.0,2.577715926498121,s4,0.000663358520897,0.0006659613679918,0.0006699308776758,0.0006867377849133,0.0007197299133537,0.0007349391896024,0.0008496272303771,0.0009605752823649,0.0013644124413863,0.001403908640163,0.002125280972477,0.0012589668980632,0.001349775609582,0.0007621620265035,0.0001894183404689,9.394835474006115e-05,4.843724362895005e-05,2.708331294597349e-05,1.533127115188583e-05,9.824659531090724e-06,6.048141692150867e-06,3.259781855249745e-06
8305,CO_20181124204113,199,9.29,-70.66,23.0999999999999,5.2068,RNAC_329,URI,240,11.7017,-71.9925,0,0.06,1.84743639882318,1,306.9000518,305.4278313,307.8518472,16.0,0.0,0,0.7958493848498326,0.429,0.3668493848498326,0.5238842466993677,0.2719651381504649,5.0<= M < 5.5,,,0.0,1.443180537891703,s1,0.0009363256106014,0.0009945797441386,0.0012381558409785,0.0036160960081549,0.002764433393476,0.0025795015066258,0.0020669383975535,0.0012494164281345,0.0009839281049949,0.000781801041794,0.0006470566636085,0.0005164079459734,0.0002982640978593,0.0003114377084607,0.0001354281141692,8.031993985728849e-05,2.948499388379205e-05,1.738261671763506e-05,1.499734046890928e-05,8.643109072375127e-06,3.884809378185525e-06,3.485236493374108e-06
8351,CO_20190929112001,245,11.98,-73.69,10.0,4.9207,RNAC_329,URI,240,11.7017,-71.9925,0,0.06,1.84743639882318,1,186.4994111,184.8162356,186.8074255,20.0,0.0,0,-0.1263506151501674,-0.3544,0.2280493848498326,-0.2600789950689148,0.1337283799187474,4.5<= M < 5.0,150<= R < 200,,0.0,1.256147358549253,s1,0.0006416929714576,0.0006630569510703,0.000727731069317,0.0012864036544342,0.001358352462793,0.0013816147308868,0.002466795266055,0.0016071006269113,0.0016111224260958,0.0014696885188583,0.0013403753955147,0.000738483953109,0.0002929511121304,0.0001927731162079,0.0001111342629969,6.371228338430173e-05,2.643814882772681e-05,1.774994189602447e-05,1.172181753312946e-05,6.434824668705403e-06,3.906386340468909e-06,2.179300713557594e-06
8407,CO_20181213092820,211,4.89,-73.28,7.5,4.5,RNAC_330,URMC,271,3.2472,-74.3787,0,0.24,2.21499776320274,3,219.8261019,218.5324374,219.831252,20.0,0.0,0,-0.6565138124901196,-0.4036,-0.2529138124901196,-0.2892772565418929,-0.3672365559482267,,200<= R < 250,,0.0,0.7765348065409703,s3,0.0002564642579001,0.0002593483567787,0.0002685953292558,0.00028992245158,0.0003866826044852,0.0005046375453618,0.000780563756371,0.0008408825555555,0.0007900589398572,0.00058687708053,0.0002985463261977,0.00017260117737,0.0001159875188583,8.400842609582059e-05,5.268826095820591e-05,2.699203160040775e-05,1.001154638124363e-05,4.359800203873599e-06,2.73062996941896e-06,2.132844036697248e-06,1.455814475025484e-06,7.492823649337411e-07
8411,CO_20190126123226,215,3.03,-75.72,10.0,5.6148,RNAC_330,URMC,271,3.2472,-74.3787,0,0.24,2.21499776320274,3,150.7814172,148.2515243,151.4242113,11.42857142857143,0.0,0,0.6199861875098803,0.0052,0.6147861875098803,0.0717015906062698,0.5482845969036105,5.5<= M < 6.0,100<= R < 150,,0.0,1.849261162151144,s3,0.0085976904291539,0.0086468659745158,0.0088325947665647,0.0096478361722731,0.0139562453109072,0.0162316267482161,0.0203271019979612,0.0187559076860346,0.0267477391743119,0.0352510293170234,0.0167265830173292,0.0133324883893985,0.0074892331070336,0.0063560135463812,0.0030047644393476,0.0016724993639143,0.0004541307074413,0.0002324254994903,0.0001406847889908,0.0001145472313965,7.61639123343527e-05,3.694118144750255e-05
8412,CO_20190128210709,216,3.08,-75.65,13.1,5.4808,RNAC_330,URMC,271,3.2472,-74.3787,0,0.24,2.21499776320274,3,142.5457752,140.2517054,143.5055768,11.42857142857143,0.0,0,0.01668618750988038,-0.1838,0.2004861875098804,-0.0999893309835159,0.1166755184933963,5.0<= M < 5.5,100<= R < 150,,0.0,1.221996733305669,s3,0.0044562692976554,0.0045270739775739,0.0046573890254841,0.0060472860652395,0.0063231929592252,0.0096174720081549,0.0105282876656472,0.01301199617737,0.0149659816819571,0.0098924453720693,0.0055215238195718,0.0038312110509684,0.0017850582334352,0.0021820554954128,0.0010727096044852,0.0005311521559633,0.0001410783802242,8.267716004077472e-05,9.085213251783894e-05,6.11920489296636e-05,3.520390417940877e-05,1.506787257900102e-05
8446,CO_20191224190352,250,3.49,-74.0,10.0,5.9519,RNAC_330,URMC,271,3.2472,-74.3787,0,0.24,2.21499776320274,3,49.08063362,45.05956143,51.3469198,5.333333333333333,0.0,0,1.48578618750988,0.5689,0.9168861875098804,0.6123475250898605,0.8734386624200199,5.5<= M < 6.0,0<= R < 50,,0.0,2.501489082386565,s3,0.1496373585117227,0.1549554956167176,0.1633631327217125,0.1994525120285423,0.3135429254841998,0.5225661545361876,0.3272775184505606,0.276856052803262,0.3616993491335372,0.2601062365953109,0.224848816717635,0.1148226033639143,0.0500386920489296,0.0339498593476044,0.0120624419367991,0.011410584424057,0.0056515757665647,0.0025489991814475,0.0017525287900101,,,
8447,CO_20191224191904,251,3.48,-74.12,10.0,5.7499,RNAC_330,URMC,271,3.2472,-74.3787,0,0.24,2.21499776320274,3,38.04721353,35.58355416,40.63720829,4.705882352941176,0.0,0,1.19588618750988,0.4666,0.7292861875098804,0.4667847875209912,0.7291013999888891,5.5<= M < 6.0,0<= R < 50,,0.0,2.073599917748712,s3,0.1225383280326197,0.1241554153924566,0.1277083140672782,0.1447643432212028,0.2167639330275229,0.2620373474006116,0.259283643119266,0.2840981834862385,0.3669182341488277,0.1875528439347604,0.1561800382262997,0.0912500055963302,0.054048054393476,0.0545040533639143,0.0172693349541284,0.0111357953211009,0.0049644646574923,0.0022547063088685,,,,
8450,CO_20191225021122,254,3.43,-74.16,10.0,4.7,RNAC_330,URMC,271,3.2472,-74.3787,0,0.24,2.21499776320274,3,31.96712888,32.87649661,34.07474418,11.42857142857143,0.0,0,0.2836861875098803,0.2955,-0.01181381249011965,0.3075230193465084,-0.0238368318366281,4.5<= M < 5.0,0<= R < 50,,0.0,0.9882556966009372,s3,0.0218115340468909,0.0228283038939857,0.0253662493781855,0.0364573030988786,0.0729946065035677,0.0632118516921508,0.0517365238939857,0.0296046735677879,0.0260091434862385,0.0302555145056065,0.0371900118756371,0.0186233155453618,0.0068736734862385,0.0032729360081549,0.001113787941896,0.000563390412844,0.0002244080479102,0.0001156903659531,7.208951783893987e-05,5.001029153924566e-05,3.234946992864424e-05,1.827346381243629e-05
8452,CO_20191226034829,256,3.43,-74.17,19.0,4.6,RNAC_330,URMC,271,3.2472,-74.3787,0,0.24,2.21499776320274,3,30.88437989,35.37790478,37.14557962,8.88888888888889,0.0,0,0.1094861875098804,0.287,-0.1775138124901196,0.3195715874731849,-0.2100853999633045,4.5<= M < 5.0,0<= R < 50,,0.0,0.8373494333751016,s3,0.0162483435677879,0.0171945119571865,0.0184681348216106,0.036622783598369,0.0477161343832823,0.0378299783384301,0.0460396439959225,0.0257733914067278,0.0259883073496432,0.0176499496534148,0.0108646844444444,0.0062968163363914,0.0037237596707441,0.0025543502477064,0.0007827786279306,0.0003783918674821,0.0001434607798165,7.326899694189602e-05,5.297795820591233e-05,3.833544546381244e-05,2.334758002038736e-05,
8490,CO_20181124204113,199,9.29,-70.66,23.0999999999999,5.2068,RNAC_331,VALLC,241,10.5086,-73.2581,0,0.02,1.99435931977842,2,316.5684006,313.7748562,317.5102811,20.0,0.0,0,0.5883943721902657,0.429,0.1593943721902657,0.5238842466993677,0.06451012549089796,5.0<= M < 5.5,,,0.0,1.172800375342991,s2,0.0009023535219164,0.0009029746554536,0.0011347650560652,0.0025742682324159,0.0025600548134556,0.0023255151202854,0.0023168750581039,0.0017227024933741,0.0015445293384301,0.0009768977319062,0.0006546209582059,0.000615473833843,0.0004093847380224,0.0003311554607543,0.0001597257706422,0.0001074836952089,6.007269622833843e-05,2.109853007135576e-05,1.445788073394495e-05,1.053162691131499e-05,6.540403669724771e-06,4.137672782874617e-06
8531,CO_20180719053934,179,3.43,-74.6,47.8,4.8688,RNAC_332,VIL,242,4.1111,-73.6934,0,1.0,6.1960647683681,5,125.4287006,133.159684,135.0461543,10.0,0.0,0,0.1607731171748885,0.0868,0.07397311717488846,0.1316574873149184,0.02911562985997007,4.5<= M < 5.0,100<= R < 150,,0.0,1.076777858276282,s5,0.006097274266055,0.0061115877889908,0.006128524972477,0.0062206876187563,0.0065916787655453,0.0083317245035677,0.0107844203363914,0.0118320487461773,0.0135258033333333,0.017530485922528,0.0180526776962283,0.0159479458103975,0.0126950355045871,0.0065495470519877,0.0018385790754332,0.0007345740570846,0.0002531266360856,0.0001452142283384,9.179812945973496e-05,6.34050621814475e-05,3.978611314984709e-05,2.278371457696228e-05
8563,CO_20181213092820,211,4.89,-73.28,7.5,4.5,RNAC_332,VIL,242,4.1111,-73.6934,0,1.0,6.1960647683681,5,98.18873764,96.87755447,98.20690193,13.33333333333333,0.0,0,-1.449826882825111,-0.4036,-1.046226882825111,-0.2892772565418929,-1.160549626283218,,50<= R < 100,,0.0,0.3512605993074798,s5,0.000979980374108,0.0009872426381243,0.0010013192538226,0.0010556094393476,0.0015963341264016,0.0019255304311926,0.0027931618562691,0.0032684972823649,0.0035940839908256,0.0031050743527013,0.0022647307298674,0.0014898378073394,0.0008127930366972,0.0009880787716615,0.0003728854016309,0.0001066597186544,6.68593883792049e-05,4.276754740061162e-05,2.658347604485219e-05,1.783830886850153e-05,9.686185524974517e-06,4.638079510703364e-06
8567,CO_20190126123226,215,3.03,-75.72,10.0,5.6148,RNAC_332,VIL,242,4.1111,-73.6934,0,1.0,6.1960647683681,5,254.9131892,253.4631866,255.3151808,11.42857142857143,0.0,0,0.8548731171748885,0.0052,0.8496731171748885,0.0717015906062698,0.7831715265686187,5.5<= M < 6.0,250<= R < 300,,0.0,2.33888218653807,s5,0.0072813396320081,0.0072899707003058,0.0072896663139653,0.0073599513129459,0.0075321162497451,0.0076548511070336,0.0086285305524974,0.0094249100356778,0.0102791138226299,0.01342470108053,0.0154111308358817,0.0200009626707441,0.0181504993679918,0.0237171898165137,0.0093375114199796,0.0033224181957186,0.0012953880754332,0.0006565495372069,0.0003739532140672,0.0002603940519877,0.0001780577991845,9.75591498470948e-05
8568,CO_20190128210709,216,3.08,-75.65,13.1,5.4808,RNAC_332,VIL,242,4.1111,-73.6934,0,1.0,6.1960647683681,5,245.7681494,244.2785239,246.3522046,11.42857142857143,0.0,0,0.4059731171748885,-0.1838,0.5897731171748885,-0.0999893309835159,0.5059624481584044,5.0<= M < 5.5,200<= R < 250,,0.0,1.80357916783708,s5,0.004245972540265,0.0042549075198776,0.0042714788307849,0.0043270639622833,0.00442737872579,0.0047670175423037,0.005162534520897,0.00590866080632,0.0085016432303771,0.0080573441447502,0.0100537689796126,0.0115348471865443,0.0120957423139653,0.0127988753414882,0.004746348424057,0.0018169425382262,0.0006765494169215,0.0003669513557594,0.000212646756371,0.0001530655300713,0.0001069272344546,5.604680835881753e-05
8597,CO_20191224190352,250,3.49,-74.0,10.0,5.9519,RNAC_332,VIL,242,4.1111,-73.6934,0,1.0,6.1960647683681,5,76.95078326,71.04685957,78.49047321,8.0,0.0,0,-0.1348268828251116,0.5689,-0.7037268828251115,0.6123475250898605,-0.747174407914972,5.5<= M < 6.0,50<= R < 100,,0.0,0.4947380329706166,s5,0.0299599358919469,0.030098932895005,0.0302789856574923,0.0331971429867482,0.0384414779816513,0.0477164335066258,0.0578377550458715,0.0674438832110091,0.0914538592150866,0.0893828898165137,0.0991039567380224,0.0928189280326197,0.0739350046279306,0.054577895158002,0.0186174968195718,0.0070864905657492,0.0027563916146788,0.0011958592731906,0.0011105456758409,0.0010550026044852,0.0009477786269113,
8598,CO_20191224191904,251,3.48,-74.12,10.0,5.7499,RNAC_332,VIL,242,4.1111,-73.6934,0,1.0,6.1960647683681,5,85.01028834,80.24797499,86.265013,10.0,0.0,0,-0.3197268828251115,0.4666,-0.7863268828251115,0.4667847875209912,-0.7865116703461027,5.5<= M < 6.0,50<= R < 100,,0.0,0.4555148857358968,s5,0.01705715617737,0.0172153962895005,0.0174595999694189,0.0189447045158002,0.0284282575535168,0.0315865453312945,0.0367386178797145,0.0477144904179408,0.0446625677981651,0.0378798595310907,0.02812977980632,0.0328026243017329,0.0319706277777777,0.0468476321508664,0.0118236408766564,0.0063469368053007,0.002507826432212,0.0010241801590214,0.0008346210846075,0.0006171753190621,0.0005159711294597,0.0002930486258919
8601,CO_20191225021122,254,3.43,-74.16,10.0,4.7,RNAC_332,VIL,242,4.1111,-73.6934,0,1.0,6.1960647683681,5,91.47953542,91.28069945,92.28707667,8.0,0.0,0,0.3731731171748884,0.2955,0.07767311717488846,0.3075230193465084,0.06565009782838,4.5<= M < 5.0,50<= R < 100,,0.0,1.080769315995097,s5,0.0086281822731906,0.0086852457808358,0.0087772598358817,0.0090606611722731,0.0103666817533129,0.0132055234862385,0.0181736242915392,0.0244647532823649,0.0250811403261977,0.0203760186544342,0.0145252709276248,0.0179945153414882,0.0095698872609582,0.0057156177104994,0.0015435477390417,0.0005602181743119,0.000209376640163,0.000120639756371,8.235979306829765e-05,5.919732415902141e-05,3.260203261977574e-05,
8603,CO_20191226034829,256,3.43,-74.17,19.0,4.6,RNAC_332,VIL,242,4.1111,-73.6934,0,1.0,6.1960647683681,5,92.40638117,92.8776159,94.7675382,8.88888888888889,0.0,0,0.05127311717488842,0.287,-0.2357268828251116,0.3195715874731849,-0.2682984702982965,4.5<= M < 5.0,50<= R < 100,,0.0,0.789996406057982,s5,0.0058358710846075,0.0059399965667686,0.0061430035280326,0.006982107767584,0.0089223827298674,0.0097133005494393,0.0149376413149847,0.0208316145871559,0.0158072684097859,0.0140431315494393,0.0175986050152905,0.0169771214475025,0.0097926906554536,0.0054847229102956,0.0011119032721712,0.0005383443190621,0.0002165791763506,0.0001225420010193,7.70352640163099e-05,5.277673190621815e-05,3.373976860346586e-05,
8625,CO_20180719053934,179,3.43,-74.6,47.8,4.8688,RNAC_333,YOT,243,3.9834,-76.3451,1,0.1,1.74629315889836,2,203.9192015,208.0522662,209.9596223,20.0,0.0,0,-0.7442339800031519,0.0868,-0.8310339800031519,0.1316574873149184,-0.8758914673180702,4.5<= M < 5.0,200<= R < 250,,0.0,0.4355986530921127,s2,0.0004202778195718,0.0004286991365953,0.0004437852945973,0.0005463253975535,0.0008891033792048,0.0012800116564729,0.0009491995504587,0.0009776007278287,0.0009999204729867,0.0007916124964322,0.000530392991845,0.0003798592212028,0.0002990328766564,0.0001900605045871,0.0001193732864424,4.865976044852192e-05,2.423458307849133e-05,1.030513863404689e-05,7.189123343527014e-06,4.556831804281345e-06,2.562365953109072e-06,1.398659531090724e-06
8661,CO_20190126123226,215,3.03,-75.72,10.0,5.6148,RNAC_333,YOT,243,3.9834,-76.3451,1,0.1,1.74629315889836,2,126.6658697,122.8708558,127.4672188,16.0,0.0,0,-0.6817339800031519,0.0052,-0.6869339800031519,0.0717015906062698,-0.7534355706094217,5.5<= M < 6.0,100<= R < 150,,0.0,0.5031162712625664,s2,0.0021889724383282,0.0022337306156982,0.0023182932762487,0.0028363970988786,0.005446867559633,0.0094708617380224,0.0051764280183486,0.0037724655351681,0.0036631716258919,0.0033026138695208,0.0025028869510703,0.0021572294872579,0.0016581139408766,0.0019586864750254,0.000754019304791,0.0006858277961264,0.0002639224383282,0.0001104877278287,9.315410499490316e-05,8.203279001019367e-05,6.87087889908257e-05,3.973943221202854e-05
8662,CO_20190128210709,216,3.08,-75.65,13.1,5.4808,RNAC_333,YOT,243,3.9834,-76.3451,1,0.1,1.74629315889836,2,126.7054856,123.5007502,127.8279268,13.33333333333333,0.0,0,-0.8019339800031517,-0.1838,-0.6181339800031518,-0.0999893309835159,-0.7019446490196358,5.0<= M < 5.5,100<= R < 150,,0.0,0.5389491898247478,s2,0.0016769120764525,0.0017106995117227,0.0018125213853211,0.0024182562833843,0.0041738623710499,0.0054134486411824,0.0037721583557594,0.0036101269327217,0.0037303624271151,0.0025849620530071,0.0021885984271151,0.0016143833292558,0.0012468719694189,0.0012736700509683,0.0006800396197757,0.0007012037441386,0.0002318794780835,9.454944036697248e-05,7.094713251783894e-05,5.867434352701325e-05,4.613708562691131e-05,2.776500509683996e-05
8696,CO_20191224190352,250,3.49,-74.0,10.0,5.9519,RNAC_333,YOT,243,3.9834,-76.3451,1,0.1,1.74629315889836,2,264.1504576,261.6297146,264.6001137,13.33333333333333,0.0,0,0.2110660199968481,0.5689,-0.3578339800031519,0.6123475250898605,-0.4012815050930124,5.5<= M < 6.0,250<= R < 300,,0.0,0.6991891447509175,s2,0.0023102729398572,0.0023648227716615,0.0024668633221202,0.0027789128572884,0.0042244079500509,0.0072187065626911,0.0054612387624872,0.0054196842008154,0.0053063780061162,0.0036223856666666,0.0026535727645259,0.002272612316004,0.0025196232130479,0.0021648385973496,0.0018219799113149,0.0009896767054026,0.0004609546075433,0.0002584794729867,0.0001534389245667,0.0001045894454638,7.727072884811417e-05,6.256064322120286e-05
8697,CO_20191224191904,251,3.48,-74.12,10.0,5.7499,RNAC_333,YOT,243,3.9834,-76.3451,1,0.1,1.74629315889836,2,251.9412173,251.3987617,252.3643945,20.0,0.0,0,0.1504660199968482,0.4666,-0.3161339800031518,0.4667847875209912,-0.316318767524143,5.5<= M < 6.0,250<= R < 300,,0.0,0.7289617773234426,s2,0.0017616243445463,0.0017846989439347,0.001833213432212,0.0019949729388379,0.0034523757604485,0.0047897551569826,0.0043876226890927,0.0030100630356778,0.0021253906758409,0.0024232313700305,0.0023331201141692,0.0030253690142711,0.0029624763812436,0.0018708876880733,0.0014709261997961,0.0010189844760448,0.0005933034108053,0.0003158807706422,0.000151525432212,9.675893068297657e-05,8.18101987767584e-05,5.247678491335373e-05
8700,CO_20191225021122,254,3.43,-74.16,10.0,4.7,RNAC_333,YOT,243,3.9834,-76.3451,1,0.1,1.74629315889836,2,250.4265327,249.4589844,250.7201776,20.0,0.0,0,-0.1058339800031519,0.2955,-0.4013339800031519,0.3075230193465084,-0.4133569993496604,4.5<= M < 5.0,200<= R < 250,,0.0,0.6694264486515498,s2,0.0003123606860346,0.0003184919011213,0.0003316990010193,0.0003993618124362,0.0006752987104994,0.000881639991845,0.0009013182731906,0.0006965390764525,0.0005549637716615,0.0003614005637104,0.0003103850784913,0.0003440602803261,0.0002721361702344,0.0001892992701325,0.0001187753669724,7.510135983690112e-05,2.194006014271152e-05,8.920841997961264e-06,5.54677370030581e-06,4.194865443425076e-06,3.28473496432212e-06,1.602284403669725e-06
8702,CO_20191226034829,256,3.43,-74.17,19.0,4.6,RNAC_333,YOT,243,3.9834,-76.3451,1,0.1,1.74629315889836,2,249.4405009,248.9038997,250.3205322,16.0,0.0,0,0.07786601999684811,0.287,-0.2091339800031519,0.3195715874731849,-0.2417055674763368,4.5<= M < 5.0,200<= R < 250,,0.0,0.8112865321893897,s2,0.0003526710662589,0.000359425579001,0.0003685887278287,0.0004352428511722,0.0005918440846075,0.001042002022426,0.0014489169561671,0.000705431775739,0.0005926573261977,0.0003027700020387,0.0002504192446483,0.0002426977584097,0.0001935310448521,0.0001330378583078,5.203223343527013e-05,3.775974923547401e-05,1.352817838939857e-05,5.625793068297656e-06,3.020096839959225e-06,2.034793068297655e-06,1.342344546381244e-06,8.137624872579001e-07
8727,CO_20180719053934,179,3.43,-74.6,47.8,4.8688,RNAC_334,YPLC,252,5.3969,-72.3802,0,0.5,2.82795864194599,4,328.791608,329.4810314,332.5173011,13.33333333333333,0.0,0,0.1735938825848229,0.0868,0.08679388258482293,0.1316574873149184,0.04193639526990456,4.5<= M < 5.0,,,0.0,1.090671850085876,s4,0.000631513266055,0.0006330707533129,0.0006352619296636,0.0006443032691131,0.0006719057645259,0.0006889670071355,0.0008886086819571,0.0013229508878695,0.0014818209347604,0.0018970168205912,0.0021604465086646,0.0023144069745158,0.0013125295270132,0.0008268369480122,0.0002735354780835,0.0001248635086646,5.766830988786952e-05,2.738943119266055e-05,1.329267787971458e-05,9.776791029561671e-06,5.222281345565749e-06,2.857876656472986e-06
8797,CO_20191224190352,250,3.49,-74.0,10.0,5.9519,RNAC_334,YPLC,252,5.3969,-72.3802,0,0.5,2.82795864194599,4,278.251405,271.2356665,278.6584606,8.88888888888889,0.0,0,1.119193882584823,0.5689,0.5502938825848229,0.6123475250898605,0.5068463574949624,5.5<= M < 6.0,250<= R < 300,,0.0,1.73376246559968,s4,0.0089646487166156,0.008992108825688,0.0090441294373088,0.0092047529204892,0.0097376246564729,0.0116587177268093,0.0182187537818552,0.0264042908970438,0.0213564444036697,0.0283488249643221,0.0250291288379204,0.0278870841794087,0.0122812985932721,0.0071119835249745,0.0046658004678899,0.0026015131355759,0.0009581700448521,0.0005386430050968,0.0003086652395514,0.0002560531121304,0.0001954942120285,
8798,CO_20191224191904,251,3.48,-74.12,10.0,5.7499,RNAC_334,YPLC,252,5.3969,-72.3802,0,0.5,2.82795864194599,4,287.975586,282.579673,288.3277211,8.0,0.0,0,0.801693882584823,0.4666,0.3350938825848229,0.4667847875209912,0.3349090950638318,5.5<= M < 6.0,250<= R < 300,,0.0,1.398071633640134,s4,0.0044865345728848,0.0044991381325178,0.0045198965463812,0.0046512964189602,0.0049943938735983,0.0057370578185524,0.0095129950448521,0.0151693052293577,0.0127397075127421,0.0155417119571865,0.0137485390723751,0.0172598149643221,0.0085222926809378,0.0055399440377166,0.0028943583455657,0.0015191574923547,0.0006216193251783,0.0003110015086646,0.0002309794403669,0.0001687650764525,0.0001840719215086,
8801,CO_20191225021122,254,3.43,-74.16,10.0,4.7,RNAC_334,YPLC,252,5.3969,-72.3802,0,0.5,2.82795864194599,4,294.2738854,293.3400587,294.509089,10.0,0.0,0,1.667393882584823,0.2955,1.371893882584823,0.3075230193465084,1.359870863238315,4.5<= M < 5.0,250<= R < 300,,0.0,3.942810849716064,s4,0.0021247673068297,0.0021322112619775,0.002151741108053,0.0021984116585117,0.0023638599867482,0.0026581805565749,0.0038971243404689,0.006605418833843,0.0079740398491335,0.009310126833843,0.0059442104291539,0.0055140069490316,0.0026267849653414,0.0008826312477064,0.0003854401997961,0.0001977885484199,6.607291029561672e-05,3.075633333333334e-05,1.812376962283385e-05,1.348976146788991e-05,9.434807339449542e-06,5.627559633027522e-06
8803,CO_20191226034829,256,3.43,-74.17,19.0,4.6,RNAC_334,YPLC,252,5.3969,-72.3802,0,0.5,2.82795864194599,4,295.2863889,293.9417983,296.0046676,13.33333333333333,0.0,0,1.363293882584823,0.287,1.076293882584823,0.3195715874731849,1.043722295111638,4.5<= M < 5.0,250<= R < 300,,0.0,2.933786420977138,s4,0.0014519419520897,0.0014589127441386,0.001472306648318,0.0015237177645259,0.0016060075993883,0.001929976853211,0.0027691493037716,0.0044099696880733,0.0048961460040774,0.005198678,0.0041712239898063,0.0036614779898063,0.0015200533720693,0.0006149312640163,0.0002960939072375,0.0001109372110091,3.791554230377166e-05,2.409893068297656e-05,1.298903261977574e-05,8.38997247706422e-06,5.585810397553517e-06,3.048316004077472e-06
